case,route,form,original_triangle_0based,original_face_0based,fan_0based,connector_mesh_0based,connector_face_0based,rejected,independent,connector_area_ft2,x,y,z,outward_ft,lateral_ft,height_ft,path_station_ft
1,curved,G1,13661,13661,0,0,0,false,true,0.3344509865341274,13.128291130065918,18.161029815673828,6.666666507720947,0,-0.48624019622802805,0,0.034453966187286585
1,curved,G1,13661,13661,0,0,0,false,true,0.3344509865341274,13.128291130065918,18.161029815673828,6.666666507720947,0,-0.48624019622802805,0,0.034453966187286585
1,curved,G1,13675,13675,0,0,0,false,true,0.3344509865341274,13.128291130065918,18.724790573120117,6.666666507720947,0,0.07752056121826101,0,0
1,curved,G1,13675,13675,0,0,0,false,true,0.3344509865341274,13.128291130065918,18.724790573120117,6.666666507720947,0,0.07752056121826101,0,0
1,curved,G1,13660,13660,0,0,0,false,true,0.3344509865341274,13.128291130065918,17.597270965576172,6.666666507720947,0,-1.0499990463256843,0,0.07440074251249856
1,curved,G1,13660,13660,0,0,0,false,true,0.3344509865341274,13.128291130065918,18.161029815673828,6.666666507720947,0,-0.48624019622802805,0,0.034453966187286585
1,curved,G1,13663,13663,0,0,0,false,true,0.3344509865341274,13.128291130065918,17.597270965576172,6.666666507720947,0,-1.0499990463256843,0,0.07440074251249856
1,curved,G1,13663,13663,0,0,0,false,true,0.3344509865341274,13.128291130065918,18.161029815673828,6.666666507720947,0,-0.48624019622802805,0,0.034453966187286585
1,curved,G1,13662,13662,0,0,0,false,true,0.3344509865341274,13.128291130065918,18.161029815673828,6.666666507720947,0,-0.48624019622802805,0,0.034453966187286585
1,curved,G1,13662,13662,0,0,0,false,true,0.3344509865341274,13.128291130065918,18.161029815673828,6.666666507720947,0,-0.48624019622802805,0,0.034453966187286585
1,curved,G1,13674,13674,0,0,0,false,true,0.3344509865341274,13.128291130065918,18.161029815673828,6.666666507720947,0,-0.48624019622802805,0,0.034453966187286585
1,curved,G1,13674,13674,0,0,0,false,true,0.3344509865341274,13.128291130065918,18.724790573120117,6.666666507720947,0,0.07752056121826101,0,0
1,curved,G1,13677,13677,0,0,0,false,true,0.3344509865341274,13.128291130065918,18.161029815673828,6.666666507720947,0,-0.48624019622802805,0,0.034453966187286585
1,curved,G1,13677,13677,0,0,0,false,true,0.3344509865341274,13.128291130065918,18.724790573120117,6.666666507720947,0,0.07752056121826101,0,0
1,curved,G1,13676,13676,0,0,0,false,true,0.3344509865341274,13.128291130065918,18.724790573120117,6.666666507720947,0,0.07752056121826101,0,0
1,curved,G1,13676,13676,0,0,0,false,true,0.3344509865341274,13.128291130065918,18.724790573120117,6.666666507720947,0,0.07752056121826101,0,0
1,curved,G1,13692,13692,0,0,0,false,true,0.3344509865341274,13.128291130065918,19.288551330566406,6.666666507720947,0,0.6412813186645501,0,0
1,curved,G1,13692,13692,0,0,0,false,true,0.3344509865341274,13.128291130065918,19.288551330566406,6.666666507720947,0,0.6412813186645501,0,0
1,curved,G1,13693,13693,0,0,0,false,true,0.3344509865341274,13.128291130065918,18.724790573120117,6.666666507720947,0,0.07752056121826101,0,0
1,curved,G1,13693,13693,0,0,0,false,true,0.3344509865341274,13.128291130065918,19.288551330566406,6.666666507720947,0,0.6412813186645501,0,0
1,curved,G1,13695,13695,0,0,0,false,true,0.3344509865341274,13.128291130065918,18.724790573120117,6.666666507720947,0,0.07752056121826101,0,0
1,curved,G1,13695,13695,0,0,0,false,true,0.3344509865341274,13.128291130065918,19.288551330566406,6.666666507720947,0,0.6412813186645501,0,0
1,curved,G1,13694,13694,0,0,0,false,true,0.3344509865341274,13.128291130065918,19.288551330566406,6.666666507720947,0,0.6412813186645501,0,0
1,curved,G1,13694,13694,0,0,0,false,true,0.3344509865341274,13.128291130065918,19.288551330566406,6.666666507720947,0,0.6412813186645501,0,0
1,curved,G1,13691,13691,0,0,0,false,true,0.3344509865341274,13.128291130065918,19.288551330566406,6.666666507720947,0,0.6412813186645501,0,0
1,curved,G1,13691,13691,0,0,0,false,true,0.3344509865341274,13.128291130065918,19.288551330566406,6.666666507720947,0,0.6412813186645501,0,0
1,curved,G1,13714,13714,0,0,0,false,true,0.3344509865341274,13.128291130065918,19.288551330566406,6.666666507720947,0,0.6412813186645501,0,0
1,curved,G1,13714,13714,0,0,0,false,true,0.3344509865341274,13.128291130065918,19.288551330566406,6.666666507720947,0,0.6412813186645501,0,0
1,curved,G1,13717,13717,0,0,0,false,true,0.3344509865341274,13.128291130065918,19.288551330566406,6.666666507720947,0,0.6412813186645501,0,0
1,curved,G1,13717,13717,0,0,0,false,true,0.3344509865341274,13.128291130065918,19.697269439697266,6.666666507720947,0,1.0499994277954094,0,0
1,curved,G1,13715,13715,0,0,0,false,true,0.3344509865341274,13.128291130065918,19.288551330566406,6.666666507720947,0,0.6412813186645501,0,0
1,curved,G1,13715,13715,0,0,0,false,true,0.3344509865341274,13.128291130065918,19.697269439697266,6.666666507720947,0,1.0499994277954094,0,0
1,curved,G1,13660,13660,0,0,1,false,true,0.41826356586625113,13.128291130065918,17.597270965576172,6.666666507720947,0,-1.0499990463256843,0,0.07440074251249856
1,curved,G1,13660,13660,0,0,1,false,true,0.41826356586625113,13.128291130065918,17.597270965576172,6.666666507720947,0,-1.0499990463256843,0,0.07440074251249856
1,curved,G1,13663,13663,0,0,1,false,true,0.41826356586625113,13.128291130065918,17.597270965576172,6.666666507720947,0,-1.0499990463256843,0,0.07440074251249856
1,curved,G1,13663,13663,0,0,1,false,true,0.41826356586625113,13.128291130065918,17.597270965576172,6.666666507720947,0,-1.0499990463256843,0,0.07440074251249856
1,curved,G1,13694,13694,0,0,2,true,true,0.3344509865341274,13.30348246431927,19.288551330566406,6.441384747313708,0.17519133425335198,0.6412813186645501,-0.22528176040723924,0.12931111986919644
1,curved,G1,13694,13694,0,0,2,true,true,0.3344509865341274,13.30348246431927,18.75577280845752,6.441384747313708,0.17519133425335198,0.10850279655566553,-0.22528176040723924,0.1670626947666441
1,curved,G1,13717,13717,0,0,2,true,true,0.3344509865341274,13.30348246431927,19.31907800837779,6.441384747313708,0.17519133425335198,0.671807996475934,-0.22528176040723924,0.12714806314685512
1,curved,G1,13717,13717,0,0,2,true,true,0.3344509865341274,13.30348246431927,19.288551330566406,6.441384747313708,0.17519133425335198,0.6412813186645501,-0.22528176040723924,0.12931111986919644
1,curved,G1,13716,13716,0,0,2,true,true,0.3344509865341274,13.30348246431927,19.689315106223386,6.441384747313708,0.17519133425335198,1.04204509432153,-0.22528176040723924,0.10091383457133615
1,curved,G1,13716,13716,0,0,2,true,true,0.3344509865341274,13.30348246431927,19.31907800837779,6.441384747313708,0.17519133425335198,0.671807996475934,-0.22528176040723924,0.12714806314685512
1,curved,G1,13649,13649,0,0,3,true,true,0.41826356586625113,13.305509883097415,17.597270011901855,6.4367975537544115,0.1772187530314966,-1.0500000000000007,-0.22986895396653573,0.2511741094184023
1,curved,G1,13649,13649,0,0,3,true,true,0.41826356586625113,13.294771433678669,17.582020651761276,6.4355143138547435,0.1664803036127509,-1.0652493601405801,-0.23115219386620378,0.24154318981775078
1,curved,G1,13663,13663,0,0,3,true,true,0.41826356586625113,13.305451374081654,17.617118561428416,6.436873445306633,0.17716024401573627,-1.03015145047344,-0.22979306241431452,0.24970932064708595
1,curved,G1,13663,13663,0,0,3,true,true,0.41826356586625113,13.305509883097413,17.597270011901855,6.4367975537544115,0.1772187530314948,-1.0500000000000007,-0.22986895396653573,0.25117410941840057
1,curved,G1,13662,13662,0,0,3,true,true,0.41826356586625113,13.305249628210394,18.161029815673828,6.439112318748578,0.17695849814447584,-0.48624019622802805,-0.2275541889723689,0.21096766480255116
1,curved,G1,13662,13662,0,0,3,true,true,0.41826356586625113,13.305451374081656,17.617118561428416,6.436873445306633,0.17716024401573804,-1.03015145047344,-0.22979306241431452,0.2497093206470877
1,curved,G1,13677,13677,0,0,3,true,true,0.41826356586625113,13.305174224086633,18.18640724357306,6.4392092822988305,0.1768830940207149,-0.4608627683287949,-0.22745722542211677,0.20909425860016795
1,curved,G1,13677,13677,0,0,3,true,true,0.41826356586625113,13.305249628210394,18.161029815673828,6.439112318748578,0.17695849814447584,-0.48624019622802805,-0.2275541889723689,0.21096766480255116
1,curved,G1,13676,13676,0,0,3,true,true,0.41826356586625113,13.303574522045412,18.724790573120117,6.4412663685897105,0.1752833919794945,0.07752056121826101,-0.2254001391312368,0.16934985767674027
1,curved,G1,13676,13676,0,0,3,true,true,0.41826356586625113,13.305174224086633,18.18640724357306,6.4392092822988305,0.1768830940207149,-0.4608627683287949,-0.22745722542211677,0.20909425860016795
1,curved,G1,13695,13695,0,0,3,true,true,0.41826356586625113,13.303483830273912,18.75531309334249,6.4413829908075,0.17519270020799382,0.10804308144063413,-0.22528351691344728,0.16709663174210343
1,curved,G1,13695,13695,0,0,3,true,true,0.41826356586625113,13.303574522045412,18.724790573120117,6.4412663685897105,0.1752833919794945,0.07752056121826101,-0.2254001391312368,0.16934985767674027
1,curved,G1,13694,13694,0,0,3,true,true,0.41826356586625113,13.30348246431927,18.75577280845752,6.441384747313708,0.17519133425335198,0.10850279655566553,-0.22528176040723924,0.1670626947666441
1,curved,G1,13694,13694,0,0,3,true,true,0.41826356586625113,13.303483830273912,18.75531309334249,6.4413829908075,0.17519270020799382,0.10804308144063413,-0.22528351691344728,0.16709663174210343
1,curved,G1,13649,13649,0,0,4,true,true,0.049339496321218666,13.245239503698919,17.586557990171023,6.504287983498306,0.11694837363300081,-1.0607120217308328,-0.16237852422264165,0.19181425602252355
1,curved,G1,13649,13649,0,0,4,true,true,0.049339496321218666,13.128301540867405,17.597270011901855,6.666653003957904,0.000010410801486671062,-1.0500000000000007,-0.000013503763042876926,0.07441119472096486
1,curved,G1,13660,13660,0,0,4,false,true,0.049339496321218666,13.128291130065918,17.597270965576172,6.666666507720947,0,-1.0499990463256843,0,0.07440074251249856
1,curved,G1,13660,13660,0,0,4,false,true,0.049339496321218666,13.128291130065918,17.597270965576172,6.666666507720947,0,-1.0499990463256843,0,0.07440074251249856
1,curved,G1,13663,13663,0,0,4,false,true,0.049339496321218666,13.128301540867405,17.597270011901855,6.6666530039579035,0.000010410801486671062,-1.0500000000000007,-0.000013503763043765105,0.07441119472096486
1,curved,G1,13663,13663,0,0,4,false,true,0.049339496321218666,13.128291130065918,17.597270965576172,6.666666507720947,0,-1.0499990463256843,0,0.07440074251249856
1,curved,G1,13649,13649,0,0,5,true,true,0.049339496321218666,13.294771433678669,17.582020651761276,6.4355143138547435,0.1664803036127509,-1.0652493601405801,-0.23115219386620378,0.24154318981775078
1,curved,G1,13649,13649,0,0,5,true,true,0.049339496321218666,13.245239503698919,17.586557990171023,6.504287983498305,0.11694837363300081,-1.0607120217308328,-0.16237852422264254,0.19181425602252355
1,curved,G1,13717,13717,0,0,6,true,true,0.03946575110174312,13.128291130065918,19.697269439697266,6.666666507720947,0,1.0499994277954094,0,0
1,curved,G1,13717,13717,0,0,6,true,true,0.03946575110174312,13.180000963965028,19.694921622298274,6.600171880798871,0.051709833899110436,1.047651610396418,-0.06649462692207653,0
1,curved,G1,13715,13715,0,0,6,false,true,0.03946575110174312,13.128291130065918,19.697269439697266,6.666666507720947,0,1.0499994277954094,0,0
1,curved,G1,13715,13715,0,0,6,false,true,0.03946575110174312,13.128291130065918,19.697269439697266,6.666666507720947,0,1.0499994277954094,0,0
1,curved,G1,13716,13716,0,0,6,true,true,0.03946575110174312,13.180000963965028,19.694921622298274,6.600171880798871,0.051709833899110436,1.047651610396418,-0.06649462692207653,0
1,curved,G1,13716,13716,0,0,6,true,true,0.03946575110174312,13.240921358854685,19.692155611420066,6.521833224015775,0.11263022878876683,1.04488559951821,-0.14483328370517246,0.03830870924250105
1,curved,G1,13716,13716,0,0,7,true,true,0.03946575110174312,13.240921358854685,19.692155611420066,6.521833224015775,0.11263022878876683,1.04488559951821,-0.14483328370517246,0.03830870924250105
1,curved,G1,13716,13716,0,0,7,true,true,0.03946575110174312,13.30348246431927,19.689315106223386,6.441384747313708,0.17519133425335198,1.04204509432153,-0.22528176040723924,0.10091383457133615
1,curved,G1,15331,15331,0,0,112,true,true,1.2443267267597549,24.29152772226754,15.623902797698975,7.324526116289518,11.16323659220162,-3.0233672142028816,0.6578596085685708,11.504495192786056
1,curved,G1,15331,15331,0,0,112,true,true,1.2443267267597549,24.301729484787113,15.462957795664888,7.327571509494431,11.173438354721196,-3.184312216236968,0.6609050017734841,11.576979615376391
1,curved,G1,15329,15329,0,0,112,true,true,1.2443267267597549,24.236431838241426,15.868040759841103,7.318373208519505,11.108140708175508,-2.7792292520607536,0.6517067007985577,11.358094534379422
1,curved,G1,15329,15329,0,0,112,true,true,1.2443267267597549,24.29152772226754,15.623902797698975,7.324526116289518,11.16323659220162,-3.0233672142028816,0.6578596085685708,11.504495192786056
1,curved,G1,15332,15332,0,0,113,true,true,1.2520374602700437,24.313858239673834,15.1126389503479,7.3338249373692825,11.185567109607916,-3.534631061553956,0.6671584296483353,11.725481844003314
1,curved,G1,15332,15332,0,0,113,true,true,1.2520374602700437,24.316885671504277,15.0983877508732,7.334177494049072,11.18859454143836,-3.5488822610286554,0.667510986328125,11.733850918622005
1,curved,G1,15330,15330,0,0,113,true,true,1.2520374602700437,24.302790140132192,15.446223099062129,7.32788887841329,11.174499010066274,-3.201046912839727,0.661222370692343,11.584516288650487
1,curved,G1,15330,15330,0,0,113,true,true,1.2520374602700437,24.313858239673838,15.1126389503479,7.3338249373692825,11.18556710960792,-3.534631061553956,0.6671584296483353,11.725481844003316
1,curved,G1,15331,15331,0,0,113,true,true,1.2520374602700437,24.301729484787113,15.462957795664888,7.327571509494431,11.173438354721196,-3.184312216236968,0.6609050017734841,11.576979615376391
1,curved,G1,15331,15331,0,0,113,true,true,1.2520374602700437,24.30279014013219,15.446223099062129,7.32788887841329,11.17449901006627,-3.201046912839727,0.661222370692343,11.584516288650486
1,curved,G1,15329,15329,0,0,118,true,true,0.13226157112287304,24.249634689107136,15.862541857947257,7.233567499102885,11.121343559041218,-2.7847281539545996,0.5669009913819378,11.372396260392845
1,curved,G1,15329,15329,0,0,118,true,true,0.13226157112287304,24.236431838241426,15.868040759841103,7.318373208519505,11.108140708175508,-2.7792292520607536,0.6517067007985577,11.358094534379422
1,curved,G1,15329,15329,0,0,119,true,true,0.13226157112287304,24.254760852264507,15.860406844185386,7.200640678405762,11.126469722198589,-2.7868631677164704,0.5339741706848145,11.377949074835914
1,curved,G1,15329,15329,0,0,119,true,true,0.13226157112287304,24.249634689107136,15.862541857947257,7.233567499102885,11.121343559041218,-2.7847281539545996,0.5669009913819378,11.372396260392845
1,curved,G1,14603,14603,0,0,119,true,true,0.13226157112287304,24.36239528656006,15.81557779926086,7.158441541975354,11.23410415649414,-2.8316922126409967,0.49177503425440694,11.494541938344103
1,curved,G1,14603,14603,0,0,119,true,true,0.13226157112287304,24.330394092279334,15.828906089463137,7.181080646402321,11.202102962213417,-2.818363922438719,0.5144141386813734,11.459877280130485
1,curved,G1,14632,14632,0,0,119,true,true,0.13226157112287304,24.583324432373047,15.723562240600586,7.133292264143724,11.455033302307129,-2.9237077713012702,0.4666257564227765,11.733850918622005
1,curved,G1,14632,14632,0,0,119,true,true,0.13226157112287304,24.36239528656006,15.81557779926086,7.158441541975354,11.23410415649414,-2.8316922126409967,0.49177503425440694,11.494541938344103
1,curved,G1,14604,14604,0,0,119,true,true,0.13226157112287304,24.330394092279334,15.828906089463137,7.181080646402321,11.202102962213417,-2.818363922438719,0.5144141386813734,11.459877280130485
1,curved,G1,14604,14604,0,0,119,true,true,0.13226157112287304,24.254760852264507,15.860406844185386,7.200640678405762,11.126469722198589,-2.7868631677164704,0.5339741706848145,11.377949074835914
1,curved,G1,15370,15370,0,0,120,true,true,1.2648749022790315,24.781114092268233,14.639952155234536,7.359469535572933,11.652822962202315,-4.007317856667321,0.6928030278519861,12.340645882966678
1,curved,G1,15370,15370,0,0,120,true,true,1.2648749022790315,24.804723872132854,14.607442590411674,7.360906092475287,11.676432742066936,-4.039827421490182,0.6942395847543397,12.375111334557452
1,curved,G1,15372,15372,0,0,120,true,true,1.2648749022790315,24.36239528656006,14.896249237816235,7.339225796405697,11.23410415649414,-3.751020774085621,0.6725592886847496,11.854965397104124
1,curved,G1,15372,15372,0,0,120,true,true,1.2648749022790315,24.68928728760669,14.72971778503034,7.354481595636123,11.560996157540771,-3.917552226871516,0.6878150879151761,12.220976847982246
1,curved,G1,15333,15333,0,0,120,true,true,1.2648749022790315,24.33599488195872,15.008444221063785,7.33638004525884,11.2077037518928,-3.6388257908380712,0.6697135375378931,11.786690648005083
1,curved,G1,15333,15333,0,0,120,true,true,1.2648749022790315,24.36239528656006,14.896249237816235,7.339225796405697,11.23410415649414,-3.751020774085621,0.6725592886847496,11.854965397104124
1,curved,G1,15332,15332,0,0,120,true,true,1.2648749022790315,24.316885671504277,15.0983877508732,7.334177494049072,11.18859454143836,-3.5488822610286554,0.667510986328125,11.733850918622005
1,curved,G1,15332,15332,0,0,120,true,true,1.2648749022790315,24.33599488195872,15.008444221063785,7.3363800452588395,11.2077037518928,-3.6388257908380712,0.6697135375378922,11.786690648005083
1,curved,G1,15371,15371,0,0,120,true,true,1.2648749022790315,24.68928728760669,14.72971778503034,7.3544815956361225,11.560996157540771,-3.917552226871516,0.6878150879151752,12.220976847982246
1,curved,G1,15371,15371,0,0,120,true,true,1.2648749022790315,24.781114092268233,14.639952155234536,7.3594695355729325,11.652822962202315,-4.007317856667321,0.6928030278519852,12.340645882966678
1,curved,G1,15335,15335,0,0,121,true,true,1.2761016398228138,24.329817132091424,13.541813973394888,7.360086860741271,11.201526002025506,-5.1054560385069685,0.6934203530203238,12.356026263532797
1,curved,G1,15335,15335,0,0,121,true,true,1.2761016398228138,24.297070617442905,13.265575661480383,7.363336212044769,11.168779487376987,-5.381694350421473,0.6966697043238215,12.43420575329341
1,curved,G1,15336,15336,0,0,121,true,true,1.2761016398228138,24.34759443279948,13.578847408294678,7.36016410038387,11.219303302733561,-5.0684226036071784,0.693497592662923,12.357860623033453
1,curved,G1,15336,15336,0,0,121,true,true,1.2761016398228138,24.329817132091424,13.541813973394888,7.360086860741271,11.201526002025506,-5.1054560385069685,0.6934203530203238,12.356026263532797
1,curved,G1,15334,15334,0,0,121,true,true,1.2761016398228138,24.36239528656006,13.592401350688506,7.360510128930137,11.23410415649414,-5.05486866121335,0.6938436212091901,12.366162398178455
1,curved,G1,15334,15334,0,0,121,true,true,1.2761016398228138,24.34759443279948,13.578847408294678,7.36016410038387,11.219303302733561,-5.0684226036071784,0.693497592662923,12.357860623033453
1,curved,G1,15374,15374,0,0,121,true,true,1.2761016398228138,24.779732978417616,13.626205057358877,7.37594704258178,11.651441848351698,-5.021064954542979,0.7092805348608326,12.736833118299542
1,curved,G1,15374,15374,0,0,121,true,true,1.2761016398228138,24.36239528656006,13.592401350688506,7.360510128930137,11.23410415649414,-5.05486866121335,0.6938436212091901,12.366162398178455
1,curved,G1,15370,15370,0,0,121,true,true,1.2761016398228138,24.804723872132854,14.607442590411674,7.360906092475287,11.676432742066936,-4.039827421490182,0.6942395847543397,12.375111334557452
1,curved,G1,15370,15370,0,0,121,true,true,1.2761016398228138,24.80913071545145,14.601375102996826,7.3611738429003335,11.680839585385531,-4.04589490890503,0.6945073351793862,12.381544216976614
1,curved,G1,15375,15375,0,0,121,true,true,1.2761016398228138,24.874013849614123,13.68021472919457,7.378678321838379,11.745722719548205,-4.967055282707285,0.7120118141174316,12.802094954727039
1,curved,G1,15375,15375,0,0,121,true,true,1.2761016398228138,24.779732978417616,13.626205057358877,7.375947042581779,11.651441848351698,-5.021064954542979,0.7092805348608318,12.736833118299542
1,curved,G1,15373,15373,0,0,121,true,true,1.2761016398228138,24.80913071545145,14.601375102996826,7.3611738429003335,11.680839585385531,-4.04589490890503,0.6945073351793862,12.381544216976614
1,curved,G1,15373,15373,0,0,121,true,true,1.2761016398228138,24.926156044006348,14.439068288558714,7.368303332314174,11.79786491394043,-4.208201723343143,0.7016368245932263,12.552835362901318
1,curved,G1,15416,15416,0,0,121,true,true,1.2761016398228138,24.926156044006348,14.439068288558712,7.368303332314174,11.79786491394043,-4.208201723343144,0.7016368245932263,12.55283536290132
1,curved,G1,15416,15416,0,0,121,true,true,1.2761016398228138,25.1520638546805,14.422997375464192,7.377219803950957,12.023772724614581,-4.224272636437664,0.7105532962300094,12.766957037302795
1,curved,G1,15417,15417,0,0,121,true,true,1.2761016398228138,25.1520638546805,14.422997375464192,7.377219803950957,12.023772724614581,-4.224272636437664,0.7105532962300094,12.766957037302795
1,curved,G1,15417,15417,0,0,121,true,true,1.2761016398228138,25.18909243123636,14.420546090710243,7.378678321838379,12.060801301170443,-4.226723921191613,0.7120118141174316,12.801982037387573
1,curved,G1,14637,14637,0,0,122,true,true,1.2648749022790315,24.926156044006348,15.066179919850992,7.108065790339407,11.79786491394043,-3.5810900920508644,0.44139928261845984,12.306964975396491
1,curved,G1,14637,14637,0,0,122,true,true,1.2648749022790315,24.860573156689387,15.1126389503479,7.1047918523245865,11.73228202662347,-3.534631061553956,0.4381253446036393,12.22841780200154
1,curved,G1,14634,14634,0,0,122,true,true,1.2648749022790315,24.860573156689387,15.1126389503479,7.1047918523245865,11.73228202662347,-3.534631061553956,0.4381253446036393,12.22841780200154
1,curved,G1,14634,14634,0,0,122,true,true,1.2648749022790315,24.86640520969955,15.16682583907089,7.104129975188963,11.738114079633633,-3.480444172830966,0.43746346746801557,12.21253797522959
1,curved,G1,14635,14635,0,0,122,true,true,1.2648749022790315,24.866405209699547,15.16682583907089,7.104129975188963,11.738114079633629,-3.480444172830966,0.43746346746801557,12.212537975229589
1,curved,G1,14635,14635,0,0,122,true,true,1.2648749022790315,24.889952913753625,15.595983552468873,7.098019753529962,11.761661783687707,-3.0512864594329834,0.4313532458090146,12.065941366044122
1,curved,G1,14662,14662,0,0,122,true,true,1.2648749022790315,25.002416032006877,15.052553789074276,7.1112125896592255,11.87412490194096,-3.5947162228275804,0.44454608193827827,12.382461672234733
1,curved,G1,14662,14662,0,0,122,true,true,1.2648749022790315,24.926156044006348,15.066179919850992,7.108065790339407,11.79786491394043,-3.5810900920508644,0.44139928261845984,12.306964975396491
1,curved,G1,14663,14663,0,0,122,true,true,1.2648749022790315,25.240449871071323,15.009881678712862,7.121037132077235,12.112158741005405,-3.6373883331889942,0.4543706243562875,12.618167997263104
1,curved,G1,14663,14663,0,0,122,true,true,1.2648749022790315,25.002416032006877,15.052553789074276,7.1112125896592255,11.87412490194096,-3.5947162228275804,0.44454608193827827,12.382461672234733
1,curved,G1,14663,14663,0,0,123,true,true,1.2761016398228138,25.425783404103317,14.976692272716198,7.128678321838379,12.297492274037399,-3.670577739185658,0.46201181411743164,12.801675535721975
1,curved,G1,14663,14663,0,0,123,true,true,1.2761016398228138,25.240449871071323,15.009881678712862,7.121037132077235,12.112158741005405,-3.6373883331889942,0.4543706243562875,12.618167997263104
1,curved,G1,15335,15335,0,0,124,true,true,0.13361016238602913,24.297070617442905,13.265575661480382,7.363336212044769,11.168779487376987,-5.3816943504214745,0.6966697043238215,12.43420575329341
1,curved,G1,15335,15335,0,0,124,true,true,0.13361016238602913,24.36239528656006,13.237069598628983,7.3253901097472065,11.23410415649414,-5.410200413272873,0.6587236020262592,12.505476598732528
1,curved,G1,15376,15376,0,0,124,true,true,0.13361016238602913,24.36239528656006,13.237069598628983,7.325390109747207,11.23410415649414,-5.410200413272873,0.6587236020262601,12.505476598732528
1,curved,G1,15376,15376,0,0,124,true,true,0.13361016238602913,24.44246150458,13.202130690036013,7.320852576931082,11.314170374514081,-5.4451393218658435,0.6541860692101347,12.59283084218319
1,curved,G1,15376,15376,0,0,125,true,true,0.13361016238602913,24.44246150458,13.202130690036013,7.320852576931081,11.314170374514081,-5.4451393218658435,0.6541860692101338,12.59283084218319
1,curved,G1,15376,15376,0,0,125,true,true,0.13361016238602913,24.63482093811035,13.118189811706543,7.309951134803292,11.506529808044434,-5.529080200195313,0.6432846270823447,12.802094954727039
1,curved,G1,14632,14632,0,0,126,true,true,0.1334607774141948,24.702362746527683,15.674034056235971,7.11974060067123,11.574071616461765,-2.973235955665885,0.453074092950283,11.86276926822069
1,curved,G1,14632,14632,0,0,126,true,true,0.1334607774141948,24.583324432373047,15.723562240600586,7.133292264143724,11.455033302307129,-2.9237077713012702,0.4666257564227765,11.733850918622005
1,curved,G1,14635,14635,0,0,127,true,true,0.1334607774141948,24.889952913753625,15.595983552468873,7.098019753529961,11.761661783687707,-3.0512864594329834,0.4313532458090137,12.065941366044122
1,curved,G1,14635,14635,0,0,127,true,true,0.1334607774141948,24.822850516859877,15.623902797698975,7.106023926945729,11.694559386793959,-3.0233672142028816,0.43935741922478133,11.993265196778475
1,curved,G1,14632,14632,0,0,127,true,true,0.1334607774141948,24.822850516859877,15.623902797698975,7.106023926945729,11.694559386793959,-3.0233672142028816,0.43935741922478133,11.993265196778475
1,curved,G1,14632,14632,0,0,127,true,true,0.1334607774141948,24.702362746527683,15.674034056235971,7.11974060067123,11.574071616461765,-2.973235955665885,0.453074092950283,11.86276926822069
1,curved,G1,15375,15375,0,0,128,true,true,1.2796351734207352,24.926156044006348,13.710077391459023,7.380184803662752,11.79786491394043,-4.937192620442833,0.7135182959418049,12.83810898794747
1,curved,G1,15375,15375,0,0,128,true,true,1.2796351734207352,24.874013849614123,13.68021472919457,7.378678321838379,11.745722719548205,-4.967055282707285,0.7120118141174316,12.802094954727039
1,curved,G1,15418,15418,0,0,128,true,true,1.2796351734207352,25.297403011517954,13.732732238664559,7.393999452870591,12.169111881452036,-4.9145377732372975,0.7273329451496435,13.170918440979325
1,curved,G1,15418,15418,0,0,128,true,true,1.2796351734207352,24.926156044006348,13.710077391459023,7.380184803662753,11.79786491394043,-4.937192620442833,0.7135182959418058,12.83810898794747
1,curved,G1,15417,15417,0,0,128,true,true,1.2796351734207352,25.18909243123636,14.420546090710243,7.378678321838379,12.060801301170443,-4.226723921191613,0.7120118141174316,12.801982037387573
1,curved,G1,15417,15417,0,0,128,true,true,1.2796351734207352,25.48991584777832,14.400678132667753,7.390493917423447,12.361624717712402,-4.246591879234103,0.7238274097024995,13.086835755853633
1,curved,G1,15450,15450,0,0,128,true,true,1.2796351734207352,25.48991584777832,14.400678132667753,7.390493917423447,12.361624717712402,-4.246591879234103,0.7238274097024995,13.086835755853633
1,curved,G1,15450,15450,0,0,128,true,true,1.2796351734207352,25.76286930495298,14.384320574190468,7.4011877020765775,12.63457817488706,-4.262949437711388,0.7345211943556302,13.344441711135792
1,curved,G1,15451,15451,0,0,128,true,true,1.2796351734207352,25.76286930495298,14.384320574190468,7.401187702076578,12.63457817488706,-4.262949437711388,0.7345211943556311,13.344441711135792
1,curved,G1,15451,15451,0,0,128,true,true,1.2796351734207352,25.986474543330715,14.371843540499292,7.40993310947433,12.858183413264797,-4.2754264714025645,0.7432666017533824,13.555113085027475
1,curved,G1,15418,15418,0,0,129,true,true,1.2944621768581002,25.306678783255308,13.733296652750795,7.394343735156725,12.17838765318939,-4.913973359151061,0.7276772274357777,13.179234470747252
1,curved,G1,15418,15418,0,0,129,true,true,1.2944621768581002,25.297403011517954,13.732732238664557,7.393999452870591,12.169111881452036,-4.914537773237299,0.7273329451496435,13.170918440979325
1,curved,G1,15419,15419,0,0,129,true,true,1.2944621768581002,25.48991584777832,13.746391016475425,7.401113416765014,12.361624717712402,-4.900878995426432,0.7344469090440668,13.342751782362463
1,curved,G1,15419,15419,0,0,129,true,true,1.2944621768581002,25.306678783255308,13.733296652750795,7.394343735156725,12.17838765318939,-4.913973359151061,0.7276772274357777,13.179234470747252
1,curved,G1,15452,15452,0,0,129,true,true,1.2944621768581002,25.829982705682962,13.767965107231367,7.413721203948014,12.701691575617044,-4.879304904670489,0.7470546962270666,13.647287894853893
1,curved,G1,15452,15452,0,0,129,true,true,1.2944621768581002,25.48991584777832,13.746391016475425,7.401113416765014,12.361624717712402,-4.900878995426432,0.7344469090440668,13.342751782362463
1,curved,G1,15453,15453,0,0,129,true,true,1.2944621768581002,26.05367660522461,13.784131962677646,7.42198263196353,12.925385475158691,-4.86313804922421,0.755316124242583,13.846837176071665
1,curved,G1,15453,15453,0,0,129,true,true,1.2944621768581002,25.829982705682962,13.767965107231367,7.413721203948014,12.701691575617044,-4.879304904670489,0.7470546962270666,13.647287894853893
1,curved,G1,15488,15488,0,0,129,true,true,1.2944621768581002,26.10711705346467,13.836125972174266,7.4231791496276855,12.978825923398752,-4.811144039727591,0.7565126419067383,13.875683360199169
1,curved,G1,15488,15488,0,0,129,true,true,1.2944621768581002,26.05367660522461,13.784131962677646,7.42198263196353,12.925385475158691,-4.86313804922421,0.755316124242583,13.846837176071665
1,curved,G1,15451,15451,0,0,129,true,true,1.2944621768581002,25.986474543330715,14.37184354049929,7.40993310947433,12.858183413264797,-4.275426471402566,0.7432666017533824,13.555113085027477
1,curved,G1,15451,15451,0,0,129,true,true,1.2944621768581002,26.05367660522461,14.368104368791455,7.412553796972074,12.925385475158691,-4.279165643110401,0.7458872892511268,13.618423847939562
1,curved,G1,15484,15484,0,0,129,true,true,1.2944621768581002,26.05367660522461,14.368104368791457,7.412553796972074,12.925385475158691,-4.2791656431103995,0.7458872892511268,13.61842384793956
1,curved,G1,15484,15484,0,0,129,true,true,1.2944621768581002,26.07377658300657,14.333232516301694,7.413882622968364,12.945485452940652,-4.314037495600163,0.7472161152474168,13.650562186917664
1,curved,G1,15485,15485,0,0,129,true,true,1.2944621768581002,26.07377658300657,14.333232516301694,7.413882622968364,12.945485452940652,-4.314037495600163,0.7472161152474168,13.650562186917664
1,curved,G1,15485,15485,0,0,129,true,true,1.2944621768581002,26.25471723418548,14.18440869883094,7.4231791496276855,13.126426104119563,-4.462861313070917,0.7565126419067383,13.875298257970503
1,curved,G1,14663,14663,0,0,130,true,true,1.2796351734207352,25.48991584777832,14.965241131528291,7.131314602580339,12.361624717712402,-3.682028880373565,0.46464809485939185,12.866014168806169
1,curved,G1,14663,14663,0,0,130,true,true,1.2796351734207352,25.425783404103317,14.976692272716198,7.128678321838379,12.297492274037399,-3.670577739185658,0.46201181411743164,12.801675535721975
1,curved,G1,14686,14686,0,0,130,true,true,1.2796351734207352,25.730750146460398,14.92262830466819,7.141208205766278,12.60245901639448,-3.7246417072336655,0.4745416980453303,13.104329234399607
1,curved,G1,14686,14686,0,0,130,true,true,1.2796351734207352,25.48991584777832,14.965241131528291,7.13131460258034,12.361624717712402,-3.682028880373565,0.46464809485939274,12.866014168806169
1,curved,G1,14687,14687,0,0,130,true,true,1.2796351734207352,26.05367660522461,14.865563101405336,7.154473014363981,12.925385475158691,-3.7817069104965206,0.48780650664303415,13.423849235277862
1,curved,G1,14687,14687,0,0,130,true,true,1.2796351734207352,25.730750146460398,14.922628304668192,7.141208205766278,12.60245901639448,-3.7246417072336637,0.4745416980453303,13.104329234399605
1,curved,G1,14710,14710,0,0,130,true,true,1.2796351734207352,26.444121123446646,14.796309054012314,7.170515441085475,13.315829993380728,-3.8509609578895425,0.5038489333645275,13.81027580301837
1,curved,G1,14710,14710,0,0,130,true,true,1.2796351734207352,26.05367660522461,14.865563101405336,7.154473014363981,12.925385475158691,-3.7817069104965206,0.48780650664303415,13.423849235277862
1,curved,G1,14710,14710,0,0,131,true,true,1.2944621768581002,26.456718151759336,14.79408193338468,7.171031331302431,13.328427021693418,-3.853188078517176,0.5043648235814837,13.82274036581986
1,curved,G1,14710,14710,0,0,131,true,true,1.2944621768581002,26.444121123446646,14.796309054012314,7.170515441085475,13.315829993380728,-3.8509609578895425,0.5038489333645275,13.81027580301837
1,curved,G1,14711,14711,0,0,131,true,true,1.2944621768581002,26.509175825628823,14.784838397604405,7.1731791496276855,13.380884695562905,-3.862431614297451,0.5065126419067383,13.87463435247804
1,curved,G1,14711,14711,0,0,131,true,true,1.2944621768581002,26.456718151759336,14.79408193338468,7.171031331302431,13.328427021693418,-3.853188078517176,0.5043648235814837,13.82274036581986
1,curved,G1,15379,15379,0,0,132,true,true,0.13443789975602585,24.75096338564716,13.067583560943604,7.3033731758007345,11.622672255581243,-5.579686450958253,0.6367066680797873,12.92817674499285
1,curved,G1,15379,15379,0,0,132,true,true,0.13443789975602585,24.926156044006348,12.991247614967081,7.296539334440327,11.79786491394043,-5.656022396934775,0.6298728267193798,13.119270049480543
1,curved,G1,15376,15376,0,0,132,true,true,0.13443789975602585,24.63482093811035,13.118189811706543,7.309951134803292,11.506529808044434,-5.529080200195313,0.6432846270823447,12.802094954727039
1,curved,G1,15376,15376,0,0,132,true,true,0.13443789975602585,24.75096338564716,13.067583560943604,7.3033731758007345,11.622672255581243,-5.579686450958253,0.6367066680797873,12.92817674499285
1,curved,G1,15422,15422,0,0,132,true,true,0.13443789975602585,24.926156044006348,12.991247614967081,7.296539334440327,11.79786491394043,-5.656022396934775,0.6298728267193798,13.119270049480543
1,curved,G1,15422,15422,0,0,132,true,true,0.13443789975602585,25.088173924777323,12.920652258348845,7.299190275823825,11.959882794711405,-5.726617753553011,0.6325237681028781,13.295992821499572
1,curved,G1,15423,15423,0,0,132,true,true,0.13443789975602585,25.088173924777323,12.920652258348845,7.299190275823825,11.959882794711405,-5.726617753553011,0.6325237681028781,13.295992821499572
1,curved,G1,15423,15423,0,0,132,true,true,0.13443789975602585,25.208929718510753,12.86803585402505,7.300159464553891,12.080638588444835,-5.779234157876806,0.6334929568329439,13.427708521670322
1,curved,G1,15423,15423,0,0,133,true,true,0.13443789975602585,25.208929718510753,12.86803585402505,7.300159464553891,12.080638588444835,-5.779234157876806,0.6334929568329439,13.427708521670322
1,curved,G1,15423,15423,0,0,133,true,true,0.13443789975602585,25.48991584777832,12.745602972505868,7.302414665578797,12.361624717712402,-5.9016670393959885,0.6357481578578499,13.734197209380387
1,curved,G1,15456,15456,0,0,133,true,true,0.13443789975602585,25.48991584777832,12.745602972505868,7.302414665578797,12.361624717712402,-5.9016670393959885,0.6357481578578499,13.734197209380387
1,curved,G1,15456,15456,0,0,133,true,true,0.13443789975602585,25.620792388916016,12.688576698303223,7.30548652578521,12.492501258850098,-5.9586933135986335,0.6388200180642629,13.875728275604498
1,curved,G1,15488,15488,0,0,136,true,true,1.288503830802917,26.352093430671072,14.074518182439231,7.428688760619414,13.223802300605154,-4.572751829462625,0.7620222528984666,14.008629693904577
1,curved,G1,15488,15488,0,0,136,true,true,1.288503830802917,26.107117053464673,13.836125972174266,7.4231791496276855,12.978825923398755,-4.811144039727591,0.7565126419067383,13.875683360199172
1,curved,G1,15534,15534,0,0,136,true,true,1.288503830802917,26.93780668407128,13.922817333893017,7.453567784567409,13.809515554005362,-4.72445267800884,0.7869012768464616,14.6071973907528
1,curved,G1,15534,15534,0,0,136,true,true,1.288503830802917,26.758072907135595,14.09011125564575,7.443974787609763,13.629781777069677,-4.557158756256106,0.7773082798888158,14.376518559065927
1,curved,G1,15487,15487,0,0,136,true,true,1.288503830802917,26.369313460480743,14.090111255645754,7.429094928853532,13.241022330414825,-4.5571587562561024,0.7624284211325847,14.018421734741402
1,curved,G1,15487,15487,0,0,136,true,true,1.288503830802917,26.352093430671072,14.074518182439231,7.428688760619414,13.223802300605154,-4.572751829462625,0.7620222528984666,14.008629693904577
1,curved,G1,15485,15485,0,0,136,true,true,1.288503830802917,26.25471723418548,14.184408698830937,7.4231791496276855,13.126426104119563,-4.462861313070919,0.7565126419067383,13.875298257970503
1,curved,G1,15485,15485,0,0,136,true,true,1.288503830802917,26.369313460480743,14.09011125564575,7.429094928853531,13.241022330414825,-4.557158756256106,0.7624284211325838,14.018421734741404
1,curved,G1,15531,15531,0,0,136,true,true,1.288503830802917,26.90833920669727,14.36328887848321,7.445295100307417,13.780048076631353,-4.283981133418646,0.77862859258647,14.408595189088018
1,curved,G1,15531,15531,0,0,136,true,true,1.288503830802917,26.965598152809132,14.601375102996826,7.443624746054451,13.837307022743214,-4.04589490890503,0.7769582383335036,14.368659988407448
1,curved,G1,15529,15529,0,0,136,true,true,1.288503830802917,26.97864567185142,14.606413356005978,7.444042418302238,13.850354541785503,-4.040856655895878,0.7773759105812905,14.378717209194331
1,curved,G1,15529,15529,0,0,136,true,true,1.288503830802917,26.99246320680868,14.62859338281283,7.444211509460835,13.864172076742761,-4.0186766290890255,0.7775450017398882,14.382811068241317
1,curved,G1,15532,15532,0,0,136,true,true,1.288503830802917,26.758072907135595,14.090111255645752,7.443974787609763,13.629781777069677,-4.557158756256104,0.7773082798888158,14.376518559065927
1,curved,G1,15532,15532,0,0,136,true,true,1.288503830802917,26.90833920669727,14.36328887848321,7.445295100307416,13.780048076631353,-4.283981133418646,0.7786285925864691,14.408595189088018
1,curved,G1,15528,15528,0,0,136,true,true,1.288503830802917,26.965598152809136,14.601375102996828,7.44362474605445,13.837307022743218,-4.045894908905028,0.7769582383335027,14.36865998840745
1,curved,G1,15528,15528,0,0,136,true,true,1.288503830802917,26.97864567185142,14.60641335600598,7.444042418302238,13.850354541785503,-4.040856655895876,0.7773759105812905,14.37871720919433
1,curved,G1,15530,15530,0,0,136,true,true,1.288503830802917,26.99246320680868,14.62859338281283,7.444211509460835,13.864172076742761,-4.0186766290890255,0.7775450017398882,14.382811068241317
1,curved,G1,15530,15530,0,0,136,true,true,1.288503830802917,27.171487003711032,14.651405233758986,7.450693660233436,14.043195873645114,-3.99586477814287,0.7840271525124889,14.538834931134668
1,curved,G1,15534,15534,0,0,137,true,true,1.3070960868255759,27.03158675906898,13.835495071283397,7.4585402676759545,13.903295629003061,-4.811774940618459,0.7918737599550072,14.727572004335281
1,curved,G1,15534,15534,0,0,137,true,true,1.3070960868255759,26.93780668407128,13.922817333893017,7.453567784567409,13.809515554005362,-4.72445267800884,0.7869012768464616,14.6071973907528
1,curved,G1,15533,15533,0,0,137,true,true,1.3070960868255759,27.181198120117188,13.693461723691012,7.466516755127941,14.05290699005127,-4.953808288210844,0.7998502474069937,14.920671279226868
1,curved,G1,15533,15533,0,0,137,true,true,1.3070960868255759,27.03158675906898,13.835495071283397,7.4585402676759545,13.903295629003061,-4.811774940618459,0.7918737599550072,14.727572004335281
1,curved,G1,15594,15594,0,0,137,true,true,1.3070960868255759,27.20406315452955,13.675237060457361,7.467679977416992,14.075772024463632,-4.972032951444495,0.8010134696960449,14.949824454271344
1,curved,G1,15594,15594,0,0,137,true,true,1.3070960868255759,27.181198120117188,13.693461723691012,7.466516755127941,14.05290699005127,-4.953808288210844,0.7998502474069937,14.920671279226868
1,curved,G1,14736,14736,0,0,138,true,true,1.288503830802917,26.91134954104352,14.758383437120898,7.189001563812417,13.783058410977603,-3.8888865747809582,0.5223350560914701,14.257572721180127
1,curved,G1,14736,14736,0,0,138,true,true,1.288503830802917,26.6174373626709,14.765667108632158,7.177633859310575,13.48914623260498,-3.881602903269698,0.5109673515896276,13.984007019082188
1,curved,G1,14711,14711,0,0,138,true,true,1.288503830802917,26.6174373626709,14.76566710863216,7.177633859310575,13.48914623260498,-3.8816029032696964,0.5109673515896276,13.984007019082187
1,curved,G1,14711,14711,0,0,138,true,true,1.288503830802917,26.509175825628823,14.784838397604407,7.1731791496276855,13.380884695562905,-3.8624316142974493,0.5065126419067383,13.874634352478038
1,curved,G1,15459,15459,0,0,140,true,true,0.13459275689936384,25.925551036929125,12.556319236755371,7.312637586732974,12.797259906863207,-6.090950775146485,0.6459710790120266,14.206707404019813
1,curved,G1,15459,15459,0,0,140,true,true,0.13459275689936384,26.05367660522461,12.500716015870209,7.316531164630849,12.925385475158691,-6.146553996031647,0.6498646569099016,14.346371555694267
1,curved,G1,15494,15494,0,0,140,true,true,0.13459275689936384,26.05367660522461,12.500716015870209,7.316531164630848,12.925385475158691,-6.146553996031647,0.6498646569099007,14.346371555694267
1,curved,G1,15494,15494,0,0,140,true,true,0.13459275689936384,26.103679631479825,12.47901598089059,7.3171550497462325,12.975388501413907,-6.168254031011266,0.6504885420252853,14.40087769631863
1,curved,G1,15456,15456,0,0,140,true,true,0.13459275689936384,25.620792388916016,12.688576698303223,7.30548652578521,12.492501258850098,-5.9586933135986335,0.6388200180642629,13.875728275604498
1,curved,G1,15456,15456,0,0,140,true,true,0.13459275689936384,25.925551036929125,12.556319236755371,7.312637586732974,12.797259906863207,-6.090950775146485,0.6459710790120266,14.206707404019813
1,curved,G1,15494,15494,0,0,141,true,true,0.13459275689936384,26.103679631479828,12.47901598089059,7.317155049746232,12.97538850141391,-6.168254031011266,0.6504885420252844,14.400877696318632
1,curved,G1,15494,15494,0,0,141,true,true,0.13459275689936384,26.171254240715037,12.449690328146021,7.317998174573608,13.042963110649119,-6.197579683755835,0.651331666852661,14.47453786110169
1,curved,G1,15495,15495,0,0,141,true,true,0.13459275689936384,26.171254240715037,12.449690328146021,7.317998174573608,13.042963110649119,-6.197579683755835,0.651331666852661,14.47453786110169
1,curved,G1,15495,15495,0,0,141,true,true,0.13459275689936384,26.608531951904297,12.259922981262207,7.328540349890218,13.480240821838379,-6.387347030639649,0.6618738421692711,14.949324163811013
1,curved,G1,15530,15530,0,0,142,true,true,0.1338188901952735,27.171487003711032,14.651405233758986,7.450693660233436,14.043195873645114,-3.99586477814287,0.7840271525124889,14.538834931134668
1,curved,G1,15530,15530,0,0,142,true,true,0.1338188901952735,27.090286805700647,14.684797776327471,7.331114024976376,13.961995675634729,-3.962472235574385,0.6644475172554287,14.451040782199119
1,curved,G1,14736,14736,0,0,143,true,true,0.1338188901952735,27.001689265209436,14.721232381350694,7.200640678405762,13.873398135143518,-3.9260376305511624,0.5339741706848145,14.355248581492738
1,curved,G1,14736,14736,0,0,143,true,true,0.1338188901952735,26.91134954104352,14.7583834371209,7.189001563812418,13.783058410977603,-3.8888865747809565,0.522335056091471,14.257572721180125
1,curved,G1,15530,15530,0,0,143,true,true,0.1338188901952735,27.090286805700647,14.684797776327471,7.331114024976375,13.961995675634729,-3.962472235574385,0.6644475172554278,14.451040782199119
1,curved,G1,15530,15530,0,0,143,true,true,0.1338188901952735,27.001689265209436,14.721232381350694,7.200640678405762,13.873398135143518,-3.9260376305511624,0.5339741706848145,14.355248581492738
1,curved,G1,15597,15597,0,0,144,true,true,1.2913400584251682,27.33574625782181,12.952778463306945,7.484480441003024,14.207455127755892,-5.694491548594911,0.8178139332820766,15.350445765546553
1,curved,G1,15597,15597,0,0,144,true,true,1.2913400584251682,27.333881513799266,13.067583560943604,7.4825457185617426,14.205590383733348,-5.579686450958253,0.8158792108407953,15.304363820848126
1,curved,G1,15595,15595,0,0,144,true,true,1.2913400584251682,27.328246019215594,13.366813895575437,7.477473126149514,14.199954889149677,-5.28045611632642,0.8108066184285665,15.183539929395193
1,curved,G1,15595,15595,0,0,144,true,true,1.2913400584251682,27.32508647017027,13.578847408294678,7.473910856394595,14.196795340104352,-5.0684226036071784,0.807244348673648,15.098693546957172
1,curved,G1,15594,15594,0,0,144,true,true,1.2913400584251682,27.325086470170266,13.57884740829468,7.473910856394594,14.196795340104348,-5.068422603607177,0.8072443486736471,15.098693546957168
1,curved,G1,15594,15594,0,0,144,true,true,1.2913400584251682,27.20406315452955,13.675237060457363,7.467679977416992,14.075772024463632,-4.972032951444493,0.8010134696960449,14.949824454271344
1,curved,G1,15596,15596,0,0,144,true,true,1.2913400584251682,27.333881513799266,13.067583560943604,7.4825457185617426,14.205590383733348,-5.579686450958253,0.8158792108407953,15.304363820848126
1,curved,G1,15596,15596,0,0,144,true,true,1.2913400584251682,27.328246019215594,13.366813895575437,7.477473126149514,14.199954889149677,-5.28045611632642,0.8108066184285665,15.183539929395193
1,curved,G1,15599,15599,0,0,145,true,true,1.313939230026866,27.345237847705825,12.379869230675228,7.493983012147494,14.216946717639907,-6.267400781226629,0.8273165044265465,15.580578985461399
1,curved,G1,15599,15599,0,0,145,true,true,1.313939230026866,27.3430228843333,12.556319236755371,7.491083450596644,14.214731754267383,-6.090950775146485,0.8244169428756969,15.510353705432411
1,curved,G1,15601,15601,0,0,145,true,true,1.313939230026866,27.353630170209552,11.93872119990089,7.501341628620988,14.225339040143634,-6.708548812000966,0.8346751209000409,15.758784241561457
1,curved,G1,15601,15601,0,0,145,true,true,1.313939230026866,27.351655731571178,12.045055389404297,7.499569765358902,14.22336460150526,-6.602214622497559,0.8329032576379545,15.715874381314396
1,curved,G1,15598,15598,0,0,145,true,true,1.313939230026866,27.3430228843333,12.556319236755371,7.491083450596644,14.214731754267383,-6.090950775146485,0.8244169428756969,15.510353705432411
1,curved,G1,15598,15598,0,0,145,true,true,1.313939230026866,27.33699993195525,12.873949305606923,7.485785938740682,14.208708801889333,-5.773320706294934,0.8191194310197352,15.382062577389759
1,curved,G1,15600,15600,0,0,145,true,true,1.313939230026866,27.351655731571174,12.045055389404297,7.499569765358903,14.223364601505256,-6.602214622497559,0.8329032576379554,15.715874381314393
1,curved,G1,15600,15600,0,0,145,true,true,1.313939230026866,27.345237847705825,12.379869230675228,7.493983012147494,14.216946717639907,-6.267400781226629,0.8273165044265465,15.580578985461399
1,curved,G1,15597,15597,0,0,145,true,true,1.313939230026866,27.33699993195525,12.873949305606923,7.4857859387406815,14.208708801889333,-5.773320706294934,0.8191194310197343,15.382062577389759
1,curved,G1,15597,15597,0,0,145,true,true,1.313939230026866,27.33574625782181,12.952778463306945,7.484480441003025,14.207455127755892,-5.694491548594911,0.8178139332820775,15.350445765546553
1,curved,G1,15495,15495,0,0,148,true,true,0.13407993621726047,26.608531951904297,12.259922981262207,7.328540349890218,13.480240821838379,-6.387347030639649,0.6618738421692711,14.949324163811013
1,curved,G1,15495,15495,0,0,148,true,true,0.13407993621726047,26.6174373626709,12.256083978924377,7.328755170204721,13.48914623260498,-6.39118603297748,0.6620886624837734,14.95714148402888
1,curved,G1,15540,15540,0,0,148,true,true,0.13407993621726047,26.6174373626709,12.256083978924377,7.328755170204722,13.48914623260498,-6.39118603297748,0.6620886624837743,14.95714148402888
1,curved,G1,15540,15540,0,0,148,true,true,0.13407993621726047,27.048971488424137,12.070055444021408,7.3493632370209525,13.920680358358219,-6.577214567880448,0.6826967293000052,15.42704040588173
1,curved,G1,15601,15601,0,0,148,true,true,0.13407993621726047,27.24184312337091,11.986911086409224,7.4070282817524475,14.113551993304991,-6.660358925492632,0.7403617740315003,15.63705896040344
1,curved,G1,15601,15601,0,0,148,true,true,0.13407993621726047,27.353630170209552,11.938721199900888,7.501341628620989,14.225339040143634,-6.708548812000968,0.8346751209000418,15.75878424156146
1,curved,G1,15540,15540,0,0,149,true,true,0.13407993621726047,27.048971488424137,12.070055444021408,7.349363237020952,13.920680358358219,-6.577214567880448,0.6826967293000044,15.42704040588173
1,curved,G1,15540,15540,0,0,149,true,true,0.13407993621726047,27.10696461683643,12.045055389404297,7.3521327196502035,13.97867348677051,-6.602214622497559,0.6854662119292563,15.490189313209148
1,curved,G1,15543,15543,0,0,149,true,true,0.13407993621726047,27.10696461683643,12.045055389404297,7.3521327196502035,13.97867348677051,-6.602214622497559,0.6854662119292563,15.490189313209148
1,curved,G1,15543,15543,0,0,149,true,true,0.13407993621726047,27.181198120117188,12.01305432846403,7.3558628436318045,14.05290699005127,-6.6342156834378265,0.6891963359108573,15.571022417882162
1,curved,G1,15601,15601,0,0,149,true,true,0.13407993621726047,27.181198120117188,12.01305432846403,7.355862843631804,14.05290699005127,-6.6342156834378265,0.6891963359108564,15.571022417882162
1,curved,G1,15601,15601,0,0,149,true,true,0.13407993621726047,27.24184312337091,11.986911086409224,7.4070282817524475,14.113551993304991,-6.660358925492632,0.7403617740315003,15.63705896040344
1,curved,G1,13660,13660,0,0,304,false,true,0.2624998092651367,13.128291130065918,17.597270965576172,6.666666507720947,0,-1.0499990463256843,0,0.07440074251249856
1,curved,G1,13660,13660,0,0,304,false,true,0.2624998092651367,13.128291130065918,17.597270965576172,6.666666507720947,0,-1.0499990463256843,0,0.07440074251249856
1,curved,G1,13663,13663,0,0,304,false,true,0.2624998092651367,13.128291130065918,17.597270965576172,6.666666507720947,0,-1.0499990463256843,0,0.07440074251249856
1,curved,G1,13663,13663,0,0,304,false,true,0.2624998092651367,13.128291130065918,17.597270965576172,6.666666507720947,0,-1.0499990463256843,0,0.07440074251249856
1,curved,G1,13661,13661,0,0,305,false,true,0.2624998092651367,13.128291130065918,18.161029815673828,6.666666507720947,0,-0.48624019622802805,0,0.034453966187286585
1,curved,G1,13661,13661,0,0,305,false,true,0.2624998092651367,13.128291130065918,18.161029815673828,6.666666507720947,0,-0.48624019622802805,0,0.034453966187286585
1,curved,G1,13675,13675,0,0,305,false,true,0.2624998092651367,13.128291130065918,18.724790573120117,6.666666507720947,0,0.07752056121826101,0,0
1,curved,G1,13675,13675,0,0,305,false,true,0.2624998092651367,13.128291130065918,18.724790573120117,6.666666507720947,0,0.07752056121826101,0,0
1,curved,G1,13660,13660,0,0,305,false,true,0.2624998092651367,13.128291130065918,17.597270965576172,6.666666507720947,0,-1.0499990463256843,0,0.07440074251249856
1,curved,G1,13660,13660,0,0,305,false,true,0.2624998092651367,13.128291130065918,18.161029815673828,6.666666507720947,0,-0.48624019622802805,0,0.034453966187286585
1,curved,G1,13663,13663,0,0,305,false,true,0.2624998092651367,13.128291130065918,17.597270965576172,6.666666507720947,0,-1.0499990463256843,0,0.07440074251249856
1,curved,G1,13663,13663,0,0,305,false,true,0.2624998092651367,13.128291130065918,18.161029815673828,6.666666507720947,0,-0.48624019622802805,0,0.034453966187286585
1,curved,G1,13662,13662,0,0,305,false,true,0.2624998092651367,13.128291130065918,18.161029815673828,6.666666507720947,0,-0.48624019622802805,0,0.034453966187286585
1,curved,G1,13662,13662,0,0,305,false,true,0.2624998092651367,13.128291130065918,18.161029815673825,6.666666507720947,0,-0.4862401962280316,0,0.034453966187286834
1,curved,G1,13674,13674,0,0,305,false,true,0.2624998092651367,13.128291130065918,18.161029815673828,6.666666507720947,0,-0.48624019622802805,0,0.034453966187286585
1,curved,G1,13674,13674,0,0,305,false,true,0.2624998092651367,13.128291130065918,18.724790573120117,6.666666507720947,0,0.07752056121826101,0,0
1,curved,G1,13677,13677,0,0,305,false,true,0.2624998092651367,13.128291130065918,18.161029815673828,6.666666507720947,0,-0.48624019622802805,0,0.034453966187286585
1,curved,G1,13677,13677,0,0,305,false,true,0.2624998092651367,13.128291130065918,18.724790573120117,6.666666507720947,0,0.07752056121826101,0,0
1,curved,G1,13676,13676,0,0,305,false,true,0.2624998092651367,13.128291130065918,18.724790573120117,6.666666507720947,0,0.07752056121826101,0,0
1,curved,G1,13676,13676,0,0,305,false,true,0.2624998092651367,13.128291130065918,18.724790573120117,6.666666507720947,0,0.07752056121826101,0,0
1,curved,G1,13692,13692,0,0,305,false,true,0.2624998092651367,13.128291130065918,19.288551330566406,6.666666507720947,0,0.6412813186645501,0,0
1,curved,G1,13692,13692,0,0,305,false,true,0.2624998092651367,13.128291130065918,19.288551330566406,6.666666507720947,0,0.6412813186645501,0,0
1,curved,G1,13693,13693,0,0,305,false,true,0.2624998092651367,13.128291130065918,18.724790573120117,6.666666507720947,0,0.07752056121826101,0,0
1,curved,G1,13693,13693,0,0,305,false,true,0.2624998092651367,13.128291130065918,19.288551330566406,6.666666507720947,0,0.6412813186645501,0,0
1,curved,G1,13695,13695,0,0,305,false,true,0.2624998092651367,13.128291130065918,18.724790573120117,6.666666507720947,0,0.07752056121826101,0,0
1,curved,G1,13695,13695,0,0,305,false,true,0.2624998092651367,13.128291130065918,19.288551330566406,6.666666507720947,0,0.6412813186645501,0,0
1,curved,G1,13694,13694,0,0,305,false,true,0.2624998092651367,13.128291130065918,19.288551330566406,6.666666507720947,0,0.6412813186645501,0,0
1,curved,G1,13694,13694,0,0,305,false,true,0.2624998092651367,13.128291130065918,19.288551330566406,6.666666507720947,0,0.6412813186645501,0,0
1,curved,G1,13691,13691,0,0,305,false,true,0.2624998092651367,13.128291130065918,19.288551330566406,6.666666507720947,0,0.6412813186645501,0,0
1,curved,G1,13691,13691,0,0,305,false,true,0.2624998092651367,13.128291130065918,19.288551330566406,6.666666507720947,0,0.6412813186645501,0,0
1,curved,G1,13714,13714,0,0,305,false,true,0.2624998092651367,13.128291130065918,19.288551330566406,6.666666507720947,0,0.6412813186645501,0,0
1,curved,G1,13714,13714,0,0,305,false,true,0.2624998092651367,13.128291130065918,19.288551330566406,6.666666507720947,0,0.6412813186645501,0,0
1,curved,G1,13717,13717,0,0,305,false,true,0.2624998092651367,13.128291130065918,19.288551330566406,6.666666507720947,0,0.6412813186645501,0,0
1,curved,G1,13717,13717,0,0,305,false,true,0.2624998092651367,13.128291130065918,19.697269439697266,6.666666507720947,0,1.0499994277954094,0,0
1,curved,G1,13715,13715,0,0,305,false,true,0.2624998092651367,13.128291130065918,19.288551330566406,6.666666507720947,0,0.6412813186645501,0,0
1,curved,G1,13715,13715,0,0,305,false,true,0.2624998092651367,13.128291130065918,19.697269439697266,6.666666507720947,0,1.0499994277954094,0,0
1,curved,L1,14871,14871,0,0,210,true,true,1.0633271180716926,35.64649980774576,11.505644546481538,7.617204217198717,-1.2224881515230415,-4.353500192254238,-0.7404904086557753,23.689444728624036
1,curved,L1,14871,14871,0,0,210,true,true,1.0633271180716926,35.64725989370807,11.4776573304743,7.617738729197121,-1.1945009355158032,-4.352740106291932,-0.7399558966573716,23.69885619536801
1,curved,L1,14871,14871,0,0,211,true,true,1.1490422387127965,35.64725989370807,11.4776573304743,7.617738729197121,-1.1945009355158032,-4.352740106291932,-0.7399558966573716,23.69885619536801
1,curved,L1,14871,14871,0,0,211,true,true,1.1490422387127965,35.64798046686871,11.45112502005657,7.6181864738464355,-1.1679686250980748,-4.3520195331312905,-0.7395081520080566,23.73722717233151
1,curved,L1,14871,14871,0,0,215,true,true,0.10059588581234627,35.64649980774576,11.505644546481538,7.776318550109863,-1.2224881515230415,-4.353500192254238,-0.5813760757446289,23.689444728624036
1,curved,L1,14871,14871,0,0,215,true,true,0.10059588581234627,35.64649980774576,11.505644546481538,7.617204217198717,-1.2224881515230415,-4.353500192254238,-0.7404904086557753,23.689444728624036
1,curved,L1,15330,15330,0,0,215,true,true,0.10059588581234627,35.663490295410156,11.50046157836914,7.819656114027079,-1.2173051834106445,-4.336509704589844,-0.5380385118274136,23.737839752678823
1,curved,L1,15330,15330,0,0,215,true,true,0.10059588581234627,35.64649980774576,11.505644546481538,7.776318550109864,-1.2224881515230415,-4.353500192254238,-0.581376075744628,23.689444728624036
1,curved,L1,15324,15324,0,0,216,true,true,0.9960612043765148,35.72639537689379,10.39865941597335,7.891525924709014,-0.11550302101485421,-4.273604623106209,-0.46616870114547826,24.116023662622624
1,curved,L1,15324,15324,0,0,216,true,true,0.9960612043765148,35.70190433720647,10.648285865783691,7.885654194300819,-0.3651294708251953,-4.2980956627935285,-0.4720404315536735,24.02053804349147
1,curved,L1,15325,15325,0,0,216,true,true,0.9960612043765148,35.72729742045217,10.289764782589659,7.893529539510328,-0.006608387631162671,-4.272702579547833,-0.4641650863441642,24.148311842577574
1,curved,L1,15325,15325,0,0,216,true,true,0.9960612043765148,35.72639537689379,10.39865941597335,7.891525924709014,-0.11550302101485421,-4.273604623106209,-0.46616870114547826,24.116023662622624
1,curved,L1,15327,15327,0,0,216,true,true,0.9960612043765148,35.70190433720647,10.648285865783691,7.885654194300819,-0.3651294708251953,-4.2980956627935285,-0.4720404315536735,24.02053804349147
1,curved,L1,15327,15327,0,0,216,true,true,0.9960612043765148,35.70081528092919,10.755902241111707,7.883662830458285,-0.47274584615321125,-4.299184719070809,-0.47403179539620677,23.988439683148172
1,curved,L1,15326,15326,0,0,216,true,true,0.9960612043765148,35.70081528092919,10.755902241111707,7.8836628304582845,-0.47274584615321125,-4.299184719070809,-0.47403179539620766,23.988439683148172
1,curved,L1,15326,15326,0,0,216,true,true,0.9960612043765148,35.6943019287903,11.01340389251709,7.878675118150455,-0.7302474975585938,-4.305698071209697,-0.4790195077040371,23.90789431605279
1,curved,L1,15328,15328,0,0,216,true,true,0.9960612043765148,35.693114743741106,11.114144622044494,7.876801419406959,-0.8309882270859976,-4.306885256258894,-0.48089320644753286,23.87768615653199
1,curved,L1,15328,15328,0,0,216,true,true,0.9960612043765148,35.68502765540029,11.378533363342285,7.871600496814591,-1.095376968383789,-4.31497234459971,-0.486094129039901,23.793646547923338
1,curved,L1,15329,15329,0,0,216,true,true,0.9960612043765148,35.6943019287903,11.01340389251709,7.878675118150456,-0.7302474975585938,-4.305698071209697,-0.47901950770403623,23.90789431605279
1,curved,L1,15329,15329,0,0,216,true,true,0.9960612043765148,35.693114743741106,11.114144622044494,7.876801419406959,-0.8309882270859976,-4.306885256258894,-0.48089320644753286,23.87768615653199
1,curved,L1,15331,15331,0,0,216,true,true,0.9960612043765148,35.6850276554003,11.378533363342285,7.871600496814591,-1.095376968383789,-4.314972344599703,-0.486094129039901,23.793646547923345
1,curved,L1,15331,15331,0,0,216,true,true,0.9960612043765148,35.6837696458908,11.472302567926253,7.869847739073502,-1.1891461729677566,-4.3162303541092015,-0.4878468867809902,23.76538240045702
1,curved,L1,15330,15330,0,0,216,true,true,0.9960612043765148,35.68376964589079,11.472302567926253,7.869847739073503,-1.1891461729677566,-4.316230354109209,-0.4878468867809893,23.765382400457014
1,curved,L1,15330,15330,0,0,216,true,true,0.9960612043765148,35.68297596259851,11.495042709825787,7.869394811536709,-1.2118863148672911,-4.317024037401488,-0.48829981431778346,23.758060195826413
1,curved,L1,15306,15306,0,0,217,true,true,1.1011453462495424,36.05913860386852,10.176537765303816,7.912687301635742,0.10661862965467961,-3.9408613961314813,-0.44500732421875,24.503952797371994
1,curved,L1,15306,15306,0,0,217,true,true,1.1011453462495424,35.99671571696596,10.186508281559904,7.909254137917759,0.09664811339859192,-4.003284283034041,-0.4484404879367334,24.436065649757598
1,curved,L1,15307,15307,0,0,217,true,true,1.1011453462495424,35.99671571696596,10.186508281559904,7.909254137917759,0.09664811339859192,-4.003284283034041,-0.4484404879367334,24.436065649757598
1,curved,L1,15307,15307,0,0,217,true,true,1.1011453462495424,35.84433937072754,10.190686707023472,7.901177291407154,0.09246968793502397,-4.155660629272461,-0.4565173344473381,24.288966109898144
1,curved,L1,15322,15322,0,0,217,true,true,1.1011453462495424,35.84433937072754,10.190686707023472,7.901177291407154,0.09246968793502397,-4.155660629272461,-0.4565173344473381,24.288966109898144
1,curved,L1,15322,15322,0,0,217,true,true,1.1011453462495424,35.82545991643157,10.205280966884043,7.899964567658685,0.07787542807445291,-4.174540083568431,-0.45773005819580703,24.266678280226557
1,curved,L1,15323,15323,0,0,217,true,true,1.1011453462495424,35.82545991643157,10.205280966884041,7.899964567658685,0.07787542807445469,-4.174540083568431,-0.45773005819580703,24.266678280226557
1,curved,L1,15323,15323,0,0,217,true,true,1.1011453462495424,35.72734732835238,10.283156394958494,7.8936316905097685,1.7763568394002505e-15,-4.27265267164762,-0.46406293534472365,24.150266657467768
1,curved,L1,15325,15325,0,0,217,true,true,1.1011453462495424,35.72734732835238,10.283156394958496,7.8936316905097685,0,-4.27265267164762,-0.46406293534472365,24.150266657467768
1,curved,L1,15325,15325,0,0,217,true,true,1.1011453462495424,35.72729742045217,10.289764782589659,7.893529539510328,-0.006608387631162671,-4.272702579547833,-0.4641650863441642,24.148311842577574
1,curved,L1,14863,14863,0,0,218,true,true,0.9960612043765148,35.69817924499512,10.283156394958496,7.641987511845944,0,-4.301820755004883,-0.7157071140085485,24.122339482974482
1,curved,L1,14863,14863,0,0,218,true,true,0.9960612043765148,35.71450735608254,10.26998481052707,7.643154770670894,0.013171584431425742,-4.285492643917458,-0.714539855183598,24.141773960458146
1,curved,L1,14864,14864,0,0,218,true,true,0.9960612043765148,35.665236473083496,10.648285865783691,7.633563167130244,-0.3651294708251953,-4.334763526916504,-0.7241314587242478,23.98543015425804
1,curved,L1,14864,14864,0,0,218,true,true,0.9960612043765148,35.67785728767113,10.508399903420615,7.6367906457700006,-0.22524350846211938,-4.322142712328869,-0.7209039800844916,24.03788194118365
1,curved,L1,14865,14865,0,0,218,true,true,0.9960612043765148,35.67785728767113,10.508399903420615,7.636790645770001,-0.22524350846211938,-4.322142712328869,-0.7209039800844907,24.03788194118365
1,curved,L1,14865,14865,0,0,218,true,true,0.9960612043765148,35.69817924499512,10.283156394958496,7.641987511845944,0,-4.301820755004883,-0.7157071140085485,24.122339482974482
1,curved,L1,14867,14867,0,0,218,true,true,0.9960612043765148,35.66120291590932,10.866140630312675,7.62942762523982,-0.5829842353541785,-4.338797084090679,-0.7282670006146725,23.918700272320276
1,curved,L1,14867,14867,0,0,218,true,true,0.9960612043765148,35.665236473083496,10.648285865783691,7.633563167130244,-0.3651294708251953,-4.334763526916504,-0.7241314587242478,23.98543015425804
1,curved,L1,14866,14866,0,0,218,true,true,0.9960612043765148,35.65847635269165,11.01340389251709,7.62663212342427,-0.7302474975585938,-4.34152364730835,-0.7310625024302224,23.87359288106391
1,curved,L1,14866,14866,0,0,218,true,true,0.9960612043765148,35.66120291590932,10.866140630312675,7.62942762523982,-0.5829842353541785,-4.338797084090679,-0.7282670006146725,23.918700272320276
1,curved,L1,14868,14868,0,0,218,true,true,0.9960612043765148,35.64995193481445,11.378533363342285,7.619600263462399,-1.095376968383789,-4.350048065185547,-0.7380943623920935,23.76006306705899
1,curved,L1,14868,14868,0,0,218,true,true,0.9960612043765148,35.65355063085807,11.224389115489092,7.622568856390222,-0.9412327205305964,-4.346449369141929,-0.7351257694642701,23.80799118348616
1,curved,L1,14869,14869,0,0,218,true,true,0.9960612043765148,35.65355063085807,11.224389115489092,7.622568856390222,-0.9412327205305964,-4.346449369141929,-0.7351257694642701,23.80799118348616
1,curved,L1,14869,14869,0,0,218,true,true,0.9960612043765148,35.65847635269165,11.01340389251709,7.62663212342427,-0.7302474975585938,-4.34152364730835,-0.7310625024302224,23.87359288106391
1,curved,L1,14871,14871,0,0,218,true,true,0.9960612043765148,35.64798046686871,11.45112502005657,7.6181864738464355,-1.1679686250980748,-4.3520195331312905,-0.7395081520080566,23.73722717233151
1,curved,L1,14871,14871,0,0,218,true,true,0.9960612043765148,35.64995193481445,11.378533363342285,7.619600263462399,-1.095376968383789,-4.350048065185547,-0.7380943623920935,23.76006306705899
1,curved,L1,14847,14847,0,0,219,true,true,1.1011453462495424,35.84433937072754,10.165251731872559,7.651560357064774,0.1179046630859375,-4.155660629272461,-0.7061342687897181,24.296306064739326
1,curved,L1,14847,14847,0,0,219,true,true,1.1011453462495424,36.04554379338053,10.129063468583585,7.662687301635742,0.15409292637491134,-3.9544562066194686,-0.69500732421875,24.503214761855865
1,curved,L1,14863,14863,0,0,219,true,true,1.1011453462495424,35.71450735608254,10.269984810527067,7.643154770670894,0.013171584431429295,-4.285492643917458,-0.714539855183598,24.141773960458146
1,curved,L1,14863,14863,0,0,219,true,true,1.1011453462495424,35.750681172678505,10.240804063473746,7.645496736490536,0.04235233148475004,-4.2493188273214955,-0.7121978893639564,24.184829719961996
1,curved,L1,14862,14862,0,0,219,true,true,1.1011453462495424,35.750681172678505,10.240804063473746,7.645496736490536,0.04235233148475004,-4.2493188273214955,-0.7121978893639564,24.184829719961996
1,curved,L1,14862,14862,0,0,219,true,true,1.1011453462495424,35.84433937072754,10.165251731872557,7.651560357064774,0.11790466308593928,-4.155660629272461,-0.7061342687897181,24.296306064739326
1,curved,L1,15330,15330,0,0,222,true,true,0.09310667671001156,35.68297596259851,11.495042709825787,7.869394811536709,-1.2118863148672911,-4.317024037401488,-0.48829981431778346,23.758060195826413
1,curved,L1,15330,15330,0,0,222,true,true,0.09310667671001156,35.663490295410156,11.50046157836914,7.8196561140270795,-1.2173051834106445,-4.336509704589844,-0.5380385118274127,23.737839752678823
1,curved,L1,15302,15302,0,0,224,true,true,0.917195121368372,36.460739321465915,10.134074913781259,7.938829744766766,0.1490814811772374,-3.5392606785340845,-0.41886488108772646,24.902723113545928
1,curved,L1,15302,15302,0,0,224,true,true,0.917195121368372,36.44704419640192,10.135541687032587,7.937937913331191,0.14761470792590892,-3.5529558035980813,-0.41975671252330127,24.889119621620285
1,curved,L1,15306,15306,0,0,224,true,true,0.917195121368372,36.26179480552673,10.14498455315797,7.926062532713666,0.138171841800526,-3.7382051944732666,-0.4316320931408262,24.70782245492775
1,curved,L1,15306,15306,0,0,224,true,true,0.917195121368372,36.05913860386852,10.176537765303818,7.912687301635742,0.10661862965467783,-3.9408613961314813,-0.44500732421875,24.50395279737199
1,curved,L1,15303,15303,0,0,224,true,true,0.917195121368372,36.44704419640192,10.135541687032589,7.937937913331191,0.14761470792590714,-3.5529558035980813,-0.41975671252330127,24.88911962162028
1,curved,L1,15303,15303,0,0,224,true,true,0.917195121368372,36.26179480552673,10.14498455315797,7.926062532713666,0.138171841800526,-3.7382051944732666,-0.4316320931408262,24.70782245492775
1,curved,L1,15302,15302,0,0,225,true,true,1.048860438829427,36.679237842559814,10.109989243678095,7.951489636390761,0.17316715128040094,-3.3207621574401855,-0.4062049894637312,25.119938149453045
1,curved,L1,15302,15302,0,0,225,true,true,1.048860438829427,36.460739321465915,10.134074913781259,7.938829744766766,0.1490814811772374,-3.5392606785340845,-0.41886488108772646,24.902723113545928
1,curved,L1,15299,15299,0,0,225,true,true,1.048860438829427,36.7805448546118,10.110902143620653,7.957188129425049,0.17225425133784356,-3.2194551453882028,-0.40050649642944336,25.22879549426167
1,curved,L1,15299,15299,0,0,225,true,true,1.048860438829427,36.679237842559814,10.109989243678095,7.951489636390761,0.17316715128040094,-3.3207621574401855,-0.4062049894637312,25.119938149453045
1,curved,L1,14846,14846,0,0,226,true,true,0.917195121368372,36.1386350413312,10.112320245217427,7.668871980797863,0.17083614974106887,-3.8613649586688013,-0.6888226450566295,24.597450197636466
1,curved,L1,14846,14846,0,0,226,true,true,0.917195121368372,36.26179480552673,10.090168952941895,7.677054314196546,0.19298744201660156,-3.7382051944732666,-0.680640311657946,24.722123722861443
1,curved,L1,14843,14843,0,0,226,true,true,0.917195121368372,36.26179480552673,10.090168952941896,7.677054314196546,0.1929874420165998,-3.7382051944732666,-0.680640311657946,24.722123722861443
1,curved,L1,14843,14843,0,0,226,true,true,0.917195121368372,36.422920856471805,10.068336800635768,7.687629680487762,0.21481959432272824,-3.577079143528195,-0.6700649453667298,24.883365364050746
1,curved,L1,14847,14847,0,0,226,true,true,0.917195121368372,36.04554379338053,10.129063468583585,7.662687301635742,0.15409292637491134,-3.9544562066194686,-0.69500732421875,24.503214761855865
1,curved,L1,14847,14847,0,0,226,true,true,0.917195121368372,36.1386350413312,10.112320245217427,7.668871980797863,0.17083614974106887,-3.8613649586688013,-0.6888226450566295,24.597450197636466
1,curved,L1,14842,14842,0,0,227,true,true,1.048860438829427,36.58865682192005,10.045880017148269,7.697291856383238,0.23727637781022715,-3.411343178079953,-0.6604027694712542,25.049220226850544
1,curved,L1,14842,14842,0,0,227,true,true,1.048860438829427,36.679237842559814,10.03053596533501,7.702616138681091,0.2526204296234855,-3.3207621574401855,-0.6550784871734008,25.14066733270226
1,curved,L1,14839,14839,0,0,227,true,true,1.048860438829427,36.679237842559814,10.030535965335012,7.702616138681091,0.25262042962348374,-3.3207621574401855,-0.6550784871734008,25.14066733270226
1,curved,L1,14839,14839,0,0,227,true,true,1.048860438829427,36.760031585868916,10.029334025604838,7.707188129425049,0.2538223693536583,-3.2399684141310843,-0.6505064964294434,25.22717851456372
1,curved,L1,14843,14843,0,0,227,true,true,1.048860438829427,36.422920856471805,10.068336800635768,7.687629680487763,0.21481959432272824,-3.577079143528195,-0.6700649453667289,24.883365364050746
1,curved,L1,14843,14843,0,0,227,true,true,1.048860438829427,36.58865682192005,10.04588001714827,7.697291856383239,0.23727637781022537,-3.411343178079953,-0.6604027694712533,25.049220226850544
1,curved,L1,15298,15298,0,0,232,true,true,0.4455255256339434,36.99486969740357,10.11981581847177,7.985555319449183,0.16334057648672662,-3.0051303025964273,-0.3721393064053089,25.435607374515918
1,curved,L1,15298,15298,0,0,232,true,true,0.4455255256339434,36.90551483771232,10.116174417226535,7.973726145980435,0.166981977731961,-3.0944851622876826,-0.38396847987405724,25.34936791684031
1,curved,L1,15299,15299,0,0,232,true,true,0.4455255256339434,36.90551483771232,10.116174417226535,7.973726145980435,0.166981977731961,-3.0944851622876826,-0.38396847987405724,25.34936791684031
1,curved,L1,15299,15299,0,0,232,true,true,0.4455255256339434,36.7805448546118,10.110902143620653,7.957188129425049,0.17225425133784356,-3.2194551453882028,-0.40050649642944336,25.22879549426167
1,curved,L1,15298,15298,0,0,233,true,true,1.3518630193020946,37.09669351577759,10.120095096920773,7.9901992908086745,0.1630612980377233,-2.903306484222412,-0.36749533504581766,25.53475264646912
1,curved,L1,15298,15298,0,0,233,true,true,1.3518630193020946,36.99486969740357,10.11981581847177,7.985555319449183,0.16334057648672662,-3.0051303025964273,-0.3721393064053089,25.435607374515918
1,curved,L1,15295,15295,0,0,233,true,true,1.3518630193020946,37.3486161146313,10.120628368371719,8.001688957214355,0.16252802658677723,-2.651383885368702,-0.3560056686401367,25.780083758666194
1,curved,L1,15295,15295,0,0,233,true,true,1.3518630193020946,37.09669351577759,10.120095096920773,7.990199290808675,0.1630612980377233,-2.903306484222412,-0.3674953350458168,25.53475264646912
1,curved,L1,14839,14839,0,0,234,true,true,0.44552543652064797,36.760031585868916,10.029334025604838,7.707188129425049,0.2538223693536583,-3.2399684141310843,-0.6505064964294434,25.22717851456372
1,curved,L1,14839,14839,0,0,234,true,true,0.44552543652064797,36.95947918458928,10.027011359391253,7.733943089768244,0.25614503556724344,-3.040520815410723,-0.6237515360862478,25.422025769737886
1,curved,L1,14838,14838,0,0,235,true,true,1.3518629892336085,37.05301055816262,10.025577138733476,7.738208853463612,0.25757925622501965,-2.946989441837381,-0.6194857723908802,25.513477497649287
1,curved,L1,14838,14838,0,0,235,true,true,1.3518629892336085,37.09669351577759,10.02466802124238,7.740201144234205,0.25848837371611566,-2.903306484222412,-0.6174934816202873,25.556243062132154
1,curved,L1,14835,14835,0,0,235,true,true,1.3518629892336085,37.09669351577759,10.02466802124238,7.740201144234205,0.25848837371611566,-2.903306484222412,-0.6174934816202873,25.556243062132154
1,curved,L1,14835,14835,0,0,235,true,true,1.3518629892336085,37.34856539661753,10.020619508527039,7.751688480377197,0.262536886431457,-2.6514346033824694,-0.6060061454772949,25.802556588392807
1,curved,L1,14839,14839,0,0,235,true,true,1.3518629892336085,36.95947918458928,10.027011359391253,7.7339430897682435,0.25614503556724344,-3.040520815410723,-0.6237515360862487,25.422025769737886
1,curved,L1,14839,14839,0,0,235,true,true,1.3518629892336085,37.05301055816262,10.025577138733476,7.738208853463612,0.25757925622501965,-2.946989441837381,-0.6194857723908802,25.513477497649287
1,curved,L1,15295,15295,0,0,240,true,true,0.14963212178438365,37.27551561271516,10.136397060222013,8.0347085723188,0.14675933473648328,-2.724484387284839,-0.32298605353569165,25.70530991508894
1,curved,L1,15295,15295,0,0,240,true,true,0.14963212178438365,37.3486161146313,10.120628368371719,8.001688957214355,0.16252802658677723,-2.651383885368702,-0.3560056686401367,25.780083758666194
1,curved,L1,15294,15294,0,0,241,true,true,1.5884468843924122,37.51414895057678,10.135665615672393,8.042875224433041,0.14749077928610355,-2.4858510494232178,-0.3148194014214507,25.961808543412545
1,curved,L1,15294,15294,0,0,241,true,true,1.5884468843924122,37.39766304605507,10.136046680768,8.03888923386351,0.14710971419049557,-2.6023369539449277,-0.318805391990983,25.824398529125094
1,curved,L1,15291,15291,0,0,241,true,true,1.5884468843924122,37.60965113772811,10.137765047080375,8.046189308166504,0.14539134787812102,-2.3903488622718925,-0.3115053176879883,26.055411333382928
1,curved,L1,15291,15291,0,0,241,true,true,1.5884468843924122,37.51414895057678,10.135665615672394,8.042875224433041,0.14749077928610177,-2.4858510494232178,-0.3148194014214507,25.961808543412545
1,curved,L1,15295,15295,0,0,241,true,true,1.5884468843924122,37.39766304605507,10.136046680768,8.03888923386351,0.14710971419049557,-2.6023369539449277,-0.318805391990983,25.824398529125094
1,curved,L1,15295,15295,0,0,241,true,true,1.5884468843924122,37.27551561271516,10.136397060222013,8.0347085723188,0.14675933473648328,-2.724484387284839,-0.32298605353569165,25.70530991508894
1,curved,L1,15294,15294,0,0,242,true,true,0.14963239344020554,37.29403382444546,10.022805428636518,7.776318550109863,0.26035096632197785,-2.7059661755545434,-0.5813760757446289,25.748933549636508
1,curved,L1,15294,15294,0,0,242,true,true,0.14963239344020554,37.27981318402502,10.02588200353155,7.782742107311181,0.25727439142694664,-2.7201868159749765,-0.5749525185433111,25.734385356955798
1,curved,L1,14835,14835,0,0,242,true,true,0.14963239344020554,37.34856539661753,10.020619508527039,7.751688480377197,0.262536886431457,-2.6514346033824694,-0.6060061454772949,25.802556588392807
1,curved,L1,14835,14835,0,0,242,true,true,0.14963239344020554,37.29403382444546,10.022805428636518,7.776318550109863,0.26035096632197785,-2.7059661755545434,-0.5813760757446289,25.748933549636508
1,curved,L1,15290,15290,0,0,243,true,true,1.588446910580932,37.53138907714573,10.025494443135228,7.7913591152362915,0.2576619518232679,-2.4686109228542676,-0.5663355106182006,25.998386999132585
1,curved,L1,15290,15290,0,0,243,true,true,1.588446910580932,37.670583320562145,10.02854760873253,7.796189308166504,0.2546087862259654,-2.3294166794378555,-0.5615053176879883,26.134814076974088
1,curved,L1,15294,15294,0,0,243,true,true,1.588446910580932,37.27981318402502,10.02588200353155,7.782742107311182,0.25727439142694664,-2.7201868159749765,-0.5749525185433102,25.734385356955798
1,curved,L1,15294,15294,0,0,243,true,true,1.588446910580932,37.51414895057678,10.025115449365533,7.790760847886283,0.2580409455929633,-2.4858510494232178,-0.5669337779682095,25.9814897536743
1,curved,L1,15291,15291,0,0,243,true,true,1.588446910580932,37.51414895057678,10.025115449365535,7.790760847886283,0.25804094559296153,-2.4858510494232178,-0.5669337779682095,25.9814897536743
1,curved,L1,15291,15291,0,0,243,true,true,1.588446910580932,37.53138907714573,10.025494443135226,7.7913591152362915,0.2576619518232697,-2.4686109228542676,-0.5663355106182006,25.998386999132585
1,curved,L1,15294,15294,0,0,248,true,true,0.1655996787877166,37.48857881636196,10.154925130636556,8.085731631230809,0.12823126432193988,-2.511421183638042,-0.27196299462368323,25.933218123848295
1,curved,L1,15294,15294,0,0,248,true,true,0.1655996787877166,37.51414895057678,10.15083618810952,8.077472362905251,0.13232020684897527,-2.4858510494232178,-0.28022226294924124,25.959107731320618
1,curved,L1,15291,15291,0,0,248,true,true,0.1655996787877166,37.51414895057678,10.150836188109523,8.077472362905251,0.1323202068489735,-2.4858510494232178,-0.28022226294924124,25.959107731320618
1,curved,L1,15291,15291,0,0,248,true,true,0.1655996787877166,37.60965113772811,10.137765047080375,8.046189308166504,0.14539134787812102,-2.3903488622718925,-0.3115053176879883,26.055411333382928
1,curved,L1,15294,15294,0,0,249,true,true,1.146137074685222,37.51414895057678,10.15484156079689,8.086606786413128,0.12831483416160694,-2.4858510494232178,-0.27108783944136405,25.958394656119825
1,curved,L1,15294,15294,0,0,249,true,true,1.146137074685222,37.48857881636196,10.154925130636556,8.085731631230809,0.12823126432193988,-2.511421183638042,-0.27196299462368323,25.933218123848295
1,curved,L1,15291,15291,0,0,249,true,true,1.146137074685222,37.62976025503977,10.157414590054692,8.090690612792969,0.1257418049038037,-2.37023974496023,-0.26700401306152344,26.071701008171395
1,curved,L1,15291,15291,0,0,249,true,true,1.146137074685222,37.51414895057678,10.15484156079689,8.086606786413128,0.12831483416160694,-2.4858510494232178,-0.27108783944136405,25.958394656119825
1,curved,L1,15290,15290,0,0,250,true,true,0.16559942758221483,37.670583320562145,10.02854760873253,7.796189308166504,0.2546087862259654,-2.3294166794378555,-0.5615053176879883,26.134814076974088
1,curved,L1,15290,15290,0,0,250,true,true,0.16559942758221483,37.57340948429832,10.041853587718697,7.828018397747339,0.24130280723979958,-2.426590515701683,-0.529676228107153,26.03682372206981
1,curved,L1,15291,15291,0,0,250,true,true,0.16559942758221483,37.57340948429832,10.041853587718697,7.82801839774734,0.24130280723979958,-2.426590515701683,-0.5296762281071521,26.03682372206981
1,curved,L1,15291,15291,0,0,250,true,true,0.16559942758221483,37.557221225193196,10.044069210571282,7.833321032353628,0.23908718438721444,-2.442778774806804,-0.5243735935008642,26.020499621861685
1,curved,L1,15290,15290,0,0,251,true,true,1.1461370375633264,37.58042717538191,10.044585675074769,7.834140744898202,0.23857071988372702,-2.4195728246180934,-0.5235538809562899,26.043242913746354
1,curved,L1,15290,15290,0,0,251,true,true,1.1461370375633264,37.76585064163821,10.048703289021512,7.8406901359558105,0.23445310593698387,-2.2341493583617904,-0.5170044898986816,26.224971204693293
1,curved,L1,15291,15291,0,0,251,true,true,1.1461370375633264,37.557221225193196,10.044069210571282,7.833321032353628,0.23908718438721444,-2.442778774806804,-0.5243735935008642,26.020499621861685
1,curved,L1,15291,15291,0,0,251,true,true,1.1461370375633264,37.58042717538191,10.044585675074769,7.8341407448982014,0.23857071988372702,-2.4195728246180934,-0.5235538809562907,26.043242913746354
1,curved,L1,15291,15291,0,0,256,true,true,0.11016836349242116,37.53818160578943,10.17102052002066,8.123132729761618,0.11213587493783628,-2.4618183942105674,-0.23456189609287392,25.97916305765745
1,curved,L1,15291,15291,0,0,256,true,true,0.11016836349242116,37.62976025503977,10.157414590054692,8.090690612792969,0.1257418049038037,-2.37023974496023,-0.26700401306152344,26.071701008171395
1,curved,L1,15290,15290,0,0,258,true,true,0.11016874968540821,37.76585064163821,10.048703289021512,7.8406901359558105,0.23445310593698387,-2.2341493583617904,-0.5170044898986816,26.224971204693293
1,curved,L1,15290,15290,0,0,258,true,true,0.11016874968540821,37.64236355759883,10.067057096026137,7.884432489483288,0.21609929893235957,-2.357636442401173,-0.4732621363712042,26.100189289833647
1,curved,L1,15290,15290,0,0,259,true,true,0.7421988227733243,37.64236355759883,10.067057096026137,7.884432489483287,0.21609929893235957,-2.357636442401173,-0.47326213637120507,26.100189289833647
1,curved,L1,15290,15290,0,0,259,true,true,0.7421988227733243,37.66224392714359,10.0675232494475,7.885190963745117,0.21563314551099566,-2.3377560728564077,-0.472503662109375,26.11966908369551
1,curved,L1,15291,15291,0,0,262,true,true,0.04890624278213944,37.55662067079571,10.150537290379159,8.076135303831993,0.13261910457933723,-2.4433793292042907,-0.281559322022499,26.00095418352336
1,curved,L1,15291,15291,0,0,262,true,true,0.04890624278213944,37.53818160578943,10.17102052002066,8.123132729761618,0.11213587493783628,-2.4618183942105674,-0.23456189609287392,25.97916305765745
1,curved,L1,15291,15291,0,0,263,true,true,0.048906149501062056,37.60911178588867,10.0922269821167,7.942346128908809,0.19092941284179688,-2.390888214111328,-0.41534849694568354,26.0629877245648
1,curved,L1,15291,15291,0,0,263,true,true,0.048906149501062056,37.55662067079571,10.150537290379159,8.076135303831991,0.13261910457933723,-2.4433793292042907,-0.2815593220225008,26.00095418352336
1,curved,L1,15290,15290,0,0,266,true,true,0.06837957234802818,37.66224392714359,10.067523249447502,7.885190963745117,0.21563314551099388,-2.3377560728564077,-0.472503662109375,26.11966908369551
1,curved,L1,15290,15290,0,0,266,true,true,0.06837957234802818,37.650575427553015,10.070222890662604,7.891525505774093,0.21293350429589175,-2.349424572446985,-0.4661691200803988,26.107706370748776
1,curved,L1,15291,15291,0,0,270,true,true,0.04122027601806591,37.63466498584968,10.078666307600008,7.911026102586509,0.20449008735848828,-2.365335014150318,-0.44666852326798345,26.09054691768091
1,curved,L1,15291,15291,0,0,270,true,true,0.04122027601806591,37.60911178588867,10.0922269821167,7.94234612890881,0.19092941284179688,-2.390888214111328,-0.41534849694568177,26.0629877245648
1,curved,L1,15290,15290,0,0,271,true,true,0.0412201973966288,37.650575427553015,10.070222890662603,7.891525505774093,0.21293350429589353,-2.349424572446985,-0.4661691200803988,26.107706370748776
1,curved,L1,15290,15290,0,0,271,true,true,0.0412201973966288,37.6487574885742,10.071187641802208,7.893753214770015,0.21196875315628816,-2.351242511425802,-0.46394141108447684,26.1057457187965
1,curved,L1,15291,15291,0,0,271,true,true,0.0412201973966288,37.6487574885742,10.071187641802208,7.893753214770015,0.21196875315628816,-2.351242511425802,-0.46394141108447684,26.1057457187965
1,curved,L1,15291,15291,0,0,271,true,true,0.0412201973966288,37.63466498584968,10.078666307600008,7.911026102586509,0.20449008735848828,-2.365335014150318,-0.44666852326798345,26.09054691768091
1,curved,L1,17804,17804,0,0,296,false,true,0.3309261193287251,38.5,10.283156394958496,8.357694625854492,0,-1.5,0,26.95755353607873
1,curved,L1,17804,17804,0,0,296,false,true,0.3309261193287251,38.5,10.283156394958496,8.357694625854492,0,-1.5,0,26.95755353607873
1,curved,L1,17807,17807,0,0,296,false,true,0.3309261193287251,38.5,10.283156394958496,8.357694625854492,0,-1.5,0,26.95755353607873
1,curved,L1,17807,17807,0,0,296,false,true,0.3309261193287251,38.5,10.283156394958496,8.357694625854492,0,-1.5,0,26.95755353607873
1,curved,L1,17227,17227,0,0,297,false,true,0.5261647688221084,41.27122354507446,10.283156394958496,8.357694625854492,0,1.271223545074463,0,28.97289116758672
1,curved,L1,17227,17227,0,0,297,false,true,0.5261647688221084,41.27122354507446,10.283156394958496,8.357694625854492,0,1.271223545074463,0,28.97289116758672
1,curved,L1,17132,17132,0,0,297,false,true,0.5261647688221084,41.5,10.283156394958496,8.357694625854492,0,1.5,0,28.97289116758672
1,curved,L1,17132,17132,0,0,297,false,true,0.5261647688221084,41.27122354507446,10.283156394958496,8.357694625854492,0,1.271223545074463,0,28.97289116758672
1,curved,L1,17135,17135,0,0,297,false,true,0.5261647688221084,41.27122354507446,10.283156394958496,8.357694625854492,0,1.271223545074463,0,28.97289116758672
1,curved,L1,17135,17135,0,0,297,false,true,0.5261647688221084,41.5,10.283156394958496,8.357694625854492,0,1.5,0,28.97289116758672
1,curved,L1,17228,17228,0,0,297,false,true,0.5261647688221084,41.27122354507446,10.283156394958496,8.357694625854492,0,1.271223545074463,0,28.97289116758672
1,curved,L1,17228,17228,0,0,297,false,true,0.5261647688221084,41.27122354507446,10.283156394958496,8.357694625854492,0,1.271223545074463,0,28.97289116758672
1,curved,L1,17411,17411,0,0,297,false,true,0.5261647688221084,40.436312437057495,10.283156394958496,8.357694625854492,0,0.4363124370574951,0,28.97289116758672
1,curved,L1,17411,17411,0,0,297,false,true,0.5261647688221084,40.436312437057495,10.283156394958496,8.357694625854492,0,0.4363124370574951,0,28.97289116758672
1,curved,L1,17317,17317,0,0,297,false,true,0.5261647688221084,40.85376787185669,10.283156394958496,8.357694625854492,0,0.8537678718566895,0,28.97289116758672
1,curved,L1,17317,17317,0,0,297,false,true,0.5261647688221084,40.85376787185669,10.283156394958496,8.357694625854492,0,0.8537678718566895,0,28.97289116758672
1,curved,L1,17316,17316,0,0,297,false,true,0.5261647688221084,40.85376787185669,10.283156394958496,8.357694625854492,0,0.8537678718566895,0,28.97289116758672
1,curved,L1,17316,17316,0,0,297,false,true,0.5261647688221084,40.436312437057495,10.283156394958496,8.357694625854492,0,0.4363124370574951,0,28.97289116758672
1,curved,L1,17226,17226,0,0,297,false,true,0.5261647688221084,41.27122354507446,10.283156394958496,8.357694625854492,0,1.271223545074463,0,28.97289116758672
1,curved,L1,17226,17226,0,0,297,false,true,0.5261647688221084,40.85376787185669,10.283156394958496,8.357694625854492,0,0.8537678718566895,0,28.97289116758672
1,curved,L1,17229,17229,0,0,297,false,true,0.5261647688221084,40.85376787185669,10.283156394958496,8.357694625854492,0,0.8537678718566895,0,28.97289116758672
1,curved,L1,17229,17229,0,0,297,false,true,0.5261647688221084,41.27122354507446,10.283156394958496,8.357694625854492,0,1.271223545074463,0,28.97289116758672
1,curved,L1,17319,17319,0,0,297,false,true,0.5261647688221084,40.436312437057495,10.283156394958496,8.357694625854492,0,0.4363124370574951,0,28.97289116758672
1,curved,L1,17319,17319,0,0,297,false,true,0.5261647688221084,40.85376787185669,10.283156394958496,8.357694625854492,0,0.8537678718566895,0,28.97289116758672
1,curved,L1,17318,17318,0,0,297,false,true,0.5261647688221084,40.85376787185669,10.283156394958496,8.357694625854492,0,0.8537678718566895,0,28.97289116758672
1,curved,L1,17318,17318,0,0,297,false,true,0.5261647688221084,40.85376787185669,10.283156394958496,8.357694625854492,0,0.8537678718566895,0,28.97289116758672
1,curved,L1,17509,17509,0,0,297,false,true,0.5261647688221084,40.0188570022583,10.283156394958496,8.357694625854492,0,0.01885700225830078,0,28.97289116758672
1,curved,L1,17509,17509,0,0,297,false,true,0.5261647688221084,40.0188570022583,10.283156394958496,8.357694625854492,0,0.01885700225830078,0,28.97289116758672
1,curved,L1,17508,17508,0,0,297,false,true,0.5261647688221084,40.0188570022583,10.283156394958496,8.357694625854492,0,0.01885700225830078,0,28.97289116758672
1,curved,L1,17508,17508,0,0,297,false,true,0.5261647688221084,39.60141396522522,10.283156394958496,8.357694625854492,0,-0.3985860347747803,0,28.907765118829307
1,curved,L1,17410,17410,0,0,297,false,true,0.5261647688221084,40.436312437057495,10.283156394958496,8.357694625854492,0,0.4363124370574951,0,28.97289116758672
1,curved,L1,17410,17410,0,0,297,false,true,0.5261647688221084,40.0188570022583,10.283156394958496,8.357694625854492,0,0.01885700225830078,0,28.97289116758672
1,curved,L1,17413,17413,0,0,297,false,true,0.5261647688221084,40.0188570022583,10.283156394958496,8.357694625854492,0,0.01885700225830078,0,28.97289116758672
1,curved,L1,17413,17413,0,0,297,false,true,0.5261647688221084,40.436312437057495,10.283156394958496,8.357694625854492,0,0.4363124370574951,0,28.97289116758672
1,curved,L1,17511,17511,0,0,297,false,true,0.5261647688221084,39.60141396522522,10.283156394958496,8.357694625854492,0,-0.3985860347747803,0,28.907765118829307
1,curved,L1,17511,17511,0,0,297,false,true,0.5261647688221084,40.0188570022583,10.283156394958496,8.357694625854492,0,0.01885700225830078,0,28.97289116758672
1,curved,L1,17412,17412,0,0,297,false,true,0.5261647688221084,40.436312437057495,10.283156394958496,8.357694625854492,0,0.4363124370574951,0,28.97289116758672
1,curved,L1,17412,17412,0,0,297,false,true,0.5261647688221084,40.436312437057495,10.283156394958496,8.357694625854492,0,0.4363124370574951,0,28.97289116758672
1,curved,L1,17510,17510,0,0,297,false,true,0.5261647688221084,40.0188570022583,10.283156394958496,8.357694625854492,0,0.01885700225830078,0,28.97289116758672
1,curved,L1,17510,17510,0,0,297,false,true,0.5261647688221084,40.0188570022583,10.283156394958496,8.357694625854492,0,0.01885700225830078,0,28.97289116758672
1,curved,L1,17707,17707,0,0,297,false,true,0.5261647688221084,39.183958411216736,10.283156394958496,8.357694625854492,0,-0.8160415887832642,0,27.967229154635792
1,curved,L1,17707,17707,0,0,297,false,true,0.5261647688221084,39.183958411216736,10.283156394958496,8.357694625854492,0,-0.8160415887832642,0,27.967229154635792
1,curved,L1,17609,17609,0,0,297,false,true,0.5261647688221084,39.60141396522522,10.283156394958496,8.357694625854492,0,-0.3985860347747803,0,28.907765118829307
1,curved,L1,17609,17609,0,0,297,false,true,0.5261647688221084,39.60141396522522,10.283156394958496,8.357694625854492,0,-0.3985860347747803,0,28.907765118829307
1,curved,L1,17706,17706,0,0,297,false,true,0.5261647688221084,39.183958411216736,10.283156394958496,8.357694625854492,0,-0.8160415887832642,0,27.967229154635792
1,curved,L1,17706,17706,0,0,297,false,true,0.5261647688221084,38.76650297641754,10.283156394958496,8.357694625854492,0,-1.2334970235824585,0,27.295261905915222
1,curved,L1,17608,17608,0,0,297,false,true,0.5261647688221084,39.60141396522522,10.283156394958496,8.357694625854492,0,-0.3985860347747803,0,28.907765118829307
1,curved,L1,17608,17608,0,0,297,false,true,0.5261647688221084,39.183958411216736,10.283156394958496,8.357694625854492,0,-0.8160415887832642,0,27.967229154635792
1,curved,L1,17611,17611,0,0,297,false,true,0.5261647688221084,39.183958411216736,10.283156394958496,8.357694625854492,0,-0.8160415887832642,0,27.967229154635792
1,curved,L1,17611,17611,0,0,297,false,true,0.5261647688221084,39.60141396522522,10.283156394958496,8.357694625854492,0,-0.3985860347747803,0,28.907765118829307
1,curved,L1,17709,17709,0,0,297,false,true,0.5261647688221084,38.76650297641754,10.283156394958496,8.357694625854492,0,-1.2334970235824585,0,27.295261905915222
1,curved,L1,17709,17709,0,0,297,false,true,0.5261647688221084,39.183958411216736,10.283156394958496,8.357694625854492,0,-0.8160415887832642,0,27.967229154635792
1,curved,L1,17610,17610,0,0,297,false,true,0.5261647688221084,39.60141396522522,10.283156394958496,8.357694625854492,0,-0.3985860347747803,0,28.907765118829307
1,curved,L1,17610,17610,0,0,297,false,true,0.5261647688221084,39.60141396522522,10.283156394958496,8.357694625854492,0,-0.3985860347747803,0,28.907765118829307
1,curved,L1,17708,17708,0,0,297,false,true,0.5261647688221084,39.183958411216736,10.283156394958496,8.357694625854492,0,-0.8160415887832642,0,27.967229154635792
1,curved,L1,17708,17708,0,0,297,false,true,0.5261647688221084,39.183958411216736,10.283156394958496,8.357694625854492,0,-0.8160415887832642,0,27.967229154635792
1,curved,L1,17805,17805,0,0,297,false,true,0.5261647688221084,38.76650297641754,10.283156394958496,8.357694625854492,0,-1.2334970235824585,0,27.295261905915222
1,curved,L1,17805,17805,0,0,297,false,true,0.5261647688221084,38.76650297641754,10.283156394958496,8.357694625854492,0,-1.2334970235824585,0,27.295261905915222
1,curved,L1,17804,17804,0,0,297,false,true,0.5261647688221084,38.76650297641754,10.283156394958496,8.357694625854492,0,-1.2334970235824585,0,27.295261905915222
1,curved,L1,17804,17804,0,0,297,false,true,0.5261647688221084,38.5,10.283156394958496,8.357694625854492,0,-1.5,0,26.95755353607873
1,curved,L1,17806,17806,0,0,297,false,true,0.5261647688221084,38.76650297641754,10.283156394958496,8.357694625854492,0,-1.2334970235824585,0,27.295261905915222
1,curved,L1,17806,17806,0,0,297,false,true,0.5261647688221084,38.76650297641754,10.283156394958496,8.357694625854492,0,-1.2334970235824585,0,27.295261905915222
1,curved,L1,17807,17807,0,0,297,false,true,0.5261647688221084,38.5,10.283156394958496,8.357694625854492,0,-1.5,0,26.95755353607873
1,curved,L1,17807,17807,0,0,297,false,true,0.5261647688221084,38.76650297641754,10.283156394958496,8.357694625854492,0,-1.2334970235824585,0,27.295261905915222
1,curved,L1,15276,15276,0,0,298,true,true,0.3309261193287251,39.13191033836892,10.193542345909828,8.095105839931962,0.08961404904866832,-0.8680896616310818,-0.26258878592252977,27.754480545048423
1,curved,L1,15276,15276,0,0,298,true,true,0.3309261193287251,39.183958411216736,10.196433788934803,8.096164466759552,0.08672260602369342,-0.8160415887832642,-0.2615301590949404,27.940860548607724
1,curved,L1,15277,15277,0,0,298,true,true,0.3309261193287251,38.76650297641754,10.178795261218932,8.088806331126651,0.10436113373956424,-1.2334970235824585,-0.2688882947278408,27.297686860231174
1,curved,L1,15277,15277,0,0,298,true,true,0.3309261193287251,39.13191033836892,10.193542345909828,8.095105839931962,0.08961404904866832,-0.8680896616310818,-0.26258878592252977,27.754480545048423
1,curved,L1,15273,15273,0,0,298,true,true,0.3309261193287251,39.183958411216736,10.196433788934804,8.096164466759552,0.08672260602369164,-0.8160415887832642,-0.2615301590949404,27.940860548607724
1,curved,L1,15273,15273,0,0,298,true,true,0.3309261193287251,39.22262677715028,10.19762201397437,8.096755141347465,0.08553438098412691,-0.7773732228497181,-0.260939484507027,27.978059405287812
1,curved,L1,15280,15280,0,0,298,true,true,0.3309261193287251,38.70615065163438,10.17682632996951,8.087861091330694,0.10633006498898645,-1.2938493483656188,-0.2698335345237979,27.237396580811502
1,curved,L1,15280,15280,0,0,298,true,true,0.3309261193287251,38.76650297641754,10.17879526121893,8.088806331126651,0.10436113373956601,-1.2334970235824585,-0.2688882947278408,27.297686860231174
1,curved,L1,15281,15281,0,0,298,true,true,0.3309261193287251,38.48283881723346,10.170681543732575,8.084596232227733,0.1124748512259206,-1.517161182766543,-0.2730983936267588,26.95330270892903
1,curved,L1,15281,15281,0,0,298,true,true,0.3309261193287251,38.70615065163438,10.17682632996951,8.087861091330693,0.10633006498898645,-1.2938493483656188,-0.26983353452379966,27.237396580811502
1,curved,L1,15254,15254,0,0,299,true,true,0.5261647688221084,41.22750368693013,10.241535819959024,8.102371530858752,0.041620574999472026,1.2275036869301275,-0.2553230949957399,28.97289116758672
1,curved,L1,15254,15254,0,0,299,true,true,0.5261647688221084,41.27122354507446,10.244456846203994,8.102745117725037,0.038699548754502544,1.271223545074463,-0.2549495081294548,28.97289116758672
1,curved,L1,15225,15225,0,0,299,false,true,0.5261647688221084,41.27122354507446,10.244456846203994,8.102745117725037,0.038699548754502544,1.271223545074463,-0.2549495081294548,28.97289116758672
1,curved,L1,15225,15225,0,0,299,false,true,0.5261647688221084,41.49351592970485,10.245835858851262,8.10292148759311,0.0373205361072344,1.4935159297048486,-0.2547731382613829,28.97289116758672
1,curved,L1,15264,15264,0,0,299,true,true,0.5261647688221084,40.390378343337,10.226431670114073,8.100439774162563,0.05672472484442359,0.39037834333699806,-0.2572548516919291,28.97289116758672
1,curved,L1,15264,15264,0,0,299,true,true,0.5261647688221084,40.436312437057495,10.230302161144378,8.10093479354744,0.052854233814118246,0.4363124370574951,-0.25675983230705235,28.97289116758672
1,curved,L1,15258,15258,0,0,299,true,true,0.5261647688221084,40.80906146765357,10.234806116594884,8.101510830344623,0.048350278363612276,0.8090614676535708,-0.2561837955098696,28.97289116758672
1,curved,L1,15258,15258,0,0,299,true,true,0.5261647688221084,40.85376787185669,10.238534744374453,8.101987706021488,0.04462165058404288,0.8537678718566895,-0.2557069198330044,28.97289116758672
1,curved,L1,15259,15259,0,0,299,true,true,0.5261647688221084,40.436312437057495,10.23030216114438,8.10093479354744,0.05285423381411647,0.4363124370574951,-0.25675983230705235,28.97289116758672
1,curved,L1,15259,15259,0,0,299,true,true,0.5261647688221084,40.80906146765357,10.234806116594884,8.101510830344623,0.048350278363612276,0.8090614676535708,-0.2561837955098696,28.97289116758672
1,curved,L1,15255,15255,0,0,299,true,true,0.5261647688221084,40.85376787185669,10.238534744374453,8.101987706021488,0.04462165058404288,0.8537678718566895,-0.2557069198330044,28.97289116758672
1,curved,L1,15255,15255,0,0,299,true,true,0.5261647688221084,41.22750368693013,10.241535819959024,8.102371530858754,0.041620574999472026,1.2275036869301275,-0.25532309499573813,28.97289116758672
1,curved,L1,15268,15268,0,0,299,true,true,0.5261647688221084,39.971516942666845,10.216831555454998,8.099211960219558,0.06632483950349766,-0.028483057333154704,-0.2584826656349346,28.902803736586893
1,curved,L1,15268,15268,0,0,299,true,true,0.5261647688221084,40.0188570022583,10.22060874420228,8.099695046638207,0.06254765075621549,0.01885700225830078,-0.25799957921628547,28.914265184309794
1,curved,L1,15269,15269,0,0,299,true,true,0.5261647688221084,39.60141396522522,10.2096361672979,8.098291700595755,0.0735202276605964,-0.3985860347747803,-0.25940292525873687,28.835232921363907
1,curved,L1,15269,15269,0,0,299,true,true,0.5261647688221084,39.971516942666845,10.216831555454997,8.099211960219558,0.06632483950349943,-0.028483057333154704,-0.2584826656349346,28.902803736586893
1,curved,L1,15265,15265,0,0,299,true,true,0.5261647688221084,40.0188570022583,10.22060874420228,8.099695046638207,0.06254765075621549,0.01885700225830078,-0.25799957921628547,28.914265184309794
1,curved,L1,15265,15265,0,0,299,true,true,0.5261647688221084,40.390378343337,10.226431670114074,8.100439774162563,0.056724724844421814,0.39037834333699806,-0.2572548516919291,28.97289116758672
1,curved,L1,15272,15272,0,0,299,true,true,0.5261647688221084,39.55250230798001,10.206120891973882,8.097842111792954,0.07703550298461437,-0.44749769201998646,-0.25985251406153864,28.82377307965344
1,curved,L1,15272,15272,0,0,299,true,true,0.5261647688221084,39.60141396522522,10.209636167297901,8.098291700595755,0.07352022766059463,-0.3985860347747803,-0.25940292525873687,28.835232921363907
1,curved,L1,15273,15273,0,0,299,true,true,0.5261647688221084,39.22262677715028,10.197622013974367,8.096755141347467,0.08553438098412869,-0.7773732228497181,-0.2609394845070252,27.978059405287812
1,curved,L1,15273,15273,0,0,299,true,true,0.5261647688221084,39.55250230798001,10.20612089197388,8.097842111792954,0.07703550298461614,-0.44749769201998646,-0.25985251406153864,28.823773079653435
1,curved,L1,17132,17132,0,0,300,false,true,0.04414434159801282,41.5,10.283156394958496,8.357694625854492,0,1.5,0,28.97289116758672
1,curved,L1,17132,17132,0,0,300,false,true,0.04414434159801282,41.5,10.283156394958496,8.357694625854492,0,1.5,0,28.97289116758672
1,curved,L1,17135,17135,0,0,300,false,true,0.04414434159801282,41.5,10.283156394958496,8.357694625854492,0,1.5,0,28.97289116758672
1,curved,L1,17135,17135,0,0,300,false,true,0.04414434159801282,41.5,10.283156394958496,8.357694625854492,0,1.5,0,28.97289116758672
1,curved,L1,15225,15225,0,0,301,false,true,0.04414434159801282,41.49351592970485,10.245835858851262,8.10292148759311,0.0373205361072344,1.4935159297048486,-0.2547731382613829,28.97289116758672
1,curved,L1,15225,15225,0,0,301,false,true,0.04414434159801282,41.493994936166146,10.248592889099347,8.14051342010498,0.03456350585914869,1.4939949361661462,-0.21718120574951172,28.97289116758672
1,curved,L1,17133,17133,0,0,301,false,true,0.04414434159801282,41.493994936166146,10.24859288909935,8.14051342010498,0.034563505859146915,1.4939949361661462,-0.21718120574951172,28.97289116758672
1,curved,L1,17133,17133,0,0,301,false,true,0.04414434159801282,41.49713562732897,10.266669848880554,8.258047680027321,0.01648654607794242,1.4971356273289729,-0.09964694582717115,28.97289116758672
1,curved,L1,17132,17132,0,0,301,false,true,0.04414434159801282,41.49713562732897,10.266669848880554,8.258047680027321,0.01648654607794242,1.4971356273289729,-0.09964694582717115,28.97289116758672
1,curved,L1,17132,17132,0,0,301,false,true,0.04414434159801282,41.5,10.283156394958496,8.357694625854492,0,1.5,0,28.97289116758672
1,curved,L1,17135,17135,0,0,301,false,true,0.04414434159801282,41.5,10.283156394958496,8.357694625854492,0,1.5,0,28.97289116758672
1,curved,L1,17135,17135,0,0,301,false,true,0.04414434159801282,41.5,10.283156394958496,8.357694625854492,0,1.5,0,28.97289116758672
1,curved,L1,17804,17804,0,0,302,false,true,0.027399607920277715,38.5,10.283156394958496,8.357694625854492,0,-1.5,0,26.95755353607873
1,curved,L1,17804,17804,0,0,302,false,true,0.027399607920277715,38.5,10.283156394958496,8.357694625854492,0,-1.5,0,26.95755353607873
1,curved,L1,17807,17807,0,0,302,false,true,0.027399607920277715,38.5,10.283156394958496,8.357694625854492,0,-1.5,0,26.95755353607873
1,curved,L1,17807,17807,0,0,302,false,true,0.027399607920277715,38.5,10.283156394958496,8.357694625854492,0,-1.5,0,26.95755353607873
1,curved,L1,15281,15281,0,0,303,true,true,0.027399607920277715,38.48657157902736,10.19514616444915,8.14051342010498,0.08801023050934553,-1.5134284209726374,-0.21718120574951172,26.954227314499214
1,curved,L1,15281,15281,0,0,303,true,true,0.027399607920277715,38.48283881723346,10.170681543732575,8.084596232227733,0.1124748512259206,-1.517161182766543,-0.2730983936267588,26.95330270892903
1,curved,L1,17805,17805,0,0,303,true,true,0.027399607920277715,38.49083972913709,10.223119734519011,8.214280851980071,0.060036660439484635,-1.5091602708629068,-0.14341377387442122,26.955284535823193
1,curved,L1,17805,17805,0,0,303,true,true,0.027399607920277715,38.48657157902736,10.19514616444915,8.14051342010498,0.08801023050934553,-1.5134284209726374,-0.21718120574951172,26.954227314499214
1,curved,L1,17804,17804,0,0,303,true,true,0.027399607920277715,38.5,10.283156394958496,8.357694625854492,0,-1.5,0,26.95755353607873
1,curved,L1,17804,17804,0,0,303,true,true,0.027399607920277715,38.49083972913709,10.223119734519011,8.214280851980071,0.060036660439484635,-1.5091602708629068,-0.14341377387442122,26.955284535823193
1,curved,L1,17807,17807,0,0,303,false,true,0.027399607920277715,38.5,10.283156394958496,8.357694625854492,0,-1.5,0,26.95755353607873
1,curved,L1,17807,17807,0,0,303,false,true,0.027399607920277715,38.5,10.283156394958496,8.357694625854492,0,-1.5,0,26.95755353607873
1,curved,L1,17227,17227,0,0,306,false,true,0.375,41.27122354507446,10.283156394958496,8.357694625854492,0,1.271223545074463,0,28.97289116758672
1,curved,L1,17227,17227,0,0,306,false,true,0.375,41.27122354507446,10.283156394958496,8.357694625854492,0,1.271223545074463,0,28.97289116758672
1,curved,L1,17132,17132,0,0,306,false,true,0.375,41.5,10.283156394958496,8.357694625854492,0,1.5,0,28.97289116758672
1,curved,L1,17132,17132,0,0,306,false,true,0.375,41.27122354507446,10.283156394958496,8.357694625854492,0,1.271223545074463,0,28.97289116758672
1,curved,L1,17135,17135,0,0,306,false,true,0.375,41.5,10.283156394958496,8.357694625854492,0,1.5,0,28.97289116758672
1,curved,L1,17135,17135,0,0,306,false,true,0.375,41.27122354507446,10.283156394958496,8.357694625854492,0,1.271223545074463,0,28.97289116758672
1,curved,L1,17228,17228,0,0,306,false,true,0.375,41.27122354507446,10.283156394958496,8.357694625854492,0,1.271223545074463,0,28.97289116758672
1,curved,L1,17228,17228,0,0,306,false,true,0.375,41.27122354507446,10.283156394958496,8.357694625854492,0,1.271223545074463,0,28.97289116758672
1,curved,L1,17411,17411,0,0,306,false,true,0.375,40.436312437057495,10.283156394958496,8.357694625854492,0,0.4363124370574951,0,28.97289116758672
1,curved,L1,17411,17411,0,0,306,false,true,0.375,40.436312437057495,10.283156394958496,8.357694625854492,0,0.4363124370574951,0,28.97289116758672
1,curved,L1,17317,17317,0,0,306,false,true,0.375,40.85376787185669,10.283156394958496,8.357694625854492,0,0.8537678718566895,0,28.97289116758672
1,curved,L1,17317,17317,0,0,306,false,true,0.375,40.85376787185669,10.283156394958496,8.357694625854492,0,0.8537678718566895,0,28.97289116758672
1,curved,L1,17316,17316,0,0,306,false,true,0.375,40.85376787185669,10.283156394958496,8.357694625854492,0,0.8537678718566895,0,28.97289116758672
1,curved,L1,17316,17316,0,0,306,false,true,0.375,40.436312437057495,10.283156394958496,8.357694625854492,0,0.4363124370574951,0,28.97289116758672
1,curved,L1,17226,17226,0,0,306,false,true,0.375,41.27122354507446,10.283156394958496,8.357694625854492,0,1.271223545074463,0,28.97289116758672
1,curved,L1,17226,17226,0,0,306,false,true,0.375,40.85376787185669,10.283156394958496,8.357694625854492,0,0.8537678718566895,0,28.97289116758672
1,curved,L1,17229,17229,0,0,306,false,true,0.375,41.27122354507446,10.283156394958496,8.357694625854492,0,1.271223545074463,0,28.97289116758672
1,curved,L1,17229,17229,0,0,306,false,true,0.375,40.85376787185669,10.283156394958496,8.357694625854492,0,0.8537678718566895,0,28.97289116758672
1,curved,L1,17319,17319,0,0,306,false,true,0.375,40.85376787185669,10.283156394958496,8.357694625854492,0,0.8537678718566895,0,28.97289116758672
1,curved,L1,17319,17319,0,0,306,false,true,0.375,40.436312437057495,10.283156394958496,8.357694625854492,0,0.4363124370574951,0,28.97289116758672
1,curved,L1,17318,17318,0,0,306,false,true,0.375,40.85376787185669,10.283156394958496,8.357694625854492,0,0.8537678718566895,0,28.97289116758672
1,curved,L1,17318,17318,0,0,306,false,true,0.375,40.85376787185669,10.283156394958496,8.357694625854492,0,0.8537678718566895,0,28.97289116758672
1,curved,L1,17509,17509,0,0,306,false,true,0.375,40.0188570022583,10.283156394958496,8.357694625854492,0,0.01885700225830078,0,28.97289116758672
1,curved,L1,17509,17509,0,0,306,false,true,0.375,40.0188570022583,10.283156394958496,8.357694625854492,0,0.01885700225830078,0,28.97289116758672
1,curved,L1,17508,17508,0,0,306,false,true,0.375,40.0188570022583,10.283156394958496,8.357694625854492,0,0.01885700225830078,0,28.97289116758672
1,curved,L1,17508,17508,0,0,306,false,true,0.375,39.60141396522522,10.283156394958496,8.357694625854492,0,-0.3985860347747803,0,28.907765118829307
1,curved,L1,17410,17410,0,0,306,false,true,0.375,40.436312437057495,10.283156394958496,8.357694625854492,0,0.4363124370574951,0,28.97289116758672
1,curved,L1,17410,17410,0,0,306,false,true,0.375,40.0188570022583,10.283156394958496,8.357694625854492,0,0.01885700225830078,0,28.97289116758672
1,curved,L1,17413,17413,0,0,306,false,true,0.375,40.436312437057495,10.283156394958496,8.357694625854492,0,0.4363124370574951,0,28.97289116758672
1,curved,L1,17413,17413,0,0,306,false,true,0.375,40.0188570022583,10.283156394958496,8.357694625854492,0,0.01885700225830078,0,28.97289116758672
1,curved,L1,17511,17511,0,0,306,false,true,0.375,40.0188570022583,10.283156394958496,8.357694625854492,0,0.01885700225830078,0,28.97289116758672
1,curved,L1,17511,17511,0,0,306,false,true,0.375,39.60141396522522,10.283156394958496,8.357694625854492,0,-0.3985860347747803,0,28.907765118829307
1,curved,L1,17412,17412,0,0,306,false,true,0.375,40.436312437057495,10.283156394958496,8.357694625854492,0,0.4363124370574951,0,28.97289116758672
1,curved,L1,17412,17412,0,0,306,false,true,0.375,40.436312437057495,10.283156394958496,8.357694625854492,0,0.4363124370574951,0,28.97289116758672
1,curved,L1,17510,17510,0,0,306,false,true,0.375,40.0188570022583,10.283156394958496,8.357694625854492,0,0.01885700225830078,0,28.97289116758672
1,curved,L1,17510,17510,0,0,306,false,true,0.375,40.0188570022583,10.283156394958496,8.357694625854492,0,0.01885700225830078,0,28.97289116758672
1,curved,L1,17707,17707,0,0,306,false,true,0.375,39.183958411216736,10.283156394958496,8.357694625854492,0,-0.8160415887832642,0,27.967229154635792
1,curved,L1,17707,17707,0,0,306,false,true,0.375,39.183958411216736,10.283156394958496,8.357694625854492,0,-0.8160415887832642,0,27.967229154635792
1,curved,L1,17609,17609,0,0,306,false,true,0.375,39.60141396522522,10.283156394958496,8.357694625854492,0,-0.3985860347747803,0,28.907765118829307
1,curved,L1,17609,17609,0,0,306,false,true,0.375,39.60141396522522,10.283156394958496,8.357694625854492,0,-0.3985860347747803,0,28.907765118829307
1,curved,L1,17706,17706,0,0,306,false,true,0.375,39.183958411216736,10.283156394958496,8.357694625854492,0,-0.8160415887832642,0,27.967229154635792
1,curved,L1,17706,17706,0,0,306,false,true,0.375,38.76650297641754,10.283156394958496,8.357694625854492,0,-1.2334970235824585,0,27.295261905915222
1,curved,L1,17608,17608,0,0,306,false,true,0.375,39.60141396522522,10.283156394958496,8.357694625854492,0,-0.3985860347747803,0,28.907765118829307
1,curved,L1,17608,17608,0,0,306,false,true,0.375,39.183958411216736,10.283156394958496,8.357694625854492,0,-0.8160415887832642,0,27.967229154635792
1,curved,L1,17611,17611,0,0,306,false,true,0.375,39.60141396522522,10.283156394958496,8.357694625854492,0,-0.3985860347747803,0,28.907765118829307
1,curved,L1,17611,17611,0,0,306,false,true,0.375,39.183958411216736,10.283156394958496,8.357694625854492,0,-0.8160415887832642,0,27.967229154635792
1,curved,L1,17709,17709,0,0,306,false,true,0.375,39.183958411216736,10.283156394958496,8.357694625854492,0,-0.8160415887832642,0,27.967229154635792
1,curved,L1,17709,17709,0,0,306,false,true,0.375,38.76650297641754,10.283156394958496,8.357694625854492,0,-1.2334970235824585,0,27.295261905915222
1,curved,L1,17610,17610,0,0,306,false,true,0.375,39.60141396522522,10.283156394958496,8.357694625854492,0,-0.3985860347747803,0,28.907765118829307
1,curved,L1,17610,17610,0,0,306,false,true,0.375,39.60141396522522,10.283156394958496,8.357694625854492,0,-0.3985860347747803,0,28.907765118829307
1,curved,L1,17708,17708,0,0,306,false,true,0.375,39.183958411216736,10.283156394958496,8.357694625854492,0,-0.8160415887832642,0,27.967229154635792
1,curved,L1,17708,17708,0,0,306,false,true,0.375,39.183958411216736,10.283156394958496,8.357694625854492,0,-0.8160415887832642,0,27.967229154635792
1,curved,L1,17805,17805,0,0,306,false,true,0.375,38.76650297641754,10.283156394958496,8.357694625854492,0,-1.2334970235824585,0,27.295261905915222
1,curved,L1,17805,17805,0,0,306,false,true,0.375,38.76650297641754,10.283156394958496,8.357694625854492,0,-1.2334970235824585,0,27.295261905915222
1,curved,L1,17804,17804,0,0,306,false,true,0.375,38.76650297641754,10.283156394958496,8.357694625854492,0,-1.2334970235824585,0,27.295261905915222
1,curved,L1,17804,17804,0,0,306,false,true,0.375,38.5,10.283156394958496,8.357694625854492,0,-1.5,0,26.95755353607873
1,curved,L1,17806,17806,0,0,306,false,true,0.375,38.76650297641754,10.283156394958496,8.357694625854492,0,-1.2334970235824585,0,27.295261905915222
1,curved,L1,17806,17806,0,0,306,false,true,0.375,38.76650297641754,10.283156394958496,8.357694625854492,0,-1.2334970235824585,0,27.295261905915222
1,curved,L1,17807,17807,0,0,306,false,true,0.375,38.76650297641754,10.283156394958496,8.357694625854492,0,-1.2334970235824585,0,27.295261905915222
1,curved,L1,17807,17807,0,0,306,false,true,0.375,38.5,10.283156394958496,8.357694625854492,0,-1.5,0,26.95755353607873
1,curved,L1,17132,17132,0,0,307,false,true,0.375,41.5,10.283156394958496,8.357694625854492,0,1.5,0,28.97289116758672
1,curved,L1,17132,17132,0,0,307,false,true,0.375,41.5,10.283156394958496,8.357694625854492,0,1.5,0,28.97289116758672
1,curved,L1,17135,17135,0,0,307,false,true,0.375,41.5,10.283156394958496,8.357694625854492,0,1.5,0,28.97289116758672
1,curved,L1,17135,17135,0,0,307,false,true,0.375,41.5,10.283156394958496,8.357694625854492,0,1.5,0,28.97289116758672
1,direct,G1,13661,13661,0,0,0,false,true,26.69938066350512,13.128291130065918,18.161029815673828,6.666666507720947,0,-0.48624019622802805,0,0.14450912390859935
1,direct,G1,13661,13661,0,0,0,false,true,26.69938066350512,13.128291130065918,18.161029815673828,6.666666507720947,0,-0.48624019622802805,0,0.14450912390859935
1,direct,G1,13675,13675,0,0,0,false,true,26.69938066350512,13.128291130065918,18.724790573120117,6.666666507720947,0,0.07752056121826101,0,0
1,direct,G1,13675,13675,0,0,0,false,true,26.69938066350512,13.128291130065918,18.724790573120117,6.666666507720947,0,0.07752056121826101,0,0
1,direct,G1,13660,13660,0,0,0,false,true,26.69938066350512,13.128291130065918,17.597270965576172,6.666666507720947,0,-1.0499990463256843,0,0.3120565586030485
1,direct,G1,13660,13660,0,0,0,false,true,26.69938066350512,13.128291130065918,18.161029815673828,6.666666507720947,0,-0.48624019622802805,0,0.14450912390859935
1,direct,G1,13663,13663,0,0,0,false,true,26.69938066350512,13.128291130065918,17.597270965576172,6.666666507720947,0,-1.0499990463256843,0,0.3120565586030485
1,direct,G1,13663,13663,0,0,0,false,true,26.69938066350512,13.128291130065918,18.161029815673828,6.666666507720947,0,-0.48624019622802805,0,0.14450912390859935
1,direct,G1,13662,13662,0,0,0,false,true,26.69938066350512,13.128291130065918,18.161029815673828,6.666666507720947,0,-0.48624019622802805,0,0.14450912390859935
1,direct,G1,13662,13662,0,0,0,false,true,26.69938066350512,13.128291130065918,18.161029815673828,6.666666507720947,0,-0.48624019622802805,0,0.14450912390859935
1,direct,G1,13674,13674,0,0,0,false,true,26.69938066350512,13.128291130065918,18.161029815673828,6.666666507720947,0,-0.48624019622802805,0,0.14450912390859935
1,direct,G1,13674,13674,0,0,0,false,true,26.69938066350512,13.128291130065918,18.724790573120117,6.666666507720947,0,0.07752056121826101,0,0
1,direct,G1,13677,13677,0,0,0,false,true,26.69938066350512,13.128291130065918,18.161029815673828,6.666666507720947,0,-0.48624019622802805,0,0.14450912390859935
1,direct,G1,13677,13677,0,0,0,false,true,26.69938066350512,13.128291130065918,18.724790573120117,6.666666507720947,0,0.07752056121826101,0,0
1,direct,G1,13676,13676,0,0,0,false,true,26.69938066350512,13.128291130065918,18.724790573120117,6.666666507720947,0,0.07752056121826101,0,0
1,direct,G1,13676,13676,0,0,0,false,true,26.69938066350512,13.128291130065918,18.724790573120117,6.666666507720947,0,0.07752056121826101,0,0
1,direct,G1,13692,13692,0,0,0,false,true,26.69938066350512,13.128291130065918,19.288551330566406,6.666666507720947,0,0.6412813186645501,0,0
1,direct,G1,13692,13692,0,0,0,false,true,26.69938066350512,13.128291130065918,19.288551330566406,6.666666507720947,0,0.6412813186645501,0,0
1,direct,G1,13693,13693,0,0,0,false,true,26.69938066350512,13.128291130065918,18.724790573120117,6.666666507720947,0,0.07752056121826101,0,0
1,direct,G1,13693,13693,0,0,0,false,true,26.69938066350512,13.128291130065918,19.288551330566406,6.666666507720947,0,0.6412813186645501,0,0
1,direct,G1,13695,13695,0,0,0,false,true,26.69938066350512,13.128291130065918,18.724790573120117,6.666666507720947,0,0.07752056121826101,0,0
1,direct,G1,13695,13695,0,0,0,false,true,26.69938066350512,13.128291130065918,19.288551330566406,6.666666507720947,0,0.6412813186645501,0,0
1,direct,G1,13694,13694,0,0,0,false,true,26.69938066350512,13.128291130065918,19.288551330566406,6.666666507720947,0,0.6412813186645501,0,0
1,direct,G1,13694,13694,0,0,0,false,true,26.69938066350512,13.128291130065918,19.288551330566406,6.666666507720947,0,0.6412813186645501,0,0
1,direct,G1,13691,13691,0,0,0,false,true,26.69938066350512,13.128291130065918,19.288551330566406,6.666666507720947,0,0.6412813186645501,0,0
1,direct,G1,13691,13691,0,0,0,false,true,26.69938066350512,13.128291130065918,19.288551330566406,6.666666507720947,0,0.6412813186645501,0,0
1,direct,G1,13714,13714,0,0,0,false,true,26.69938066350512,13.128291130065918,19.288551330566406,6.666666507720947,0,0.6412813186645501,0,0
1,direct,G1,13714,13714,0,0,0,false,true,26.69938066350512,13.128291130065918,19.288551330566406,6.666666507720947,0,0.6412813186645501,0,0
1,direct,G1,13717,13717,0,0,0,false,true,26.69938066350512,13.128291130065918,19.288551330566406,6.666666507720947,0,0.6412813186645501,0,0
1,direct,G1,13717,13717,0,0,0,false,true,26.69938066350512,13.128291130065918,19.697269439697266,6.666666507720947,0,1.0499994277954094,0,0
1,direct,G1,13715,13715,0,0,0,false,true,26.69938066350512,13.128291130065918,19.288551330566406,6.666666507720947,0,0.6412813186645501,0,0
1,direct,G1,13715,13715,0,0,0,false,true,26.69938066350512,13.128291130065918,19.697269439697266,6.666666507720947,0,1.0499994277954094,0,0
1,direct,G1,15234,15234,0,0,0,true,true,26.69938066350512,22.56141860227757,15.623902797698975,7.295385837554932,9.433127472211652,-3.0233672142028816,0.6287193298339844,9.905438431436536
1,direct,G1,15234,15234,0,0,0,true,true,26.69938066350512,22.56141860227757,15.52442216886547,7.295385837554932,9.433127472211652,-3.1228478430363857,0.6287193298339844,9.935003775129069
1,direct,G1,15233,15233,0,0,0,true,true,26.69938066350512,22.56141860227757,15.52442216886547,7.295385837554932,9.433127472211652,-3.1228478430363857,0.6287193298339844,9.935003775129069
1,direct,G1,15233,15233,0,0,0,true,true,26.69938066350512,22.671113967895508,15.61275192643646,7.302697049765343,9.54282283782959,-3.034518085465397,0.6360305420443959,10.013491347382397
1,direct,G1,15370,15370,0,0,0,true,true,26.69938066350512,24.708927650841645,14.625243361482132,7.438517630674766,11.580636520775727,-4.022026650419724,0.7718511229538185,12.252713409960322
1,direct,G1,15370,15370,0,0,0,true,true,26.69938066350512,24.72616240916048,14.601375102996824,7.439666329845003,11.597871279094562,-4.045894908905032,0.7729998221240555,12.276263010788732
1,direct,G1,15372,15372,0,0,0,true,true,26.69938066350512,24.36239528656006,14.86831241904106,7.415421197760155,11.23410415649414,-3.778957592860797,0.7487546900392079,11.849599306960847
1,direct,G1,15372,15372,0,0,0,true,true,26.69938066350512,24.57376736954142,14.759082789289508,7.429509178098504,11.445476239475504,-3.8881872226123484,0.762842670377557,12.083883510355388
1,direct,G1,15333,15333,0,0,0,true,true,26.69938066350512,24.321156482233132,15.042944747341767,7.412672625402159,11.192865352167214,-3.6043252645600887,0.7460061176812118,11.758323626378473
1,direct,G1,15333,15333,0,0,0,true,true,26.69938066350512,24.362395286560055,14.868312419041061,7.415421197760156,11.234104156494137,-3.7789575928607952,0.7487546900392088,11.849599306960844
1,direct,G1,15332,15332,0,0,0,true,true,26.69938066350512,24.306279788589595,15.1126389503479,7.411681091588451,11.177988658523677,-3.534631061553956,0.745014583867504,11.723406210982002
1,direct,G1,15332,15332,0,0,0,true,true,26.69938066350512,24.321156482233132,15.042944747341767,7.412672625402159,11.192865352167214,-3.6043252645600887,0.7460061176812118,11.758323626378473
1,direct,G1,15330,15330,0,0,0,true,true,26.69938066350512,24.298742965463315,15.329923447860953,7.411178761221456,11.170451835397397,-3.3173465640409034,0.7445122535005089,11.651633631116777
1,direct,G1,15330,15330,0,0,0,true,true,26.69938066350512,24.3062797885896,15.1126389503479,7.411681091588451,11.177988658523681,-3.534631061553956,0.745014583867504,11.723406210982008
1,direct,G1,15331,15331,0,0,0,true,true,26.69938066350512,24.283815807695298,15.558038183066152,7.410183863966449,11.15552467762938,-3.089231828835704,0.7435173562455013,11.569585926051666
1,direct,G1,15331,15331,0,0,0,true,true,26.69938066350512,24.298742965463315,15.329923447860953,7.411178761221455,11.170451835397397,-3.3173465640409034,0.744512253500508,11.651633631116777
1,direct,G1,15373,15373,0,0,0,true,true,26.69938066350512,24.72616240916048,14.601375102996826,7.439666329845003,11.597871279094562,-4.04589490890503,0.7729998221240555,12.276263010788732
1,direct,G1,15373,15373,0,0,0,true,true,26.69938066350512,24.926156044006348,14.322418747293003,7.452995934945937,11.79786491394043,-4.324851264608853,0.7863294272249899,12.550125160224844
1,direct,G1,15371,15371,0,0,0,true,true,26.69938066350512,24.57376736954142,14.75908278928951,7.429509178098504,11.445476239475504,-3.8881872226123466,0.762842670377557,12.083883510355388
1,direct,G1,15371,15371,0,0,0,true,true,26.69938066350512,24.708927650841645,14.625243361482134,7.438517630674766,11.580636520775727,-4.022026650419722,0.7718511229538185,12.252713409960322
1,direct,G1,15230,15230,0,0,0,true,true,26.69938066350512,22.56141860227757,15.723383519314437,7.295385837554932,9.433127472211652,-2.9238864925874193,0.6287193298339844,9.875873060169486
1,direct,G1,15230,15230,0,0,0,true,true,26.69938066350512,22.56141860227757,15.623902797698975,7.295385837554932,9.433127472211652,-3.0233672142028816,0.6287193298339844,9.905438431436536
1,direct,G1,15231,15231,0,0,0,true,true,26.69938066350512,22.56141860227757,16.135167121887207,7.295385837554932,9.433127472211652,-2.512102890014649,0.6287193298339844,9.753492211960442
1,direct,G1,15231,15231,0,0,0,true,true,26.69938066350512,22.56141860227757,15.723383519314437,7.295385837554932,9.433127472211652,-2.9238864925874193,0.6287193298339844,9.875873060169486
1,direct,G1,15260,15260,0,0,0,true,true,26.69938066350512,22.671113967895508,15.61275192643646,7.302697049765343,9.54282283782959,-3.034518085465397,0.6360305420443959,10.013491347382397
1,direct,G1,15260,15260,0,0,0,true,true,26.69938066350512,22.688741194631486,15.623513066814493,7.303871907013157,9.560450064565568,-3.0237569450873636,0.6372053992922098,10.027123930216504
1,direct,G1,15261,15261,0,0,0,true,true,26.69938066350512,22.688741194631486,15.62351306681449,7.303871907013157,9.560450064565568,-3.0237569450873654,0.6372053992922098,10.027123930216504
1,direct,G1,15261,15261,0,0,0,true,true,26.69938066350512,22.688741194631486,15.623902797698975,7.303871907013157,9.560450064565568,-3.0233672142028816,0.6372053992922098,10.027008103369788
1,direct,G1,15258,15258,0,0,0,true,true,26.69938066350512,22.688741194631486,15.623902797698975,7.303871907013157,9.560450064565568,-3.0233672142028816,0.6372053992922098,10.027008103369788
1,direct,G1,15258,15258,0,0,0,true,true,26.69938066350512,22.688741194631486,16.11918131222336,7.303871907013157,9.560450064565568,-2.528088699678495,0.6372053992922098,9.879812818447052
1,direct,G1,15259,15259,0,0,0,true,true,26.69938066350512,22.688741194631486,16.11918131222336,7.303871907013157,9.560450064565568,-2.528088699678495,0.6372053992922098,9.879812818447052
1,direct,G1,15259,15259,0,0,0,true,true,26.69938066350512,22.813817801434595,16.10347749412801,7.312208281204942,9.685526671368677,-2.543792517773845,0.6455417734839948,10.003905114531767
1,direct,G1,15229,15229,0,0,0,true,true,26.69938066350512,22.561969964802483,16.196925042981814,7.2954225859481,9.433678834736565,-2.4503449689200423,0.6287560782271528,9.735664393416283
1,direct,G1,15229,15229,0,0,0,true,true,26.69938066350512,22.561418602277573,16.135167121887207,7.295385837554932,9.433127472211655,-2.512102890014649,0.6287193298339844,9.753492211960445
1,direct,G1,15453,15453,0,0,0,true,true,26.69938066350512,26.05367660522461,13.984165554274567,7.528145345754967,12.925385475158691,-4.6631044576272895,0.8614788380340199,13.727227872967761
1,direct,G1,15453,15453,0,0,0,true,true,26.69938066350512,25.782389871761097,13.949368159378318,7.510064045172687,12.65409874169518,-4.697901852523538,0.8433975374517395,13.478540590107885
1,direct,G1,15488,15488,0,0,0,true,true,26.69938066350512,26.126670403221148,14.06127108180659,7.533010393099405,12.99837927315523,-4.585998930095267,0.8663438853784573,13.77400800184019
1,direct,G1,15488,15488,0,0,0,true,true,26.69938066350512,26.05367660522461,13.984165554274565,7.528145345754967,12.925385475158691,-4.663104457627291,0.8614788380340199,13.727227872967763
1,direct,G1,16265,16265,0,0,0,true,true,26.69938066350512,27.141515153350692,13.842545865929555,7.600649944570174,14.013224023284774,-4.804724145972301,0.9339834368492266,14.80800267114888
1,direct,G1,16265,16265,0,0,0,true,true,26.69938066350512,26.888772351219238,14.090111255645752,7.583804599731513,13.76048122115332,-4.557158756256104,0.9171380920105658,14.493104063708067
1,direct,G1,16266,16266,0,0,0,true,true,26.69938066350512,27.181198120117188,13.814303256412483,7.603294820126531,14.05290699005127,-4.832966755489373,0.9366283124055839,14.854286228704387
1,direct,G1,16266,16266,0,0,0,true,true,26.69938066350512,27.141515153350692,13.842545865929557,7.600649944570174,14.013224023284774,-4.804724145972299,0.9339834368492266,14.808002671148877
1,direct,G1,16314,16314,0,0,0,true,true,26.69938066350512,27.47069145631908,13.57884740829468,7.622589593452179,14.342400326253163,-5.068422603607177,0.9559230857312313,15.200675921551365
1,direct,G1,16314,16314,0,0,0,true,true,26.69938066350512,27.263089143815492,13.746623768474333,7.608752868869187,14.134798013749574,-4.9006462434275235,0.94208636114824,14.95259124382509
1,direct,G1,16313,16313,0,0,0,true,true,26.69938066350512,27.26308914381549,13.74662376847433,7.608752868869186,14.13479801374957,-4.900646243427525,0.9420863611482391,14.952591243825083
1,direct,G1,16313,16313,0,0,0,true,true,26.69938066350512,27.181198120117188,13.814303256412483,7.603294820126531,14.05290699005127,-4.832966755489373,0.9366283124055839,14.854286228704387
1,direct,G1,16316,16316,0,0,0,true,true,26.69938066350512,27.4760837919942,13.461112857236516,7.622948993415964,14.347792661928281,-5.18615715466534,0.9562824856950165,15.24081496540793
1,direct,G1,16316,16316,0,0,0,true,true,26.69938066350512,27.47069145631908,13.578847408294678,7.622589593452178,14.342400326253163,-5.0684226036071784,0.9559230857312304,15.200675921551365
1,direct,G1,15416,15416,0,0,0,true,true,26.69938066350512,24.926156044006348,14.322418747293003,7.452995934945937,11.79786491394043,-4.324851264608853,0.7863294272249899,12.550125160224844
1,direct,G1,15416,15416,0,0,0,true,true,26.69938066350512,25.335766648548038,14.277944901122114,7.480296541827269,12.20747551848212,-4.369325110779743,0.8136300341063221,12.954445488432727
1,direct,G1,15417,15417,0,0,0,true,true,26.69938066350512,25.335766648548038,14.277944901122114,7.480296541827268,12.20747551848212,-4.369325110779743,0.8136300341063212,12.954445488432727
1,direct,G1,15417,15417,0,0,0,true,true,26.69938066350512,25.48991584777832,14.261913431102275,7.490570608569185,12.361624717712402,-4.385356580799581,0.823904100848238,13.106394143481912
1,direct,G1,15450,15450,0,0,0,true,true,26.69938066350512,25.48991584777832,14.261913431102275,7.490570608569186,12.361624717712402,-4.385356580799581,0.8239041008482388,13.106394143481912
1,direct,G1,15450,15450,0,0,0,true,true,26.69938066350512,25.976817928132867,14.214187108676732,7.523022703651869,12.848526798066949,-4.433082903225124,0.856356195930922,13.58548024994203
1,direct,G1,15451,15451,0,0,0,true,true,26.69938066350512,25.976817928132867,14.214187108676732,7.523022703651869,12.848526798066949,-4.433082903225124,0.856356195930922,13.58548024994203
1,direct,G1,15451,15451,0,0,0,true,true,26.69938066350512,26.05367660522461,14.206947454089685,7.528145345754968,12.925385475158691,-4.440322557812172,0.8614788380340208,13.661017762378965
1,direct,G1,15484,15484,0,0,0,true,true,26.69938066350512,26.05367660522461,14.206947454089683,7.528145345754967,12.925385475158691,-4.440322557812173,0.8614788380340199,13.661017762378965
1,direct,G1,15484,15484,0,0,0,true,true,26.69938066350512,26.087665012289467,14.147954731746559,7.530410678071836,12.959373882223549,-4.499315280155297,0.8637441703508886,13.711002903211439
1,direct,G1,15487,15487,0,0,0,true,true,26.69938066350512,26.15608440563644,14.090111255645752,7.534970840675329,13.027793275570524,-4.557158756256104,0.8683043329543816,13.793521754494996
1,direct,G1,15487,15487,0,0,0,true,true,26.69938066350512,26.126670403221148,14.061271081806591,7.533010393099405,12.99837927315523,-4.585998930095265,0.8663438853784573,13.77400800184019
1,direct,G1,15485,15485,0,0,0,true,true,26.69938066350512,26.087665012289467,14.147954731746559,7.530410678071836,12.959373882223549,-4.499315280155297,0.8637441703508886,13.711002903211439
1,direct,G1,15485,15485,0,0,0,true,true,26.69938066350512,26.15608440563644,14.090111255645752,7.534970840675328,13.027793275570524,-4.557158756256104,0.8683043329543807,13.793521754494996
1,direct,G1,16263,16263,0,0,0,true,true,26.69938066350512,26.888772351219234,14.090111255645754,7.583804599731513,13.760481221153317,-4.5571587562561024,0.9171380920105658,14.493104063708067
1,direct,G1,16263,16263,0,0,0,true,true,26.69938066350512,27.120339847722402,14.50555259355278,7.599238607343696,13.992048717656484,-4.141717418349076,0.9325720996227487,14.590740541208135
1,direct,G1,13660,13660,0,0,1,false,true,11.260579830052722,13.128291130065918,17.597270965576172,6.666666507720947,0,-1.0499990463256843,0,0.3120565586030485
1,direct,G1,13660,13660,0,0,1,false,true,11.260579830052722,13.128291130065918,17.597270965576172,6.666666507720947,0,-1.0499990463256843,0,0.3120565586030485
1,direct,G1,13663,13663,0,0,1,false,true,11.260579830052722,13.128291130065918,17.597270965576172,6.666666507720947,0,-1.0499990463256843,0,0.3120565586030485
1,direct,G1,13663,13663,0,0,1,false,true,11.260579830052722,13.128291130065918,17.597270965576172,6.666666507720947,0,-1.0499990463256843,0,0.3120565586030485
1,direct,G1,15373,15373,0,0,1,true,true,11.260579830052722,24.92615604400635,14.381389897690807,7.410180334016976,11.797864913940433,-4.265880114211049,0.743513826296029,12.532599111687567
1,direct,G1,15373,15373,0,0,1,true,true,11.260579830052722,24.82069373120632,14.583015721995995,7.363564310306927,11.692402601140401,-4.064254289905861,0.6968978025859798,12.371979399911428
1,direct,G1,15453,15453,0,0,1,true,true,11.260579830052722,25.782389871761097,13.949368159378318,7.510064045172687,12.65409874169518,-4.697901852523538,0.8433975374517395,13.478540590107885
1,direct,G1,15453,15453,0,0,1,true,true,11.260579830052722,26.05367660522461,13.949875462496522,7.5099467563567925,12.925385475158691,-4.697394549405335,0.8432802486358453,13.737418785113714
1,direct,G1,15488,15488,0,0,1,true,true,11.260579830052722,26.05367660522461,13.949875462496523,7.5099467563567925,12.925385475158691,-4.697394549405333,0.8432802486358453,13.737418785113714
1,direct,G1,15488,15488,0,0,1,true,true,11.260579830052722,26.235350105366447,14.067657700633118,7.482715425129661,13.107058975300529,-4.579612311268738,0.8160489174087138,13.87587905655465
1,direct,G1,15534,15534,0,0,1,true,true,11.260579830052722,26.820606535497337,14.06744609420629,7.482764348675264,13.692315405431419,-4.579823917695567,0.8160978409543169,14.434754257385283
1,direct,G1,15534,15534,0,0,1,true,true,11.260579830052722,26.96244241960054,13.954107274321617,7.508968358668626,13.83415128953462,-4.69316273758024,0.8423018509476785,14.603865411575867
1,direct,G1,15533,15533,0,0,1,true,true,11.260579830052722,26.96244241960054,13.954107274321618,7.508968358668625,13.83415128953462,-4.693162737580238,0.8423018509476776,14.603865411575867
1,direct,G1,15533,15533,0,0,1,true,true,11.260579830052722,27.181198120117188,13.775448165616032,7.550274462567447,14.05290699005127,-4.871821846285824,0.8836079548465001,14.865833844828973
1,direct,G1,15594,15594,0,0,1,true,true,11.260579830052722,27.181198120117188,13.77544816561603,7.550274462567447,14.05290699005127,-4.871821846285826,0.8836079548465001,14.865833844828973
1,direct,G1,15594,15594,0,0,1,true,true,11.260579830052722,27.284643822073704,13.704011872304237,7.566790580749512,14.156352692007786,-4.943258139597619,0.9001240730285645,14.985836126877565
1,direct,G1,16314,16314,0,0,1,true,true,11.260579830052722,27.284643822073704,13.704011872304235,7.566790580749512,14.156352692007786,-4.943258139597621,0.9001240730285645,14.985836126877569
1,direct,G1,16314,16314,0,0,1,true,true,11.260579830052722,27.452279453696843,13.578847408294676,7.595728687472853,14.323988323630925,-5.06842260360718,0.9290621797519059,15.183095843443956
1,direct,G1,16316,16316,0,0,1,true,true,11.260579830052722,27.452279453696843,13.578847408294678,7.595728687472853,14.323988323630925,-5.0684226036071784,0.9290621797519059,15.183095843443956
1,direct,G1,16316,16316,0,0,1,true,true,11.260579830052722,27.4760837919942,13.461112857236518,7.622948993415964,14.347792661928281,-5.186157154665338,0.9562824856950165,15.24081496540793
1,direct,G1,15416,15416,0,0,1,true,true,11.260579830052722,25.213722592009656,14.374311385305262,7.411816890754356,12.085431461943738,-4.272958626596594,0.7451503830334083,12.809276018662295
1,direct,G1,15416,15416,0,0,1,true,true,11.260579830052722,24.926156044006348,14.381389897690804,7.410180334016976,11.79786491394043,-4.265880114211052,0.743513826296029,12.532599111687565
1,direct,G1,15417,15417,0,0,1,true,true,11.260579830052722,25.48991584777832,14.369602466074026,7.4129055959898515,12.361624717712402,-4.27766754582783,0.7462390882689043,13.0743892861726
1,direct,G1,15417,15417,0,0,1,true,true,11.260579830052722,25.213722592009656,14.374311385305264,7.4118168907543565,12.085431461943738,-4.272958626596592,0.7451503830334092,12.809276018662295
1,direct,G1,15450,15450,0,0,1,true,true,11.260579830052722,25.653774297705496,14.368250839913507,7.413218092850622,12.525483167639578,-4.279019171988349,0.7465515851296747,13.231245685490206
1,direct,G1,15450,15450,0,0,1,true,true,11.260579830052722,25.48991584777832,14.369602466074026,7.412905595989851,12.361624717712402,-4.27766754582783,0.7462390882689034,13.0743892861726
1,direct,G1,15487,15487,0,0,1,true,true,11.260579830052722,26.235350105366447,14.067657700633116,7.482715425129661,13.107058975300529,-4.57961231126874,0.8160489174087138,13.87587905655465
1,direct,G1,15487,15487,0,0,1,true,true,11.260579830052722,26.271779313857124,14.090111255645752,7.4775241483849735,13.143488183791206,-4.557158756256104,0.8108576406640262,13.903989125420333
1,direct,G1,15485,15485,0,0,1,true,true,11.260579830052722,26.271779313857124,14.090111255645752,7.4775241483849735,13.143488183791206,-4.557158756256104,0.8108576406640262,13.903989125420333
1,direct,G1,15485,15485,0,0,1,true,true,11.260579830052722,26.13733367682859,14.243591140463714,7.442039497674457,13.009042546762672,-4.403678871438142,0.7753729899535093,13.730004494979601
1,direct,G1,13649,13649,0,0,2,true,true,26.69938066350512,13.311610297808517,17.597270011901855,6.428884757143355,0.18331916774259938,-1.0500000000000007,-0.2377817505775921,0.4870929504676492
1,direct,G1,13649,13649,0,0,2,true,true,26.69938066350512,13.305654130372018,17.589127384668906,6.428487777709961,0.17736300030609975,-1.0581426272329502,-0.23817873001098633,0.4838258697209131
1,direct,G1,13050,13050,0,0,2,true,true,26.69938066350512,13.305654130372018,17.589127384668906,6.428487777709961,0.17736300030609975,-1.0581426272329502,-0.23817873001098633,0.4838258697209131
1,direct,G1,13050,13050,0,0,2,true,true,26.69938066350512,13.278594128862812,17.553941863892735,6.426684224639753,0.15030299879689402,-1.093328148009121,-0.2399822830811944,0.4684455732569276
1,direct,G1,13663,13663,0,0,2,true,true,26.69938066350512,13.311610297808517,17.59820964680318,6.428884757143355,0.18331916774259938,-1.0490603650986756,-0.2377817505775921,0.4868136938010104
1,direct,G1,13663,13663,0,0,2,true,true,26.69938066350512,13.311610297808517,17.597270011901855,6.428884757143355,0.18331916774259938,-1.0500000000000007,-0.2377817505775921,0.4870929504676492
1,direct,G1,13662,13662,0,0,2,true,true,26.69938066350512,13.31312464584657,18.161029815673828,6.428985688662242,0.18483351578065133,-0.48624019622802805,-0.23768081905870542,0.32099115636096337
1,direct,G1,13662,13662,0,0,2,true,true,26.69938066350512,13.311610297808517,17.59820964680318,6.428884757143355,0.18331916774259938,-1.0490603650986756,-0.2377817505775921,0.4868136938010104
1,direct,G1,13677,13677,0,0,2,true,true,26.69938066350512,13.313124645846568,18.162208353554124,6.428985688662242,0.18483351578064955,-0.48506165834773185,-0.23768081905870542,0.3206408984474945
1,direct,G1,13677,13677,0,0,2,true,true,26.69938066350512,13.313124645846568,18.161029815673828,6.428985688662242,0.18483351578064955,-0.48624019622802805,-0.23768081905870542,0.32099115636096165
1,direct,G1,13676,13676,0,0,2,true,true,26.69938066350512,13.313124645846568,18.724790573120117,6.428985688662242,0.18483351578064955,0.07752056121826101,-0.23768081905870542,0.1534431548082353
1,direct,G1,13676,13676,0,0,2,true,true,26.69938066350512,13.313124645846568,18.162208353554124,6.428985688662242,0.18483351578064955,-0.48506165834773185,-0.23768081905870542,0.3206408984474945
1,direct,G1,13695,13695,0,0,2,true,true,26.69938066350512,13.313124645846568,18.725969111000413,6.428985688662242,0.18483351578064955,0.07869909909855721,-0.23768081905870542,0.15309289689476813
1,direct,G1,13695,13695,0,0,2,true,true,26.69938066350512,13.313124645846568,18.724790573120117,6.428985688662242,0.18483351578064955,0.07752056121826101,-0.23768081905870542,0.1534431548082353
1,direct,G1,13694,13694,0,0,2,true,true,26.69938066350512,13.313124645846568,19.288551330566406,6.428985688662242,0.18483351578064955,0.6412813186645501,-0.23768081905870542,0
1,direct,G1,13694,13694,0,0,2,true,true,26.69938066350512,13.313124645846568,18.725969111000413,6.428985688662242,0.18483351578064955,0.07869909909855721,-0.23768081905870542,0.15309289689476813
1,direct,G1,13717,13717,0,0,2,true,true,26.69938066350512,13.313124645846568,19.289729868446702,6.428985688662242,0.18483351578064955,0.6424598565448463,-0.23768081905870542,0
1,direct,G1,13717,13717,0,0,2,true,true,26.69938066350512,13.313124645846568,19.288551330566406,6.428985688662242,0.18483351578064955,0.6412813186645501,-0.23768081905870542,0
1,direct,G1,13716,13716,0,0,2,true,true,26.69938066350512,13.313124645846568,19.628687397354916,6.428985688662242,0.18483351578064955,0.9814173854530601,-0.23768081905870542,0
1,direct,G1,13716,13716,0,0,2,true,true,26.69938066350512,13.313124645846568,19.289729868446702,6.428985688662242,0.18483351578064955,0.6424598565448463,-0.23768081905870542,0
1,direct,G1,15370,15370,0,0,2,true,true,26.69938066350512,24.926156044006348,14.66628521763811,7.202995934945937,11.79786491394043,-3.9809847942637457,0.5363294272249899,12.447929079447082
1,direct,G1,15370,15370,0,0,2,true,true,26.69938066350512,24.924128629952335,14.66909296473863,7.202860807501822,11.795837499886417,-3.9781770471632267,0.5361942997808749,12.44515881770029
1,direct,G1,15372,15372,0,0,2,true,true,26.69938066350512,24.922867165694097,14.67034210134073,7.202776730723958,11.794576035628179,-3.976927910561127,0.5361102230030106,12.443583111568099
1,direct,G1,15372,15372,0,0,2,true,true,26.69938066350512,24.890818439261313,14.68690375164424,7.200640678405762,11.762527309195395,-3.960366260257617,0.5339741706848145,12.408060396192404
1,direct,G1,14636,14636,0,0,2,true,true,26.69938066350512,24.890818439261313,14.686903751644243,7.200640678405762,11.762527309195395,-3.9603662602576133,0.5339741706848145,12.408060396192404
1,direct,G1,14636,14636,0,0,2,true,true,26.69938066350512,24.36239528656006,15.09909590644319,7.165421197760156,11.23410415649414,-3.5481741054586653,0.4987546900392088,11.781011148606673
1,direct,G1,14607,14607,0,0,2,true,true,26.69938066350512,24.36239528656006,15.099095906443189,7.165421197760155,11.23410415649414,-3.548174105458667,0.4987546900392079,11.781011148606673
1,direct,G1,14607,14607,0,0,2,true,true,26.69938066350512,24.359655059898767,15.1126389503479,7.165238561251197,11.231363929832849,-3.534631061553956,0.4985720535302498,11.774369783922518
1,direct,G1,14605,14605,0,0,2,true,true,26.69938066350512,24.359655059898767,15.1126389503479,7.165238561251197,11.231363929832849,-3.534631061553956,0.4985720535302498,11.774369783922518
1,direct,G1,14605,14605,0,0,2,true,true,26.69938066350512,24.359730174547142,15.52987033536907,7.165243567653531,11.231439044481224,-3.117399676532786,0.4985770599325834,11.650441591836517
1,direct,G1,15371,15371,0,0,2,true,true,26.69938066350512,24.92412862995234,14.66909296473863,7.202860807501822,11.79583749988642,-3.9781770471632267,0.5361942997808749,12.445158817700294
1,direct,G1,15371,15371,0,0,2,true,true,26.69938066350512,24.922867165694097,14.670342101340731,7.202776730723957,11.794576035628179,-3.976927910561125,0.5361102230030097,12.443583111568097
1,direct,G1,15488,15488,0,0,2,true,true,26.69938066350512,26.493533132968693,13.9777448797604,7.307461847854724,13.365242002902775,-4.669525132141457,0.6407953401337769,14.149118210020383
1,direct,G1,15488,15488,0,0,2,true,true,26.69938066350512,26.598874790171077,14.089020416485761,7.314482884760563,13.47058366010516,-4.558249595416095,0.6478163770396161,14.216629374459261
1,direct,G1,15489,15489,0,0,2,true,true,26.69938066350512,26.426255493018108,13.763755635362001,7.302977783282593,13.29796436295219,-4.883514376539855,0.6363112755616456,14.148477390330742
1,direct,G1,15489,15489,0,0,2,true,true,26.69938066350512,26.49353313296869,13.977744879760401,7.307461847854723,13.365242002902772,-4.669525132141455,0.640795340133776,14.149118210020378
1,direct,G1,15534,15534,0,0,2,true,true,26.69938066350512,26.628175638067532,14.090111255645752,7.316435790571207,13.499884508001614,-4.557158756256104,0.6497692828502597,14.244282104156113
1,direct,G1,15534,15534,0,0,2,true,true,26.69938066350512,27.1763379268131,13.58718472468848,7.352970887529838,14.048046796747183,-5.060085287213376,0.6863043798088908,14.917144582023294
1,direct,G1,15533,15533,0,0,2,true,true,26.69938066350512,27.1763379268131,13.58718472468848,7.352970887529838,14.048046796747183,-5.060085287213376,0.6863043798088908,14.917144582023294
1,direct,G1,15533,15533,0,0,2,true,true,26.69938066350512,27.181198120117188,13.582634148744122,7.353294820126531,14.05290699005127,-5.064635863157735,0.6866283124055839,14.923137590738104
1,direct,G1,15595,15595,0,0,2,true,true,26.69938066350512,27.186042910875063,13.578847408294678,7.353617726141259,14.057751780809145,-5.0684226036071784,0.6869512184203117,14.92888888324071
1,direct,G1,15595,15595,0,0,2,true,true,26.69938066350512,27.18587611243209,13.544773450556097,7.3536066090005665,14.057584982366173,-5.10249656134576,0.6869401012796192,14.938856299147144
1,direct,G1,15594,15594,0,0,2,true,true,26.69938066350512,27.181198120117188,13.582634148744123,7.353294820126531,14.05290699005127,-5.064635863157733,0.6866283124055839,14.923137590738104
1,direct,G1,15594,15594,0,0,2,true,true,26.69938066350512,27.186042910875063,13.578847408294678,7.35361772614126,14.057751780809145,-5.0684226036071784,0.6869512184203126,14.92888888324071
1,direct,G1,15451,15451,0,0,2,true,true,26.69938066350512,26.05367660522461,14.555495674955857,7.278145345754968,12.925385475158691,-4.091774336945999,0.6114788380340208,13.55743027942712
1,direct,G1,15451,15451,0,0,2,true,true,26.69938066350512,25.566604728720606,14.601375102996826,7.245681933734015,12.438313598654688,-4.04589490890503,0.5790154260130675,13.0787309403117
1,direct,G1,15484,15484,0,0,2,true,true,26.69938066350512,26.05763010260361,14.548633700732749,7.2784088469352435,12.929338972537693,-4.098636311169107,0.6117423392142962,13.563244500814228
1,direct,G1,15484,15484,0,0,2,true,true,26.69938066350512,26.05367660522461,14.555495674955857,7.278145345754967,12.925385475158691,-4.091774336945999,0.6114788380340199,13.55743027942712
1,direct,G1,15487,15487,0,0,2,true,true,26.69938066350512,26.598874790171077,14.089020416485763,7.314482884760563,13.47058366010516,-4.558249595416093,0.6478163770396161,14.216629374459261
1,direct,G1,15487,15487,0,0,2,true,true,26.69938066350512,26.599987333592818,14.090111255645752,7.314557035942829,13.4716962035269,-4.557158756256104,0.6478905282218816,14.217367454807627
1,direct,G1,15485,15485,0,0,2,true,true,26.69938066350512,26.599987333592818,14.090111255645752,7.314557035942829,13.4716962035269,-4.557158756256104,0.6478905282218816,14.217367454807627
1,direct,G1,15485,15485,0,0,2,true,true,26.69938066350512,26.057630102603607,14.548633700732747,7.2784088469352435,12.929338972537689,-4.098636311169109,0.6117423392142962,13.563244500814225
1,direct,G1,15415,15415,0,0,2,true,true,26.69938066350512,25.2323411369579,14.637806076430394,7.223403216307578,12.104050006891981,-4.009463935471462,0.556736708586631,12.748743477006707
1,direct,G1,15415,15415,0,0,2,true,true,26.69938066350512,24.926156044006348,14.66628521763811,7.202995934945937,11.79786491394043,-3.9809847942637457,0.5363294272249899,12.447929079447082
1,direct,G1,15414,15414,0,0,2,true,true,26.69938066350512,25.48991584777832,14.609079366694067,7.240570608569185,12.361624717712402,-4.03819064520779,0.573904100848238,13.00321747155627
1,direct,G1,15414,15414,0,0,2,true,true,26.69938066350512,25.2323411369579,14.637806076430396,7.223403216307578,12.104050006891981,-4.0094639354714605,0.556736708586631,12.748743477006707
1,direct,G1,15449,15449,0,0,2,true,true,26.69938066350512,25.525242117223886,14.605540511579985,7.242925109609988,12.396950987157968,-4.041729500321871,0.576258601889041,13.037999302485478
1,direct,G1,15449,15449,0,0,2,true,true,26.69938066350512,25.48991584777832,14.609079366694067,7.240570608569185,12.361624717712402,-4.03819064520779,0.573904100848238,13.00321747155627
1,direct,G1,15448,15448,0,0,2,true,true,26.69938066350512,25.566604728720606,14.601375102996826,7.245681933734015,12.438313598654688,-4.04589490890503,0.5790154260130675,13.0787309403117
1,direct,G1,15448,15448,0,0,2,true,true,26.69938066350512,25.525242117223886,14.605540511579983,7.242925109609989,12.396950987157968,-4.041729500321873,0.5762586018890419,13.03799930248548
1,direct,G1,15531,15531,0,0,2,true,true,26.69938066350512,26.77892357295014,14.601375102996826,7.326483162545396,13.650632442884223,-4.04589490890503,0.6598166548244491,14.236272594520317
1,direct,G1,15531,15531,0,0,2,true,true,26.69938066350512,26.641258515850996,14.112481021024056,7.317307766294694,13.512967385785078,-4.5347889908778,0.6506412585737467,14.250125620622615
1,direct,G1,15529,15529,0,0,2,true,true,26.69938066350512,26.79963778344704,14.624548342016023,7.327863767713726,13.671346653381121,-4.022721669885833,0.6611972599927789,14.249163841027425
1,direct,G1,15529,15529,0,0,2,true,true,26.69938066350512,26.78536401572937,14.603717399515443,7.326912419001426,13.657072885663453,-4.043552612386414,0.6602459112804784,14.241725910045723
1,direct,G1,15532,15532,0,0,2,true,true,26.69938066350512,26.641258515851,14.112481021024054,7.317307766294693,13.512967385785082,-4.534788990877802,0.6506412585737458,14.250125620622622
1,direct,G1,15532,15532,0,0,2,true,true,26.69938066350512,26.628175638067535,14.09011125564575,7.316435790571207,13.499884508001617,-4.557158756256106,0.6497692828502597,14.244282104156117
1,direct,G1,15528,15528,0,0,2,true,true,26.69938066350512,26.78536401572937,14.60371739951544,7.326912419001426,13.657072885663453,-4.043552612386415,0.6602459112804784,14.241725910045723
1,direct,G1,15528,15528,0,0,2,true,true,26.69938066350512,26.77892357295014,14.601375102996824,7.326483162545396,13.650632442884223,-4.045894908905032,0.6598166548244491,14.236272594520317
1,direct,G1,13050,13050,0,0,3,true,true,11.260579830052722,13.278594128862812,17.553941863892735,6.426684224639753,0.15030299879689402,-1.093328148009121,-0.2399822830811944,0.4684455732569276
1,direct,G1,13050,13050,0,0,3,true,true,11.260579830052722,13.281534670881712,17.557765385567855,6.425800223903848,0.15324354081579372,-1.0895046263340014,-0.24086628381709918,0.4701169112278472
1,direct,G1,15489,15489,0,0,3,true,true,11.260579830052722,26.6174373626709,13.795585647944531,7.295618663356603,13.48914623260498,-4.851684363957325,0.6289521556356554,14.321561149802257
1,direct,G1,15489,15489,0,0,3,true,true,11.260579830052722,26.42625549301811,13.763755635362,7.302977783282593,13.297964362952193,-4.883514376539857,0.6363112755616456,14.148477390330749
1,direct,G1,15535,15535,0,0,3,true,true,11.260579830052722,27.14723005777755,13.578847408294678,7.345728687472853,14.01893892771163,-5.0684226036071784,0.6790621797519059,14.89182974290572
1,direct,G1,15535,15535,0,0,3,true,true,11.260579830052722,26.6174373626709,13.79558564794453,7.295618663356603,13.48914623260498,-4.851684363957327,0.6289521556356554,14.321561149802257
1,direct,G1,15537,15537,0,0,3,true,true,11.260579830052722,27.181198120117188,13.562579417266276,7.349489857740145,14.05290699005127,-5.08469059463558,0.6828233500191976,14.929097796616944
1,direct,G1,15537,15537,0,0,3,true,true,11.260579830052722,27.14723005777755,13.57884740829468,7.345728687472853,14.01893892771163,-5.068422603607177,0.6790621797519059,14.89182974290572
1,direct,G1,15595,15595,0,0,3,true,true,11.260579830052722,27.18587611243209,13.544773450556097,7.3536066090005665,14.057584982366173,-5.10249656134576,0.6869401012796192,14.938856299147144
1,direct,G1,15595,15595,0,0,3,true,true,11.260579830052722,27.181198120117188,13.562579417266276,7.349489857740144,14.05290699005127,-5.08469059463558,0.6828233500191967,14.929097796616944
1,direct,G1,13649,13649,0,0,4,true,true,3.662414965208275,13.281534670881712,17.557765385567855,6.428487777709961,0.15324354081579372,-1.0895046263340014,-0.23817873001098633,0.4701169112278472
1,direct,G1,13649,13649,0,0,4,true,true,3.662414965208275,13.12829482940229,17.597270011901855,6.666661709342854,0.0000036993363714543648,-1.0500000000000007,-0.000004798378093084921,0.31206037421842936
1,direct,G1,13050,13050,0,0,4,true,true,3.662414965208275,13.281534670881712,17.557765385567855,6.427150543878565,0.15324354081579372,-1.0895046263340014,-0.23951596384238183,0.4701169112278472
1,direct,G1,13050,13050,0,0,4,true,true,3.662414965208275,13.281534670881712,17.557765385567855,6.428487777709961,0.15324354081579372,-1.0895046263340014,-0.23817873001098633,0.4701169112278472
1,direct,G1,13660,13660,0,0,4,false,true,3.662414965208275,13.128291130065918,17.597270965576172,6.666666507720947,0,-1.0499990463256843,0,0.3120565586030485
1,direct,G1,13660,13660,0,0,4,false,true,3.662414965208275,13.128291130065918,17.597270965576172,6.666666507720947,0,-1.0499990463256843,0,0.3120565586030485
1,direct,G1,13663,13663,0,0,4,false,true,3.662414965208275,13.12829482940229,17.597270011901855,6.666661709342854,0.0000036993363714543648,-1.0500000000000007,-0.000004798378093084921,0.31206037421842936
1,direct,G1,13663,13663,0,0,4,false,true,3.662414965208275,13.128291130065918,17.597270965576172,6.666666507720947,0,-1.0499990463256843,0,0.3120565586030485
1,direct,G1,15373,15373,0,0,4,true,true,3.662414965208275,24.820693731206315,14.583015721995995,7.363564310306927,11.692402601140397,-4.064254289905861,0.6968978025859798,12.371979399911423
1,direct,G1,15373,15373,0,0,4,true,true,3.662414965208275,24.926156044006348,14.555827953989565,7.283530774784539,11.79786491394043,-4.091442057912291,0.6168642670635913,12.480756645993447
1,direct,G1,15534,15534,0,0,4,true,true,3.662414965208275,26.73268757338076,14.090111255645752,7.419050322070118,13.60439644331484,-4.557158756256104,0.7523838143491703,14.344071791549698
1,direct,G1,15534,15534,0,0,4,true,true,3.662414965208275,26.820606535497337,14.067446094206291,7.482764348675264,13.692315405431419,-4.579823917695565,0.8160978409543169,14.434754257385283
1,direct,G1,15416,15416,0,0,4,true,true,3.662414965208275,24.926156044006348,14.555827953989565,7.283530774784538,11.79786491394043,-4.091442057912291,0.6168642670635904,12.480756645993447
1,direct,G1,15416,15416,0,0,4,true,true,3.662414965208275,25.011801892277017,14.533748792328167,7.298517976786009,11.883510762211099,-4.113521219573689,0.6318514690650616,12.569094548566348
1,direct,G1,15417,15417,0,0,4,true,true,3.662414965208275,25.011801892277017,14.533748792328167,7.298517976786009,11.883510762211099,-4.113521219573689,0.6318514690650616,12.569094548566348
1,direct,G1,15417,15417,0,0,4,true,true,3.662414965208275,25.48991584777832,14.410492901596342,7.3834155351860895,12.361624717712402,-4.236777110305514,0.7167490274651422,13.062236771716966
1,direct,G1,15450,15450,0,0,4,true,true,3.662414965208275,25.48991584777832,14.410492901596342,7.38341553518609,12.361624717712402,-4.236777110305514,0.7167490274651431,13.062236771716966
1,direct,G1,15450,15450,0,0,4,true,true,3.662414965208275,25.653774297705496,14.368250839913507,7.413218092850623,12.525483167639578,-4.279019171988349,0.7465515851296756,13.231245685490206
1,direct,G1,15485,15485,0,0,4,true,true,3.662414965208275,26.13733367682859,14.243591140463712,7.442039497674458,13.009042546762672,-4.403678871438144,0.7753729899535111,13.730004494979601
1,direct,G1,15485,15485,0,0,4,true,true,3.662414965208275,26.481595015409404,14.15484192609113,7.330222276612278,13.353303885343486,-4.492428085810726,0.6635557688913307,14.085086792618347
1,direct,G1,15532,15532,0,0,4,true,true,3.662414965208275,26.66454160960749,14.107679016151394,7.342738423774339,13.536250479541572,-4.539590995750462,0.6760719160533917,14.273783836790761
1,direct,G1,15532,15532,0,0,4,true,true,3.662414965208275,26.73268757338076,14.09011125564575,7.419050322070118,13.60439644331484,-4.557158756256106,0.7523838143491703,14.344071791549698
1,direct,G1,13050,13050,0,0,5,true,true,3.662414965208275,13.281534670881712,17.557765385567855,6.425800223903847,0.15324354081579372,-1.0895046263340014,-0.24086628381710007,0.4701169112278472
1,direct,G1,13050,13050,0,0,5,true,true,3.662414965208275,13.281534670881712,17.557765385567855,6.427150543878565,0.15324354081579372,-1.0895046263340014,-0.23951596384238183,0.4701169112278472
1,direct,G1,15485,15485,0,0,5,true,true,3.662414965208275,26.481595015409404,14.15484192609113,7.330222276612277,13.353303885343486,-4.492428085810726,0.6635557688913298,14.085086792618347
1,direct,G1,15485,15485,0,0,5,true,true,3.662414965208275,26.57166360769193,14.131622598478941,7.300967700029462,13.443372477626014,-4.515647413422915,0.6343011923085147,14.17798645664861
1,direct,G1,15486,15486,0,0,5,true,true,3.662414965208275,26.57166360769193,14.13162259847894,7.300967700029462,13.443372477626014,-4.515647413422917,0.6343011923085147,14.17798645664861
1,direct,G1,15486,15486,0,0,5,true,true,3.662414965208275,26.6174373626709,14.119822305102945,7.301200152414453,13.48914623260498,-4.527447706798911,0.6345336446935059,14.225198990465183
1,direct,G1,15531,15531,0,0,5,true,true,3.662414965208275,26.6174373626709,14.119822305102947,7.301200152414452,13.48914623260498,-4.52744770679891,0.634533644693505,14.22519899046518
1,direct,G1,15531,15531,0,0,5,true,true,3.662414965208275,26.642261371037574,14.113422773720181,7.3177883430122534,13.513970240971656,-4.533847238181675,0.6511218352913062,14.250803276917384
1,direct,G1,15532,15532,0,0,5,true,true,3.662414965208275,26.642261371037574,14.113422773720181,7.317788343012255,13.513970240971656,-4.533847238181675,0.651121835291308,14.250803276917384
1,direct,G1,15532,15532,0,0,5,true,true,3.662414965208275,26.66454160960749,14.107679016151396,7.34273842377434,13.536250479541572,-4.53959099575046,0.6760719160533926,14.27378383679076
1,direct,G1,13717,13717,0,0,6,true,true,3.382743744450955,13.128291130065918,19.697269439697266,6.666666507720947,0,1.0499994277954094,0,0
1,direct,G1,13717,13717,0,0,6,true,true,3.382743744450955,13.186301388169753,19.675744869541443,6.5920700493800855,0.058010258103834644,1.028474857639587,-0.07459645834086182,0
1,direct,G1,13715,13715,0,0,6,false,true,3.382743744450955,13.128291130065918,19.697269439697266,6.666666507720947,0,1.0499994277954094,0,0
1,direct,G1,13715,13715,0,0,6,false,true,3.382743744450955,13.128291130065918,19.697269439697266,6.666666507720947,0,1.0499994277954094,0,0
1,direct,G1,13716,13716,0,0,6,true,true,3.382743744450955,13.186301388169753,19.675744869541443,6.5920700493800855,0.058010258103834644,1.028474857639587,-0.07459645834086182,0
1,direct,G1,13716,13716,0,0,6,true,true,3.382743744450955,13.31178786765333,19.62918340576694,6.430704676338946,0.18349673758741147,0.981913393865085,-0.2359618313820011,0
1,direct,G1,15331,15331,0,0,6,true,true,3.382743744450955,24.30381650160858,15.550616972518684,7.271634893661421,11.175525371542662,-3.096653039383172,0.6049683859404738,11.590888473771962
1,direct,G1,15331,15331,0,0,6,true,true,3.382743744450955,24.283815807695298,15.558038183066152,7.410183863966449,11.15552467762938,-3.089231828835704,0.7435173562455013,11.569585926051666
1,direct,G1,15259,15259,0,0,6,true,true,3.382743744450955,22.8138178014346,16.103477494128008,7.312208281204942,9.685526671368681,-2.5437925177738485,0.6455417734839948,10.003905114531772
1,direct,G1,15259,15259,0,0,6,true,true,3.382743744450955,22.7284119850946,16.135167121887207,7.295385837554932,9.600120855028681,-2.512102890014649,0.6287193298339844,9.912940196711322
1,direct,G1,15229,15229,0,0,6,true,true,3.382743744450955,22.671113967895508,16.156427416726505,7.295398488266934,9.54282283782959,-2.4908425951753514,0.6287319805459868,9.85191262682029
1,direct,G1,15229,15229,0,0,6,true,true,3.382743744450955,22.56196996480248,16.196925042981814,7.2954225859481,9.433678834736561,-2.4503449689200423,0.6287560782271528,9.735664393416277
1,direct,G1,15256,15256,0,0,6,true,true,3.382743744450955,22.7284119850946,16.135167121887207,7.295385837554932,9.600120855028681,-2.512102890014649,0.6287193298339844,9.912940196711322
1,direct,G1,15256,15256,0,0,6,true,true,3.382743744450955,22.671113967895508,16.156427416726505,7.295398488266934,9.54282283782959,-2.4908425951753514,0.6287319805459868,9.85191262682029
1,direct,G1,15531,15531,0,0,6,true,true,3.382743744450955,27.0769697160846,14.521644979134551,7.526104271727879,13.948678586018683,-4.125625032767305,0.8594377640069322,14.544547428966354
1,direct,G1,15531,15531,0,0,6,true,true,3.382743744450955,27.007560138256395,14.547399240127064,7.478481127388196,13.879269008190477,-4.099870771774793,0.8118146196672491,14.470619951732722
1,direct,G1,15532,15532,0,0,6,true,true,3.382743744450955,27.111436558962257,14.50885613795681,7.566790580749511,13.98314542889634,-4.138413873945046,0.9001240730285636,14.581257733536416
1,direct,G1,15532,15532,0,0,6,true,true,3.382743744450955,27.0769697160846,14.521644979134551,7.526104271727878,13.948678586018683,-4.125625032767305,0.8594377640069304,14.544547428966354
1,direct,G1,16263,16263,0,0,6,true,true,3.382743744450955,27.120339847722406,14.505552593552778,7.599238607343695,13.992048717656488,-4.141717418349078,0.9325720996227478,14.590740541208136
1,direct,G1,16263,16263,0,0,6,true,true,3.382743744450955,27.111436558962257,14.50885613795681,7.566790580749512,13.98314542889634,-4.138413873945046,0.9001240730285645,14.581257733536416
1,direct,G1,13716,13716,0,0,7,true,true,3.382743744450955,13.311787867653328,19.62918340576694,6.430704676338947,0.1834967375874097,0.981913393865085,-0.23596183138200022,0
1,direct,G1,13716,13716,0,0,7,true,true,3.382743744450955,13.313124645846568,19.628687397354916,6.428985688662242,0.18483351578064955,0.9814173854530601,-0.23768081905870542,0
1,direct,G1,14605,14605,0,0,7,true,true,3.382743744450955,24.359730174547142,15.52987033536907,7.165243567653532,11.231439044481224,-3.117399676532786,0.49857705993258516,11.650441591836517
1,direct,G1,14605,14605,0,0,7,true,true,3.382743744450955,24.35595022932241,15.531272875175551,7.1693196026196215,11.227659099256492,-3.115997136726305,0.5026530948986743,11.646415608344189
1,direct,G1,15330,15330,0,0,7,true,true,3.382743744450955,24.311633082245578,15.547716648613926,7.200640678405762,11.18334195217966,-3.0995533632879297,0.5339741706848145,11.599213839019344
1,direct,G1,15330,15330,0,0,7,true,true,3.382743744450955,24.30638977236623,15.549662166441907,7.253809311442409,11.178098642300313,-3.097607845459949,0.5871428037214619,11.593629239834867
1,direct,G1,14606,14606,0,0,7,true,true,3.382743744450955,24.35595022932241,15.531272875175551,7.169319602619621,11.227659099256492,-3.115997136726305,0.5026530948986734,11.646415608344189
1,direct,G1,14606,14606,0,0,7,true,true,3.382743744450955,24.311633082245578,15.547716648613926,7.200640678405762,11.18334195217966,-3.0995533632879297,0.5339741706848145,11.599213839019344
1,direct,G1,15331,15331,0,0,7,true,true,3.382743744450955,24.30638977236623,15.549662166441909,7.253809311442409,11.178098642300313,-3.0976078454599474,0.5871428037214619,11.593629239834867
1,direct,G1,15331,15331,0,0,7,true,true,3.382743744450955,24.30381650160858,15.550616972518686,7.271634893661421,11.175525371542662,-3.0966530393831704,0.6049683859404738,11.590888473771962
1,direct,G1,15531,15531,0,0,7,true,true,3.382743744450955,27.00756013825639,14.547399240127065,7.478481127388195,13.879269008190473,-4.099870771774791,0.8118146196672473,14.470619951732719
1,direct,G1,15531,15531,0,0,7,true,true,3.382743744450955,26.86209132221106,14.601375102996826,7.378672388591424,13.733800192145143,-4.04589490890503,0.7120058808704766,14.315682507609207
1,direct,G1,15529,15529,0,0,7,true,true,3.382743744450955,26.85322755605886,14.604663982629912,7.3680381863961575,13.724936425992944,-4.042606029271944,0.7013716786752102,14.306241795089061
1,direct,G1,15529,15529,0,0,7,true,true,3.382743744450955,26.79963778344704,14.624548342016022,7.327863767713727,13.671346653381121,-4.022721669885835,0.6611972599927798,14.249163841027425
1,direct,G1,15528,15528,0,0,7,true,true,3.382743744450955,26.86209132221106,14.601375102996826,7.378672388591423,13.733800192145143,-4.04589490890503,0.7120058808704757,14.315682507609207
1,direct,G1,15528,15528,0,0,7,true,true,3.382743744450955,26.85322755605886,14.604663982629912,7.368038186396157,13.724936425992944,-4.042606029271944,0.7013716786752093,14.306241795089061
1,direct,G1,13660,13660,0,0,8,false,true,0.2624998092651367,13.128291130065918,17.597270965576172,6.666666507720947,0,-1.0499990463256843,0,0.3120565586030485
1,direct,G1,13660,13660,0,0,8,false,true,0.2624998092651367,13.128291130065918,17.597270965576172,6.666666507720947,0,-1.0499990463256843,0,0.3120565586030485
1,direct,G1,13663,13663,0,0,8,false,true,0.2624998092651367,13.128291130065918,17.597270965576172,6.666666507720947,0,-1.0499990463256843,0,0.3120565586030485
1,direct,G1,13663,13663,0,0,8,false,true,0.2624998092651367,13.128291130065918,17.597270965576172,6.666666507720947,0,-1.0499990463256843,0,0.3120565586030485
1,direct,G1,13661,13661,0,0,9,false,true,0.2624998092651367,13.128291130065918,18.161029815673828,6.666666507720947,0,-0.48624019622802805,0,0.14450912390859935
1,direct,G1,13661,13661,0,0,9,false,true,0.2624998092651367,13.128291130065918,18.161029815673828,6.666666507720947,0,-0.48624019622802805,0,0.14450912390859935
1,direct,G1,13675,13675,0,0,9,false,true,0.2624998092651367,13.128291130065918,18.724790573120117,6.666666507720947,0,0.07752056121826101,0,0
1,direct,G1,13675,13675,0,0,9,false,true,0.2624998092651367,13.128291130065918,18.724790573120117,6.666666507720947,0,0.07752056121826101,0,0
1,direct,G1,13660,13660,0,0,9,false,true,0.2624998092651367,13.128291130065918,17.597270965576172,6.666666507720947,0,-1.0499990463256843,0,0.3120565586030485
1,direct,G1,13660,13660,0,0,9,false,true,0.2624998092651367,13.128291130065918,18.161029815673828,6.666666507720947,0,-0.48624019622802805,0,0.14450912390859935
1,direct,G1,13663,13663,0,0,9,false,true,0.2624998092651367,13.128291130065918,17.597270965576172,6.666666507720947,0,-1.0499990463256843,0,0.3120565586030485
1,direct,G1,13663,13663,0,0,9,false,true,0.2624998092651367,13.128291130065918,18.161029815673828,6.666666507720947,0,-0.48624019622802805,0,0.14450912390859935
1,direct,G1,13662,13662,0,0,9,false,true,0.2624998092651367,13.128291130065918,18.161029815673828,6.666666507720947,0,-0.48624019622802805,0,0.14450912390859935
1,direct,G1,13662,13662,0,0,9,false,true,0.2624998092651367,13.128291130065918,18.161029815673825,6.666666507720947,0,-0.4862401962280316,0,0.14450912390860038
1,direct,G1,13674,13674,0,0,9,false,true,0.2624998092651367,13.128291130065918,18.161029815673828,6.666666507720947,0,-0.48624019622802805,0,0.14450912390859935
1,direct,G1,13674,13674,0,0,9,false,true,0.2624998092651367,13.128291130065918,18.724790573120117,6.666666507720947,0,0.07752056121826101,0,0
1,direct,G1,13677,13677,0,0,9,false,true,0.2624998092651367,13.128291130065918,18.161029815673828,6.666666507720947,0,-0.48624019622802805,0,0.14450912390859935
1,direct,G1,13677,13677,0,0,9,false,true,0.2624998092651367,13.128291130065918,18.724790573120117,6.666666507720947,0,0.07752056121826101,0,0
1,direct,G1,13676,13676,0,0,9,false,true,0.2624998092651367,13.128291130065918,18.724790573120117,6.666666507720947,0,0.07752056121826101,0,0
1,direct,G1,13676,13676,0,0,9,false,true,0.2624998092651367,13.128291130065918,18.724790573120117,6.666666507720947,0,0.07752056121826101,0,0
1,direct,G1,13692,13692,0,0,9,false,true,0.2624998092651367,13.128291130065918,19.288551330566406,6.666666507720947,0,0.6412813186645501,0,0
1,direct,G1,13692,13692,0,0,9,false,true,0.2624998092651367,13.128291130065918,19.288551330566406,6.666666507720947,0,0.6412813186645501,0,0
1,direct,G1,13693,13693,0,0,9,false,true,0.2624998092651367,13.128291130065918,18.724790573120117,6.666666507720947,0,0.07752056121826101,0,0
1,direct,G1,13693,13693,0,0,9,false,true,0.2624998092651367,13.128291130065918,19.288551330566406,6.666666507720947,0,0.6412813186645501,0,0
1,direct,G1,13695,13695,0,0,9,false,true,0.2624998092651367,13.128291130065918,18.724790573120117,6.666666507720947,0,0.07752056121826101,0,0
1,direct,G1,13695,13695,0,0,9,false,true,0.2624998092651367,13.128291130065918,19.288551330566406,6.666666507720947,0,0.6412813186645501,0,0
1,direct,G1,13694,13694,0,0,9,false,true,0.2624998092651367,13.128291130065918,19.288551330566406,6.666666507720947,0,0.6412813186645501,0,0
1,direct,G1,13694,13694,0,0,9,false,true,0.2624998092651367,13.128291130065918,19.288551330566406,6.666666507720947,0,0.6412813186645501,0,0
1,direct,G1,13691,13691,0,0,9,false,true,0.2624998092651367,13.128291130065918,19.288551330566406,6.666666507720947,0,0.6412813186645501,0,0
1,direct,G1,13691,13691,0,0,9,false,true,0.2624998092651367,13.128291130065918,19.288551330566406,6.666666507720947,0,0.6412813186645501,0,0
1,direct,G1,13714,13714,0,0,9,false,true,0.2624998092651367,13.128291130065918,19.288551330566406,6.666666507720947,0,0.6412813186645501,0,0
1,direct,G1,13714,13714,0,0,9,false,true,0.2624998092651367,13.128291130065918,19.288551330566406,6.666666507720947,0,0.6412813186645501,0,0
1,direct,G1,13717,13717,0,0,9,false,true,0.2624998092651367,13.128291130065918,19.288551330566406,6.666666507720947,0,0.6412813186645501,0,0
1,direct,G1,13717,13717,0,0,9,false,true,0.2624998092651367,13.128291130065918,19.697269439697266,6.666666507720947,0,1.0499994277954094,0,0
1,direct,G1,13715,13715,0,0,9,false,true,0.2624998092651367,13.128291130065918,19.288551330566406,6.666666507720947,0,0.6412813186645501,0,0
1,direct,G1,13715,13715,0,0,9,false,true,0.2624998092651367,13.128291130065918,19.697269439697266,6.666666507720947,0,1.0499994277954094,0,0
1,direct,L1,17804,17804,0,0,0,false,true,26.69938066350512,38.5,10.283156394958496,8.357694625854492,0,-1.5,0,26.711107688752964
1,direct,L1,17804,17804,0,0,0,false,true,26.69938066350512,38.5,10.283156394958496,8.357694625854492,0,-1.5,0,26.711107688752964
1,direct,L1,18487,18487,0,0,0,true,true,26.69938066350512,35.795617035026936,11.062771475284425,8.177447104514291,-0.7796150803259287,-4.204382964973064,-0.18024752134020083,23.897219805448714
1,direct,L1,18487,18487,0,0,0,true,true,26.69938066350512,35.79441240440255,11.287058323991769,8.17736681570646,-1.0039019290332725,-4.20558759559745,-0.18032781014803234,23.82941222775795
1,direct,L1,17807,17807,0,0,0,false,true,26.69938066350512,38.5,10.283156394958496,8.357694625854492,0,-1.5,0,26.711107688752964
1,direct,L1,17807,17807,0,0,0,false,true,26.69938066350512,38.5,10.283156394958496,8.357694625854492,0,-1.5,0,26.711107688752964
1,direct,L1,17227,17227,0,0,1,false,true,11.260579830052722,41.27122354507446,10.283156394958496,8.357694625854492,0,1.271223545074463,0,28.143331966695616
1,direct,L1,17227,17227,0,0,1,false,true,11.260579830052722,41.27122354507446,10.283156394958496,8.357694625854492,0,1.271223545074463,0,28.143331966695616
1,direct,L1,17132,17132,0,0,1,false,true,11.260579830052722,41.27122354507446,10.283156394958496,8.357694625854492,0,1.271223545074463,0,28.143331966695616
1,direct,L1,17132,17132,0,0,1,false,true,11.260579830052722,41.5,10.283156394958496,8.357694625854492,0,1.5,0,28.143331966695616
1,direct,L1,17135,17135,0,0,1,false,true,11.260579830052722,41.27122354507446,10.283156394958496,8.357694625854492,0,1.271223545074463,0,28.143331966695616
1,direct,L1,17135,17135,0,0,1,false,true,11.260579830052722,41.5,10.283156394958496,8.357694625854492,0,1.5,0,28.143331966695616
1,direct,L1,17228,17228,0,0,1,false,true,11.260579830052722,41.27122354507446,10.283156394958496,8.357694625854492,0,1.271223545074463,0,28.143331966695616
1,direct,L1,17228,17228,0,0,1,false,true,11.260579830052722,41.27122354507446,10.283156394958496,8.357694625854492,0,1.271223545074463,0,28.143331966695616
1,direct,L1,17411,17411,0,0,1,false,true,11.260579830052722,40.436312437057495,10.283156394958496,8.357694625854492,0,0.4363124370574951,0,28.143331966695616
1,direct,L1,17411,17411,0,0,1,false,true,11.260579830052722,40.436312437057495,10.283156394958496,8.357694625854492,0,0.4363124370574951,0,28.143331966695616
1,direct,L1,17317,17317,0,0,1,false,true,11.260579830052722,40.85376787185669,10.283156394958494,8.357694625854492,1.7763568394002505e-15,0.8537678718566895,0,28.143331966695616
1,direct,L1,17317,17317,0,0,1,false,true,11.260579830052722,40.85376787185669,10.283156394958494,8.357694625854492,1.7763568394002505e-15,0.8537678718566895,0,28.143331966695616
1,direct,L1,17316,17316,0,0,1,false,true,11.260579830052722,40.436312437057495,10.283156394958496,8.357694625854492,0,0.4363124370574951,0,28.143331966695616
1,direct,L1,17316,17316,0,0,1,false,true,11.260579830052722,40.85376787185669,10.283156394958496,8.357694625854492,0,0.8537678718566895,0,28.143331966695616
1,direct,L1,17226,17226,0,0,1,false,true,11.260579830052722,40.85376787185669,10.283156394958496,8.357694625854492,0,0.8537678718566895,0,28.143331966695616
1,direct,L1,17226,17226,0,0,1,false,true,11.260579830052722,41.27122354507446,10.283156394958496,8.357694625854492,0,1.271223545074463,0,28.143331966695616
1,direct,L1,17229,17229,0,0,1,false,true,11.260579830052722,40.85376787185669,10.283156394958496,8.357694625854492,0,0.8537678718566895,0,28.143331966695616
1,direct,L1,17229,17229,0,0,1,false,true,11.260579830052722,41.27122354507446,10.283156394958496,8.357694625854492,0,1.271223545074463,0,28.143331966695616
1,direct,L1,17319,17319,0,0,1,false,true,11.260579830052722,40.436312437057495,10.283156394958496,8.357694625854492,0,0.4363124370574951,0,28.143331966695616
1,direct,L1,17319,17319,0,0,1,false,true,11.260579830052722,40.85376787185669,10.283156394958496,8.357694625854492,0,0.8537678718566895,0,28.143331966695616
1,direct,L1,17318,17318,0,0,1,false,true,11.260579830052722,40.85376787185669,10.283156394958496,8.357694625854492,0,0.8537678718566895,0,28.143331966695616
1,direct,L1,17318,17318,0,0,1,false,true,11.260579830052722,40.85376787185669,10.283156394958496,8.357694625854492,0,0.8537678718566895,0,28.143331966695616
1,direct,L1,17509,17509,0,0,1,false,true,11.260579830052722,40.0188570022583,10.283156394958496,8.357694625854492,0,0.01885700225830078,0,28.143331966695616
1,direct,L1,17509,17509,0,0,1,false,true,11.260579830052722,40.0188570022583,10.283156394958496,8.357694625854492,0,0.01885700225830078,0,28.143331966695616
1,direct,L1,17508,17508,0,0,1,false,true,11.260579830052722,39.60141396522522,10.283156394958496,8.357694625854492,0,-0.3985860347747803,0,27.76275556946006
1,direct,L1,17508,17508,0,0,1,false,true,11.260579830052722,40.0188570022583,10.283156394958496,8.357694625854492,0,0.01885700225830078,0,28.143331966695616
1,direct,L1,17410,17410,0,0,1,false,true,11.260579830052722,40.0188570022583,10.283156394958496,8.357694625854492,0,0.01885700225830078,0,28.143331966695616
1,direct,L1,17410,17410,0,0,1,false,true,11.260579830052722,40.436312437057495,10.283156394958496,8.357694625854492,0,0.4363124370574951,0,28.143331966695616
1,direct,L1,17413,17413,0,0,1,false,true,11.260579830052722,40.0188570022583,10.283156394958496,8.357694625854492,0,0.01885700225830078,0,28.143331966695616
1,direct,L1,17413,17413,0,0,1,false,true,11.260579830052722,40.436312437057495,10.283156394958496,8.357694625854492,0,0.4363124370574951,0,28.143331966695616
1,direct,L1,17511,17511,0,0,1,false,true,11.260579830052722,39.60141396522522,10.283156394958496,8.357694625854492,0,-0.3985860347747803,0,27.76275556946006
1,direct,L1,17511,17511,0,0,1,false,true,11.260579830052722,40.0188570022583,10.283156394958496,8.357694625854492,0,0.01885700225830078,0,28.143331966695616
1,direct,L1,17412,17412,0,0,1,false,true,11.260579830052722,40.436312437057495,10.283156394958496,8.357694625854492,0,0.4363124370574951,0,28.143331966695616
1,direct,L1,17412,17412,0,0,1,false,true,11.260579830052722,40.436312437057495,10.283156394958496,8.357694625854492,0,0.4363124370574951,0,28.143331966695616
1,direct,L1,17510,17510,0,0,1,false,true,11.260579830052722,40.0188570022583,10.283156394958496,8.357694625854492,0,0.01885700225830078,0,28.143331966695616
1,direct,L1,17510,17510,0,0,1,false,true,11.260579830052722,40.0188570022583,10.283156394958496,8.357694625854492,0,0.01885700225830078,0,28.143331966695616
1,direct,L1,17707,17707,0,0,1,false,true,11.260579830052722,39.183958411216736,10.283156394958496,8.357694625854492,0,-0.8160415887832642,0,27.36416224985143
1,direct,L1,17707,17707,0,0,1,false,true,11.260579830052722,39.183958411216736,10.283156394958496,8.357694625854492,0,-0.8160415887832642,0,27.36416224985143
1,direct,L1,17609,17609,0,0,1,false,true,11.260579830052722,39.60141396522522,10.283156394958496,8.35769462585449,0,-0.3985860347747803,-1.7763568394002505e-15,27.76275556946006
1,direct,L1,17609,17609,0,0,1,false,true,11.260579830052722,39.60141396522522,10.283156394958496,8.35769462585449,0,-0.3985860347747803,-1.7763568394002505e-15,27.76275556946006
1,direct,L1,17706,17706,0,0,1,false,true,11.260579830052722,38.76650297641754,10.283156394958496,8.357694625854492,0,-1.2334970235824585,0,26.96556904406575
1,direct,L1,17706,17706,0,0,1,false,true,11.260579830052722,39.183958411216736,10.283156394958496,8.357694625854492,0,-0.8160415887832642,0,27.36416224985143
1,direct,L1,17608,17608,0,0,1,false,true,11.260579830052722,39.183958411216736,10.283156394958496,8.357694625854492,0,-0.8160415887832642,0,27.36416224985143
1,direct,L1,17608,17608,0,0,1,false,true,11.260579830052722,39.60141396522522,10.283156394958496,8.357694625854492,0,-0.3985860347747803,0,27.76275556946006
1,direct,L1,17611,17611,0,0,1,false,true,11.260579830052722,39.183958411216736,10.283156394958496,8.357694625854492,0,-0.8160415887832642,0,27.36416224985143
1,direct,L1,17611,17611,0,0,1,false,true,11.260579830052722,39.60141396522522,10.283156394958496,8.357694625854492,0,-0.3985860347747803,0,27.76275556946006
1,direct,L1,17709,17709,0,0,1,false,true,11.260579830052722,38.76650297641754,10.283156394958496,8.357694625854492,0,-1.2334970235824585,0,26.96556904406575
1,direct,L1,17709,17709,0,0,1,false,true,11.260579830052722,39.183958411216736,10.283156394958496,8.357694625854492,0,-0.8160415887832642,0,27.36416224985143
1,direct,L1,17610,17610,0,0,1,false,true,11.260579830052722,39.60141396522522,10.283156394958496,8.357694625854492,0,-0.3985860347747803,0,27.76275556946006
1,direct,L1,17610,17610,0,0,1,false,true,11.260579830052722,39.60141396522522,10.283156394958496,8.357694625854492,0,-0.3985860347747803,0,27.76275556946006
1,direct,L1,17708,17708,0,0,1,false,true,11.260579830052722,39.183958411216736,10.283156394958496,8.357694625854492,0,-0.8160415887832642,0,27.36416224985143
1,direct,L1,17708,17708,0,0,1,false,true,11.260579830052722,39.183958411216736,10.283156394958496,8.357694625854492,0,-0.8160415887832642,0,27.36416224985143
1,direct,L1,17805,17805,0,0,1,false,true,11.260579830052722,38.76650297641754,10.283156394958496,8.357694625854492,0,-1.2334970235824585,0,26.96556904406575
1,direct,L1,17805,17805,0,0,1,false,true,11.260579830052722,38.76650297641754,10.283156394958496,8.357694625854492,0,-1.2334970235824585,0,26.96556904406575
1,direct,L1,17804,17804,0,0,1,false,true,11.260579830052722,38.5,10.283156394958496,8.357694625854492,0,-1.5,0,26.711107688752964
1,direct,L1,17804,17804,0,0,1,false,true,11.260579830052722,38.76650297641754,10.283156394958496,8.357694625854492,0,-1.2334970235824585,0,26.96556904406575
1,direct,L1,17806,17806,0,0,1,false,true,11.260579830052722,38.76650297641754,10.283156394958496,8.357694625854492,0,-1.2334970235824585,0,26.96556904406575
1,direct,L1,17806,17806,0,0,1,false,true,11.260579830052722,38.76650297641754,10.283156394958496,8.357694625854492,0,-1.2334970235824585,0,26.96556904406575
1,direct,L1,15328,15328,0,0,1,true,true,11.260579830052722,35.77074284078589,11.378533363342285,8.10444274750219,-1.095376968383789,-4.229257159214107,-0.2532518783523017,23.779626038742187
1,direct,L1,15328,15328,0,0,1,true,true,11.260579830052722,35.77392694642252,11.349175176472338,8.11123037969132,-1.0660187815138418,-4.22607305357748,-0.24646424616317297,23.791391439180135
1,direct,L1,15329,15329,0,0,1,true,true,11.260579830052722,35.77392694642251,11.349175176472338,8.11123037969132,-1.0660187815138418,-4.226073053577487,-0.24646424616317297,23.791391439180128
1,direct,L1,15329,15329,0,0,1,true,true,11.260579830052722,35.78484430629804,11.222518788997276,8.14051342010498,-0.9393623940387794,-4.215155693701959,-0.21718120574951172,23.83945740851728
1,direct,L1,15331,15331,0,0,1,true,true,11.260579830052722,35.74626766594879,11.64559607131215,8.042697673081816,-1.3624396763536541,-4.253732334051207,-0.3149969527726757,23.676886512075853
1,direct,L1,15331,15331,0,0,1,true,true,11.260579830052722,35.77074284078589,11.378533363342285,8.10444274750219,-1.095376968383789,-4.229257159214107,-0.2532518783523017,23.779626038742187
1,direct,L1,18487,18487,0,0,1,true,true,11.260579830052722,35.78484430629805,11.222518788997276,8.14051342010498,-0.9393623940387794,-4.215155693701952,-0.21718120574951172,23.83945740851729
1,direct,L1,18487,18487,0,0,1,true,true,11.260579830052722,35.795617035026936,11.062771475284425,8.177447104514291,-0.7796150803259287,-4.204382964973064,-0.18024752134020083,23.897219805448714
1,direct,L1,15330,15330,0,0,1,true,true,11.260579830052722,35.73478899239833,11.74366283416748,8.020024572757563,-1.4605064392089844,-4.265211007601671,-0.33767005309692877,23.63678134180801
1,direct,L1,15330,15330,0,0,1,true,true,11.260579830052722,35.746267665948785,11.64559607131215,8.042697673081816,-1.3624396763536541,-4.2537323340512145,-0.3149969527726757,23.676886512075843
1,direct,L1,15333,15333,0,0,1,true,true,11.260579830052722,35.73222970347848,11.770064813452425,8.01392041771403,-1.486908418493929,-4.267770296521519,-0.3437742081404629,23.62649110248729
1,direct,L1,15333,15333,0,0,1,true,true,11.260579830052722,35.73478899239833,11.74366283416748,8.020024572757563,-1.4605064392089844,-4.265211007601671,-0.33767005309692877,23.63678134180801
1,direct,L1,17807,17807,0,0,1,false,true,11.260579830052722,38.5,10.283156394958496,8.357694625854492,0,-1.5,0,26.711107688752964
1,direct,L1,17807,17807,0,0,1,false,true,11.260579830052722,38.76650297641754,10.283156394958496,8.357694625854492,0,-1.2334970235824585,0,26.96556904406575
1,direct,L1,15328,15328,0,0,2,true,true,26.69938066350512,35.704714454518204,11.320340537831656,7.921388434188252,-1.0371841428731603,-4.295285545481796,-0.4363061916662403,23.733875799566572
1,direct,L1,15328,15328,0,0,2,true,true,26.69938066350512,35.70857341310604,11.159103916693086,7.9216456343442285,-0.8759475217345898,-4.291426586893962,-0.43604899151026366,23.78547943455362
1,direct,L1,15329,15329,0,0,2,true,true,26.69938066350512,35.70857341310604,11.159103916693086,7.9216456343442285,-0.8759475217345898,-4.291426586893962,-0.43604899151026366,23.78547943455362
1,direct,L1,15329,15329,0,0,2,true,true,26.69938066350512,35.708958755503794,11.087753181805423,7.921671317471567,-0.8045967868469273,-4.291041244496206,-0.436023308382925,23.807052589526844
1,direct,L1,14871,14871,0,0,3,true,true,11.260579830052722,35.64077496061536,11.716439826480059,7.776318550109863,-1.4332834315215628,-4.35922503938464,-0.5813760757446289,23.55510581862588
1,direct,L1,14871,14871,0,0,3,true,true,11.260579830052722,35.640174753631925,11.73854011950954,7.771208947768935,-1.4553837245510444,-4.359825246368075,-0.5864856780855572,23.54796459066379
1,direct,L1,15328,15328,0,0,3,true,true,11.260579830052722,35.70396407622519,11.145698329829916,7.9082743609879405,-0.8625419348714196,-4.296035923774809,-0.44942026486655173,23.785062465193548
1,direct,L1,15328,15328,0,0,3,true,true,11.260579830052722,35.678711449218774,11.378533363342285,7.8544427475021905,-1.095376968383789,-4.321288550781226,-0.5032518783523017,23.69175297651867
1,direct,L1,15329,15329,0,0,3,true,true,11.260579830052722,35.70895875550379,11.087753181805423,7.921671317471567,-0.8045967868469273,-4.291041244496213,-0.436023308382925,23.807052589526837
1,direct,L1,15329,15329,0,0,3,true,true,11.260579830052722,35.70396407622518,11.145698329829916,7.9082743609879405,-0.8625419348714196,-4.2960359237748165,-0.44942026486655173,23.785062465193544
1,direct,L1,15331,15331,0,0,3,true,true,11.260579830052722,35.67871144921877,11.378533363342285,7.854442747502191,-1.095376968383789,-4.321288550781233,-0.5032518783523008,23.691752976518664
1,direct,L1,15331,15331,0,0,3,true,true,11.260579830052722,35.67288407225181,11.442119224669728,7.839741654378439,-1.158962829711232,-4.3271159277481885,-0.5179529714760536,23.667291375926386
1,direct,L1,15330,15330,0,0,3,true,true,11.260579830052722,35.67288407225182,11.442119224669728,7.839741654378438,-1.158962829711232,-4.327115927748181,-0.5179529714760545,23.667291375926393
1,direct,L1,15330,15330,0,0,3,true,true,11.260579830052722,35.64077496061537,11.716439826480059,7.776318550109863,-1.4332834315215628,-4.359225039384633,-0.5813760757446289,23.555105818625886
1,direct,L1,14870,14870,0,0,3,true,true,11.260579830052722,35.640174753631925,11.73854011950954,7.771208947768935,-1.4553837245510444,-4.359825246368075,-0.5864856780855572,23.54796459066379
1,direct,L1,14870,14870,0,0,3,true,true,11.260579830052722,35.640035629272454,11.74366283416748,7.770024572757563,-1.4605064392089844,-4.359964370727546,-0.5876700530969288,23.546309297084278
1,direct,L1,14873,14873,0,0,3,true,true,11.260579830052722,35.640035629272454,11.74366283416748,7.770024572757563,-1.4605064392089844,-4.359964370727546,-0.5876700530969288,23.546309297084278
1,direct,L1,14873,14873,0,0,3,true,true,11.260579830052722,35.63866178221728,11.79418625426434,7.758343524671267,-1.511029859305843,-4.361338217782723,-0.5993511011832249,23.52998211718074
1,direct,L1,17132,17132,0,0,4,false,true,3.662414965208275,41.5,10.283156394958496,8.357694625854492,0,1.5,0,28.143331966695616
1,direct,L1,17132,17132,0,0,4,false,true,3.662414965208275,41.5,10.283156394958496,8.357694625854492,0,1.5,0,28.143331966695616
1,direct,L1,17135,17135,0,0,4,false,true,3.662414965208275,41.5,10.283156394958496,8.357694625854492,0,1.5,0,28.143331966695616
1,direct,L1,17135,17135,0,0,4,false,true,3.662414965208275,41.5,10.283156394958496,8.357694625854492,0,1.5,0,28.143331966695616
1,direct,L1,15333,15333,0,0,4,true,true,3.662414965208275,35.711891607739155,11.775307894264639,7.961705748635721,-1.4921514993061429,-4.288108392260845,-0.3959888772187714,23.605513731648937
1,direct,L1,15333,15333,0,0,4,true,true,3.662414965208275,35.73222970347849,11.770064813452425,8.013920417714028,-1.486908418493929,-4.267770296521512,-0.34377420814046467,23.626491102487297
1,direct,L1,17132,17132,0,0,5,false,true,3.662414965208275,41.5,10.283156394958496,8.357694625854492,0,1.5,0,28.143331966695616
1,direct,L1,17132,17132,0,0,5,false,true,3.662414965208275,41.5,10.283156394958496,8.357694625854492,0,1.5,0,28.143331966695616
1,direct,L1,17135,17135,0,0,5,false,true,3.662414965208275,41.5,10.283156394958496,8.357694625854492,0,1.5,0,28.143331966695616
1,direct,L1,17135,17135,0,0,5,false,true,3.662414965208275,41.5,10.283156394958496,8.357694625854492,0,1.5,0,28.143331966695616
1,direct,L1,15333,15333,0,0,5,true,true,3.662414965208275,35.65743071063522,11.789347698594472,7.821886477626449,-1.5061913036359762,-4.342569289364782,-0.5358081482280435,23.549340998007533
1,direct,L1,15333,15333,0,0,5,true,true,3.662414965208275,35.711891607739155,11.775307894264639,7.96170574863572,-1.4921514993061429,-4.288108392260845,-0.3959888772187723,23.605513731648937
1,direct,L1,14873,14873,0,0,5,true,true,3.662414965208275,35.638661782217284,11.79418625426434,7.758343524671267,-1.511029859305843,-4.361338217782716,-0.5993511011832249,23.529982117180744
1,direct,L1,14873,14873,0,0,5,true,true,3.662414965208275,35.638661782217284,11.79418625426434,7.776318550109863,-1.511029859305843,-4.361338217782716,-0.5813760757446289,23.529982117180744
1,direct,L1,15332,15332,0,0,5,true,true,3.662414965208275,35.638661782217284,11.79418625426434,7.776318550109864,-1.511029859305843,-4.361338217782716,-0.581376075744628,23.529982117180744
1,direct,L1,15332,15332,0,0,5,true,true,3.662414965208275,35.65743071063521,11.78934769859447,7.8218864776264505,-1.5061913036359744,-4.342569289364789,-0.5358081482280417,23.549340998007526
1,direct,L1,17804,17804,0,0,6,false,true,3.382743744450955,38.5,10.283156394958496,8.357694625854492,0,-1.5,0,26.711107688752964
1,direct,L1,17804,17804,0,0,6,false,true,3.382743744450955,38.5,10.283156394958496,8.357694625854492,0,-1.5,0,26.711107688752964
1,direct,L1,18487,18487,0,0,6,true,true,3.382743744450955,35.79441240440255,11.287058323991769,8.17736681570646,-1.0039019290332725,-4.20558759559745,-0.18032781014803234,23.82941222775795
1,direct,L1,18487,18487,0,0,6,true,true,3.382743744450955,35.78707946288874,11.289779194734665,8.15014632582512,-1.006622799776169,-4.212920537111259,-0.20754830002937297,23.821601981913215
1,direct,L1,17807,17807,0,0,6,false,true,3.382743744450955,38.5,10.283156394958496,8.357694625854492,0,-1.5,0,26.711107688752964
1,direct,L1,17807,17807,0,0,6,false,true,3.382743744450955,38.5,10.283156394958496,8.357694625854492,0,-1.5,0,26.711107688752964
1,direct,L1,17804,17804,0,0,7,false,true,3.382743744450955,38.5,10.283156394958496,8.357694625854492,0,-1.5,0,26.711107688752964
1,direct,L1,17804,17804,0,0,7,false,true,3.382743744450955,38.5,10.283156394958496,8.357694625854492,0,-1.5,0,26.711107688752964
1,direct,L1,15328,15328,0,0,7,true,true,3.382743744450955,35.757303255741,11.30082758653079,8.063006542284976,-1.017671191572294,-4.242696744259,-0.2946880835695165,23.789887628579056
1,direct,L1,15328,15328,0,0,7,true,true,3.382743744450955,35.7047144545182,11.320340537831655,7.921388434188253,-1.0371841428731585,-4.2952855454818035,-0.4363061916662394,23.73387579956657
1,direct,L1,15329,15329,0,0,7,true,true,3.382743744450955,35.78448444955276,11.290742068344112,8.140513420104982,-1.0075856733856163,-4.215515550447243,-0.21718120574950994,23.81883805803816
1,direct,L1,15329,15329,0,0,7,true,true,3.382743744450955,35.75730325574099,11.300827586530792,8.063006542284977,-1.0176711915722958,-4.242696744259007,-0.2946880835695147,23.789887628579052
1,direct,L1,18487,18487,0,0,7,true,true,3.382743744450955,35.787079462888734,11.289779194734663,8.150146325825121,-1.0066227997761672,-4.212920537111266,-0.2075483000293712,23.821601981913208
1,direct,L1,18487,18487,0,0,7,true,true,3.382743744450955,35.78448444955276,11.290742068344112,8.14051342010498,-1.0075856733856163,-4.215515550447243,-0.21718120574951172,23.81883805803816
1,direct,L1,17807,17807,0,0,7,false,true,3.382743744450955,38.5,10.283156394958496,8.357694625854492,0,-1.5,0,26.711107688752964
1,direct,L1,17807,17807,0,0,7,false,true,3.382743744450955,38.5,10.283156394958496,8.357694625854492,0,-1.5,0,26.711107688752964
1,direct,L1,17227,17227,0,0,10,false,true,0.375,41.27122354507446,10.283156394958496,8.357694625854492,0,1.271223545074463,0,28.143331966695616
1,direct,L1,17227,17227,0,0,10,false,true,0.375,41.27122354507446,10.283156394958496,8.357694625854492,0,1.271223545074463,0,28.143331966695616
1,direct,L1,17132,17132,0,0,10,false,true,0.375,41.5,10.283156394958496,8.357694625854492,0,1.5,0,28.143331966695616
1,direct,L1,17132,17132,0,0,10,false,true,0.375,41.27122354507446,10.283156394958496,8.357694625854492,0,1.271223545074463,0,28.143331966695616
1,direct,L1,17135,17135,0,0,10,false,true,0.375,41.5,10.283156394958496,8.357694625854492,0,1.5,0,28.143331966695616
1,direct,L1,17135,17135,0,0,10,false,true,0.375,41.27122354507446,10.283156394958496,8.357694625854492,0,1.271223545074463,0,28.143331966695616
1,direct,L1,17228,17228,0,0,10,false,true,0.375,41.27122354507446,10.283156394958496,8.357694625854492,0,1.271223545074463,0,28.143331966695616
1,direct,L1,17228,17228,0,0,10,false,true,0.375,41.27122354507446,10.283156394958496,8.357694625854492,0,1.271223545074463,0,28.143331966695616
1,direct,L1,17411,17411,0,0,10,false,true,0.375,40.436312437057495,10.283156394958496,8.357694625854492,0,0.4363124370574951,0,28.143331966695616
1,direct,L1,17411,17411,0,0,10,false,true,0.375,40.436312437057495,10.283156394958496,8.357694625854492,0,0.4363124370574951,0,28.143331966695616
1,direct,L1,17317,17317,0,0,10,false,true,0.375,40.85376787185669,10.283156394958496,8.357694625854492,0,0.8537678718566895,0,28.143331966695616
1,direct,L1,17317,17317,0,0,10,false,true,0.375,40.85376787185669,10.283156394958496,8.357694625854492,0,0.8537678718566895,0,28.143331966695616
1,direct,L1,17316,17316,0,0,10,false,true,0.375,40.85376787185669,10.283156394958496,8.357694625854492,0,0.8537678718566895,0,28.143331966695616
1,direct,L1,17316,17316,0,0,10,false,true,0.375,40.436312437057495,10.283156394958496,8.357694625854492,0,0.4363124370574951,0,28.143331966695616
1,direct,L1,17226,17226,0,0,10,false,true,0.375,41.27122354507446,10.283156394958496,8.357694625854492,0,1.271223545074463,0,28.143331966695616
1,direct,L1,17226,17226,0,0,10,false,true,0.375,40.85376787185669,10.283156394958496,8.357694625854492,0,0.8537678718566895,0,28.143331966695616
1,direct,L1,17229,17229,0,0,10,false,true,0.375,41.27122354507446,10.283156394958496,8.357694625854492,0,1.271223545074463,0,28.143331966695616
1,direct,L1,17229,17229,0,0,10,false,true,0.375,40.85376787185669,10.283156394958496,8.357694625854492,0,0.8537678718566895,0,28.143331966695616
1,direct,L1,17319,17319,0,0,10,false,true,0.375,40.85376787185669,10.283156394958496,8.357694625854492,0,0.8537678718566895,0,28.143331966695616
1,direct,L1,17319,17319,0,0,10,false,true,0.375,40.436312437057495,10.283156394958496,8.357694625854492,0,0.4363124370574951,0,28.143331966695616
1,direct,L1,17318,17318,0,0,10,false,true,0.375,40.85376787185669,10.283156394958496,8.357694625854492,0,0.8537678718566895,0,28.143331966695616
1,direct,L1,17318,17318,0,0,10,false,true,0.375,40.85376787185669,10.283156394958496,8.357694625854492,0,0.8537678718566895,0,28.143331966695616
1,direct,L1,17509,17509,0,0,10,false,true,0.375,40.0188570022583,10.283156394958496,8.357694625854492,0,0.01885700225830078,0,28.143331966695616
1,direct,L1,17509,17509,0,0,10,false,true,0.375,40.0188570022583,10.283156394958496,8.357694625854492,0,0.01885700225830078,0,28.143331966695616
1,direct,L1,17508,17508,0,0,10,false,true,0.375,40.0188570022583,10.283156394958496,8.357694625854492,0,0.01885700225830078,0,28.143331966695616
1,direct,L1,17508,17508,0,0,10,false,true,0.375,39.60141396522522,10.283156394958496,8.357694625854492,0,-0.3985860347747803,0,27.76275556946006
1,direct,L1,17410,17410,0,0,10,false,true,0.375,40.436312437057495,10.283156394958496,8.357694625854492,0,0.4363124370574951,0,28.143331966695616
1,direct,L1,17410,17410,0,0,10,false,true,0.375,40.0188570022583,10.283156394958496,8.357694625854492,0,0.01885700225830078,0,28.143331966695616
1,direct,L1,17413,17413,0,0,10,false,true,0.375,40.436312437057495,10.283156394958496,8.357694625854492,0,0.4363124370574951,0,28.143331966695616
1,direct,L1,17413,17413,0,0,10,false,true,0.375,40.0188570022583,10.283156394958496,8.357694625854492,0,0.01885700225830078,0,28.143331966695616
1,direct,L1,17511,17511,0,0,10,false,true,0.375,40.0188570022583,10.283156394958496,8.357694625854492,0,0.01885700225830078,0,28.143331966695616
1,direct,L1,17511,17511,0,0,10,false,true,0.375,39.60141396522522,10.283156394958496,8.357694625854492,0,-0.3985860347747803,0,27.76275556946006
1,direct,L1,17412,17412,0,0,10,false,true,0.375,40.436312437057495,10.283156394958496,8.357694625854492,0,0.4363124370574951,0,28.143331966695616
1,direct,L1,17412,17412,0,0,10,false,true,0.375,40.436312437057495,10.283156394958496,8.357694625854492,0,0.4363124370574951,0,28.143331966695616
1,direct,L1,17510,17510,0,0,10,false,true,0.375,40.0188570022583,10.283156394958496,8.357694625854492,0,0.01885700225830078,0,28.143331966695616
1,direct,L1,17510,17510,0,0,10,false,true,0.375,40.0188570022583,10.283156394958496,8.357694625854492,0,0.01885700225830078,0,28.143331966695616
1,direct,L1,17707,17707,0,0,10,false,true,0.375,39.183958411216736,10.283156394958496,8.357694625854492,0,-0.8160415887832642,0,27.36416224985143
1,direct,L1,17707,17707,0,0,10,false,true,0.375,39.183958411216736,10.283156394958496,8.357694625854492,0,-0.8160415887832642,0,27.36416224985143
1,direct,L1,17609,17609,0,0,10,false,true,0.375,39.60141396522522,10.283156394958496,8.357694625854492,0,-0.3985860347747803,0,27.76275556946006
1,direct,L1,17609,17609,0,0,10,false,true,0.375,39.60141396522522,10.283156394958496,8.357694625854492,0,-0.3985860347747803,0,27.76275556946006
1,direct,L1,17706,17706,0,0,10,false,true,0.375,39.183958411216736,10.283156394958496,8.357694625854492,0,-0.8160415887832642,0,27.36416224985143
1,direct,L1,17706,17706,0,0,10,false,true,0.375,38.76650297641754,10.283156394958496,8.357694625854492,0,-1.2334970235824585,0,26.96556904406575
1,direct,L1,17608,17608,0,0,10,false,true,0.375,39.60141396522522,10.283156394958496,8.357694625854492,0,-0.3985860347747803,0,27.76275556946006
1,direct,L1,17608,17608,0,0,10,false,true,0.375,39.183958411216736,10.283156394958496,8.357694625854492,0,-0.8160415887832642,0,27.36416224985143
1,direct,L1,17611,17611,0,0,10,false,true,0.375,39.60141396522522,10.283156394958496,8.357694625854492,0,-0.3985860347747803,0,27.76275556946006
1,direct,L1,17611,17611,0,0,10,false,true,0.375,39.183958411216736,10.283156394958496,8.357694625854492,0,-0.8160415887832642,0,27.36416224985143
1,direct,L1,17709,17709,0,0,10,false,true,0.375,39.183958411216736,10.283156394958496,8.357694625854492,0,-0.8160415887832642,0,27.36416224985143
1,direct,L1,17709,17709,0,0,10,false,true,0.375,38.76650297641754,10.283156394958496,8.357694625854492,0,-1.2334970235824585,0,26.96556904406575
1,direct,L1,17610,17610,0,0,10,false,true,0.375,39.60141396522522,10.283156394958496,8.357694625854492,0,-0.3985860347747803,0,27.76275556946006
1,direct,L1,17610,17610,0,0,10,false,true,0.375,39.60141396522522,10.283156394958496,8.357694625854492,0,-0.3985860347747803,0,27.76275556946006
1,direct,L1,17708,17708,0,0,10,false,true,0.375,39.183958411216736,10.283156394958496,8.357694625854492,0,-0.8160415887832642,0,27.36416224985143
1,direct,L1,17708,17708,0,0,10,false,true,0.375,39.183958411216736,10.283156394958496,8.357694625854492,0,-0.8160415887832642,0,27.36416224985143
1,direct,L1,17805,17805,0,0,10,false,true,0.375,38.76650297641754,10.283156394958496,8.357694625854492,0,-1.2334970235824585,0,26.96556904406575
1,direct,L1,17805,17805,0,0,10,false,true,0.375,38.76650297641754,10.283156394958496,8.357694625854492,0,-1.2334970235824585,0,26.96556904406575
1,direct,L1,17804,17804,0,0,10,false,true,0.375,38.76650297641754,10.283156394958496,8.357694625854492,0,-1.2334970235824585,0,26.96556904406575
1,direct,L1,17804,17804,0,0,10,false,true,0.375,38.5,10.283156394958496,8.357694625854492,0,-1.5,0,26.711107688752964
1,direct,L1,17806,17806,0,0,10,false,true,0.375,38.76650297641754,10.283156394958496,8.357694625854492,0,-1.2334970235824585,0,26.96556904406575
1,direct,L1,17806,17806,0,0,10,false,true,0.375,38.76650297641754,10.283156394958496,8.357694625854492,0,-1.2334970235824585,0,26.96556904406575
1,direct,L1,17807,17807,0,0,10,false,true,0.375,38.76650297641754,10.283156394958496,8.357694625854492,0,-1.2334970235824585,0,26.96556904406575
1,direct,L1,17807,17807,0,0,10,false,true,0.375,38.5,10.283156394958496,8.357694625854492,0,-1.5,0,26.711107688752964
1,direct,L1,17132,17132,0,0,11,false,true,0.375,41.5,10.283156394958496,8.357694625854492,0,1.5,0,28.143331966695616
1,direct,L1,17132,17132,0,0,11,false,true,0.375,41.5,10.283156394958496,8.357694625854492,0,1.5,0,28.143331966695616
1,direct,L1,17135,17135,0,0,11,false,true,0.375,41.5,10.283156394958496,8.357694625854492,0,1.5,0,28.143331966695616
1,direct,L1,17135,17135,0,0,11,false,true,0.375,41.5,10.283156394958496,8.357694625854492,0,1.5,0,28.143331966695616
2,curved,G1,13661,13661,0,0,0,false,true,5.489700095527951,13.128291130065918,18.161029815673828,6.666666507720947,0,-0.48624019622802805,0,0
2,curved,G1,13675,13675,0,0,0,false,true,5.489700095527951,13.128291130065918,18.724790573120117,6.666666507720947,0,0.07752056121826101,0,0.0010495854411895107
2,curved,G1,13660,13660,0,0,0,false,true,5.489700095527951,13.128291130065918,17.597270965576172,6.666666507720947,0,-1.0499990463256843,0,0
2,curved,G1,13660,13660,0,0,0,false,true,5.489700095527951,13.128291130065918,18.161029815673828,6.666666507720947,0,-0.48624019622802805,0,0
2,curved,G1,13660,13660,0,0,0,false,true,5.489700095527951,13.128291130065918,18.161029815673828,6.666666507720947,0,-0.48624019622802805,0,0
2,curved,G1,13663,13663,0,0,0,false,true,5.489700095527951,13.128291130065918,17.597270965576172,6.666666507720947,0,-1.0499990463256843,0,0
2,curved,G1,13663,13663,0,0,0,false,true,5.489700095527951,13.128291130065918,18.161029815673828,6.666666507720947,0,-0.48624019622802805,0,0
2,curved,G1,13662,13662,0,0,0,false,true,5.489700095527951,13.128291130065918,18.161029815673828,6.666666507720947,0,-0.48624019622802805,0,0
2,curved,G1,13662,13662,0,0,0,false,true,5.489700095527951,13.128291130065918,18.161029815673828,6.666666507720947,0,-0.48624019622802805,0,0
2,curved,G1,13674,13674,0,0,0,false,true,5.489700095527951,13.128291130065918,18.161029815673828,6.666666507720947,0,-0.48624019622802805,0,0
2,curved,G1,13674,13674,0,0,0,false,true,5.489700095527951,13.128291130065918,18.724790573120117,6.666666507720947,0,0.07752056121826101,0,0.0010495854411895107
2,curved,G1,13674,13674,0,0,0,false,true,5.489700095527951,13.128291130065918,18.724790573120117,6.666666507720947,0,0.07752056121826101,0,0.0010495854411895107
2,curved,G1,13674,13674,0,0,0,false,true,5.489700095527951,13.128291130065918,18.161029815673828,6.666666507720947,0,-0.48624019622802805,0,0
2,curved,G1,13677,13677,0,0,0,false,true,5.489700095527951,13.128291130065918,18.161029815673828,6.666666507720947,0,-0.48624019622802805,0,0
2,curved,G1,13677,13677,0,0,0,false,true,5.489700095527951,13.128291130065918,18.724790573120117,6.666666507720947,0,0.07752056121826101,0,0.0010495854411895107
2,curved,G1,13676,13676,0,0,0,false,true,5.489700095527951,13.128291130065918,18.724790573120117,6.666666507720947,0,0.07752056121826101,0,0.0010495854411895107
2,curved,G1,13676,13676,0,0,0,false,true,5.489700095527951,13.128291130065918,18.724790573120117,6.666666507720947,0,0.07752056121826101,0,0.0010495854411895107
2,curved,G1,13692,13692,0,0,0,false,true,5.489700095527951,13.128291130065918,19.288551330566406,6.666666507720947,0,0.6412813186645501,0,0.008682593691266649
2,curved,G1,13693,13693,0,0,0,false,true,5.489700095527951,13.128291130065918,19.288551330566406,6.666666507720947,0,0.6412813186645501,0,0.008682593691266649
2,curved,G1,13693,13693,0,0,0,false,true,5.489700095527951,13.128291130065918,18.724790573120117,6.666666507720947,0,0.07752056121826101,0,0.0010495854411895107
2,curved,G1,13693,13693,0,0,0,false,true,5.489700095527951,13.128291130065918,19.288551330566406,6.666666507720947,0,0.6412813186645501,0,0.008682593691266649
2,curved,G1,13695,13695,0,0,0,false,true,5.489700095527951,13.128291130065918,18.724790573120117,6.666666507720947,0,0.07752056121826101,0,0.0010495854411895107
2,curved,G1,13695,13695,0,0,0,false,true,5.489700095527951,13.128291130065918,19.288551330566406,6.666666507720947,0,0.6412813186645501,0,0.008682593691266649
2,curved,G1,13694,13694,0,0,0,false,true,5.489700095527951,13.128291130065918,19.288551330566406,6.666666507720947,0,0.6412813186645501,0,0.008682593691266649
2,curved,G1,13694,13694,0,0,0,false,true,5.489700095527951,13.128291130065918,19.288551330566406,6.666666507720947,0,0.6412813186645501,0,0.008682593691266649
2,curved,G1,13691,13691,0,0,0,false,true,5.489700095527951,13.128291130065918,19.288551330566406,6.666666507720947,0,0.6412813186645501,0,0.008682593691266649
2,curved,G1,13714,13714,0,0,0,false,true,5.489700095527951,13.128291130065918,19.288551330566406,6.666666507720947,0,0.6412813186645501,0,0.008682593691266649
2,curved,G1,13717,13717,0,0,0,false,true,5.489700095527951,13.128291130065918,19.288551330566406,6.666666507720947,0,0.6412813186645501,0,0.008682593691266649
2,curved,G1,13717,13717,0,0,0,false,true,5.489700095527951,13.128291130065918,19.697269439697266,6.666666507720947,0,1.0499994277954094,0,0.014216410399409915
2,curved,G1,13715,13715,0,0,0,false,true,5.489700095527951,13.128291130065918,19.288551330566406,6.666666507720947,0,0.6412813186645501,0,0.008682593691266649
2,curved,G1,13715,13715,0,0,0,false,true,5.489700095527951,13.128291130065918,19.697269439697266,6.666666507720947,0,1.0499994277954094,0,0.014216410399409915
2,curved,G1,13715,13715,0,0,0,false,true,5.489700095527951,13.128291130065918,19.288551330566406,6.666666507720947,0,0.6412813186645501,0,0.008682593691266649
2,curved,G1,13660,13660,0,0,1,false,true,6.341285898434762,13.128291130065918,17.597270965576172,6.666666507720947,0,-1.0499990463256843,0,0
2,curved,G1,13663,13663,0,0,1,false,true,6.341285898434762,13.128291130065918,17.597270965576172,6.666666507720947,0,-1.0499990463256843,0,0
2,curved,G1,13663,13663,0,0,1,false,true,6.341285898434762,13.128291130065918,17.597270965576172,6.666666507720947,0,-1.0499990463256843,0,0
2,curved,G1,13066,13066,0,0,2,true,true,5.489700095527951,13.313706744593345,18.161029815673828,6.416666507720947,0.18541561452742705,-0.48624019622802805,-0.25,0.17881519606013913
2,curved,G1,13066,13066,0,0,2,true,true,5.489700095527951,13.31236634275778,17.68740647850379,6.416666507720947,0.18407521269186233,-0.9598635333980674,-0.25,0.1710623195603311
2,curved,G1,13083,13083,0,0,2,true,true,5.489700095527951,13.313706744593345,18.18074778174045,6.416666507720947,0.18541561452742705,-0.4665222301614058,-0.25,0.17908216639405
2,curved,G1,13083,13083,0,0,2,true,true,5.489700095527951,13.313706744593345,18.161029815673828,6.416666507720947,0.18541561452742705,-0.48624019622802805,-0.25,0.17881519606013913
2,curved,G1,13084,13084,0,0,2,true,true,5.489700095527951,13.313706744593345,18.724790573120117,6.416666507720947,0.18541561452742705,0.07752056121826101,-0.25,0.1864482043102163
2,curved,G1,13084,13084,0,0,2,true,true,5.489700095527951,13.313706744593345,18.18074778174045,6.416666507720947,0.18541561452742705,-0.4665222301614058,-0.25,0.17908216639405
2,curved,G1,13105,13105,0,0,2,true,true,5.489700095527951,13.313706744593345,18.74450853918674,6.416666507720947,0.18541561452742705,0.09723852728488325,-0.25,0.18671517464412715
2,curved,G1,13105,13105,0,0,2,true,true,5.489700095527951,13.313706744593345,18.724790573120117,6.416666507720947,0.18541561452742705,0.07752056121826101,-0.25,0.1864482043102163
2,curved,G1,13106,13106,0,0,2,true,true,5.489700095527951,13.313706744593345,19.288551330566406,6.416666507720947,0.18541561452742705,0.6412813186645501,-0.25,0.19408121256029343
2,curved,G1,13106,13106,0,0,2,true,true,5.489700095527951,13.313706744593345,18.74450853918674,6.416666507720947,0.18541561452742705,0.09723852728488325,-0.25,0.18671517464412715
2,curved,G1,13129,13129,0,0,2,true,true,5.489700095527951,13.313706744593345,19.30826929663303,6.416666507720947,0.18541561452742705,0.6609992847311723,-0.25,0.19434818289420427
2,curved,G1,13129,13129,0,0,2,true,true,5.489700095527951,13.313706744593345,19.288551330566406,6.416666507720947,0.18541561452742705,0.6412813186645501,-0.25,0.19408121256029343
2,curved,G1,13130,13130,0,0,2,true,true,5.489700095527951,13.313706744593345,19.713587136904252,6.416666507720947,0.18541561452742705,1.0663171250023957,-0.25,0.1998359618462333
2,curved,G1,13130,13130,0,0,2,true,true,5.489700095527951,13.313706744593345,19.30826929663303,6.416666507720947,0.18541561452742705,0.6609992847311723,-0.25,0.19434818289420427
2,curved,G1,13065,13065,0,0,3,true,true,6.341285898434762,13.312167051201225,17.616987944612983,6.416666507720947,0.18387592113530715,-1.0302820672888728,-0.25,0.16990961834460233
2,curved,G1,13065,13065,0,0,3,true,true,6.341285898434762,13.312020306794661,17.605446270555206,6.416666507720947,0.18372917672874323,-1.0418237413466507,-0.25,0.16960661951802702
2,curved,G1,13066,13066,0,0,3,true,true,6.341285898434762,13.31236634275778,17.68740647850379,6.416666507720947,0.18407521269186233,-0.9598635333980674,-0.25,0.1710623195603311
2,curved,G1,13066,13066,0,0,3,true,true,6.341285898434762,13.312167051201225,17.616987944612983,6.416666507720947,0.18387592113530715,-1.0302820672888728,-0.25,0.16990961834460233
2,curved,G1,13660,13660,0,0,4,false,true,0.6818064024763049,13.128291130065918,17.597270965576172,6.666666507720947,0,-1.0499990463256843,0,0
2,curved,G1,13660,13660,0,0,4,false,true,0.6818064024763049,13.128291130065918,17.597270965576172,6.666666507720947,0,-1.0499990463256843,0,0
2,curved,G1,13663,13663,0,0,4,true,true,0.6818064024763049,13.30929274939168,17.60532490380217,6.431890829701885,0.18100161932576242,-1.0419451080996858,-0.23477567801906218,0.16687766889119005
2,curved,G1,13663,13663,0,0,4,true,true,0.6818064024763049,13.128291130065918,17.597270965576172,6.666666507720947,0,-1.0499990463256843,0,0
2,curved,G1,13662,13662,0,0,4,true,true,0.6818064024763049,13.311939480776994,17.605442674080457,6.428487777709961,0.183648350711076,-1.041827337821399,-0.23817873001098633,0.16952575221479932
2,curved,G1,13662,13662,0,0,4,true,true,0.6818064024763049,13.30929274939168,17.60532490380217,6.431890829701885,0.18100161932576242,-1.0419451080996858,-0.23477567801906218,0.16687766889119005
2,curved,G1,13066,13066,0,0,4,true,true,0.6818064024763049,13.311995428099621,17.6054451635404,6.4250947648583745,0.18370429803370314,-1.0418248483614576,-0.24157174286257277,0.1695817281150632
2,curved,G1,13066,13066,0,0,4,true,true,0.6818064024763049,13.311939480776994,17.605442674080457,6.428487777709961,0.183648350711076,-1.041827337821399,-0.23817873001098633,0.16952575221479932
2,curved,G1,13065,13065,0,0,5,true,true,0.6818064024763049,13.312020306794661,17.605446270555206,6.416666507720947,0.18372917672874323,-1.0418237413466507,-0.25,0.16960661951802702
2,curved,G1,13065,13065,0,0,5,true,true,0.6818064024763049,13.312020306794661,17.605446270555206,6.4235859575010545,0.18372917672874323,-1.0418237413466507,-0.24308055021989272,0.16960661951802702
2,curved,G1,13066,13066,0,0,5,true,true,0.6818064024763049,13.312020306794661,17.605446270555206,6.4235859575010545,0.18372917672874323,-1.0418237413466507,-0.24308055021989272,0.16960661951802702
2,curved,G1,13066,13066,0,0,5,true,true,0.6818064024763049,13.311995428099621,17.605445163540395,6.4250947648583745,0.18370429803370314,-1.0418248483614612,-0.24157174286257277,0.16958172811506317
2,curved,G1,13717,13717,0,0,6,true,true,0.6560621595732518,13.128291130065918,19.697269439697266,6.666666507720947,0,1.0499994277954094,0,0.014216410399409915
2,curved,G1,13717,13717,0,0,6,true,true,0.6560621595732518,13.177798157291821,19.701626357974884,6.603004510433731,0.0495070272259035,1.0543563460730283,-0.06366199728721611,0.06377788994663842
2,curved,G1,13715,13715,0,0,6,false,true,0.6560621595732518,13.128291130065918,19.697269439697266,6.666666507720947,0,1.0499994277954094,0,0.014216410399409915
2,curved,G1,13715,13715,0,0,6,false,true,0.6560621595732518,13.128291130065918,19.697269439697266,6.666666507720947,0,1.0499994277954094,0,0.014216410399409915
2,curved,G1,13716,13716,0,0,6,true,true,0.6560621595732518,13.177798157291821,19.701626357974884,6.603004510433731,0.0495070272259035,1.0543563460730283,-0.06366199728721611,0.06377788994663842
2,curved,G1,13716,13716,0,0,6,true,true,0.6560621595732518,13.313511848449707,19.713569984863057,6.428487777709961,0.18522071838378906,1.0662999729612004,-0.23817873001098633,0.19964085133812964
2,curved,G1,13130,13130,0,0,6,true,true,0.6560621595732518,13.313511848449707,19.713569984863057,6.428487777709961,0.18522071838378906,1.0662999729612004,-0.23817873001098633,0.19964085133812964
2,curved,G1,13130,13130,0,0,6,true,true,0.6560621595732518,13.313560687199987,19.713574282968914,6.425525502304266,0.18526955713406856,1.0663042710670574,-0.24114100541668115,0.19968974380569884
2,curved,G1,13130,13130,0,0,7,true,true,0.6560621595732518,13.313560687199985,19.713574282968914,6.425525502304266,0.1852695571340668,1.0663042710670574,-0.24114100541668115,0.19968974380569707
2,curved,G1,13130,13130,0,0,7,true,true,0.6560621595732518,13.313706744593345,19.713587136904252,6.416666507720947,0.18541561452742705,1.0663171250023957,-0.25,0.1998359618462333
2,curved,G1,14378,14378,0,0,8,true,true,0.6561600459054545,18.367992686323962,20.03758723207474,7.157264937186936,5.239701556258044,1.3903172201728822,0.4905984294659884,5.351493585236473
2,curved,G1,14378,14378,0,0,8,true,true,0.6561600459054545,18.38495680992862,19.85949683741771,7.1578917926272885,5.256665679862703,1.2122268255158524,0.4912252849063412,5.351566322899254
2,curved,G1,14379,14379,0,0,8,true,true,0.6561600459054545,18.35658073425293,20.157390594482422,7.156843244654654,5.228289604187012,1.5101205825805657,0.4901767369337069,5.35144465381268
2,curved,G1,14379,14379,0,0,8,true,true,0.6561600459054545,18.367992686323962,20.03758723207474,7.157264937186936,5.239701556258044,1.3903172201728822,0.4905984294659884,5.351493585236473
2,curved,G1,14384,14384,0,0,9,true,true,0.6561600459054545,18.527909569706853,18.35877012736071,7.1584038734436035,5.3996184396409355,-0.28849988454114595,0.49173736572265625,5.352179266419143
2,curved,G1,14384,14384,0,0,9,true,true,0.6561600459054545,18.54491724625307,18.180222511291504,7.1584038734436035,5.416626116187153,-0.4670475006103523,0.49173736572265625,5.352252190825385
2,curved,G1,14382,14382,0,0,9,true,true,0.6561600459054545,18.474603941912555,18.918375828932053,7.1584038734436035,5.346312811846637,0.27110581703019676,0.49173736572265625,5.351950706024919
2,curved,G1,14382,14382,0,0,9,true,true,0.6561600459054545,18.496216455187056,18.691486358642578,7.1584038734436035,5.3679253251211385,0.044216346740721946,0.49173736572265625,5.352043374749755
2,curved,G1,14387,14387,0,0,9,true,true,0.6561600459054545,18.54491724625307,18.180222511291504,7.1584038734436035,5.416626116187153,-0.4670475006103523,0.49173736572265625,5.352252190825385
2,curved,G1,14387,14387,0,0,9,true,true,0.6561600459054545,18.577350616455078,17.83973503112793,7.1584038734436035,5.44905948638916,-0.8075349807739265,0.49173736572265625,5.3523912565148075
2,curved,G1,14380,14380,0,0,9,true,true,0.6561600459054545,18.42129831411826,19.477981530503396,7.1584038734436035,5.2930071840523425,0.8307115186015395,0.49173736572265625,5.351722145630697
2,curved,G1,14380,14380,0,0,9,true,true,0.6561600459054545,18.447515664121042,19.202750205993652,7.1584038734436035,5.319224534055124,0.5554801940917962,0.49173736572265625,5.351834558674125
2,curved,G1,14385,14385,0,0,9,true,true,0.6561600459054545,18.496216455187056,18.691486358642578,7.1584038734436035,5.3679253251211385,0.044216346740721946,0.49173736572265625,5.352043374749755
2,curved,G1,14385,14385,0,0,9,true,true,0.6561600459054545,18.527909569706853,18.35877012736071,7.1584038734436035,5.3996184396409355,-0.28849988454114595,0.49173736572265625,5.352179266419143
2,curved,G1,14383,14383,0,0,9,true,true,0.6561600459054545,18.447515664121042,19.202750205993652,7.1584038734436035,5.319224534055124,0.5554801940917962,0.49173736572265625,5.351834558674125
2,curved,G1,14383,14383,0,0,9,true,true,0.6561600459054545,18.474603941912555,18.918375828932053,7.1584038734436035,5.346312811846637,0.27110581703019676,0.49173736572265625,5.351950706024919
2,curved,G1,14381,14381,0,0,9,true,true,0.6561600459054545,18.398814873055027,19.714014053344727,7.1584038734436035,5.270523742989109,1.0667440414428704,0.49173736572265625,5.351625742598494
2,curved,G1,14381,14381,0,0,9,true,true,0.6561600459054545,18.42129831411826,19.477981530503396,7.1584038734436035,5.2930071840523425,0.8307115186015395,0.49173736572265625,5.351722145630697
2,curved,G1,14378,14378,0,0,9,true,true,0.6561600459054545,18.38495680992862,19.859496837417705,7.1578917926272885,5.256665679862703,1.2122268255158488,0.4912252849063412,5.351566322899254
2,curved,G1,14378,14378,0,0,9,true,true,0.6561600459054545,18.398814873055027,19.714014053344727,7.1584038734436035,5.270523742989109,1.0667440414428704,0.49173736572265625,5.351625742598494
2,curved,G1,13660,13660,0,0,16,false,true,0.2624998092651367,13.128291130065918,17.597270965576172,6.666666507720947,0,-1.0499990463256843,0,0
2,curved,G1,13660,13660,0,0,16,false,true,0.2624998092651367,13.128291130065918,17.597270965576172,6.666666507720947,0,-1.0499990463256843,0,0
2,curved,G1,13663,13663,0,0,16,false,true,0.2624998092651367,13.128291130065918,17.597270965576172,6.666666507720947,0,-1.0499990463256843,0,0
2,curved,G1,13663,13663,0,0,16,false,true,0.2624998092651367,13.128291130065918,17.597270965576172,6.666666507720947,0,-1.0499990463256843,0,0
2,curved,G1,13661,13661,0,0,17,false,true,0.2624998092651367,13.128291130065918,18.161029815673828,6.666666507720947,0,-0.48624019622802805,0,0
2,curved,G1,13661,13661,0,0,17,false,true,0.2624998092651367,13.128291130065918,18.161029815673828,6.666666507720947,0,-0.48624019622802805,0,0
2,curved,G1,13675,13675,0,0,17,false,true,0.2624998092651367,13.128291130065918,18.724790573120117,6.666666507720947,0,0.07752056121826101,0,0.0010495854411895107
2,curved,G1,13675,13675,0,0,17,false,true,0.2624998092651367,13.128291130065918,18.724790573120117,6.666666507720947,0,0.07752056121826101,0,0.0010495854411895107
2,curved,G1,13660,13660,0,0,17,false,true,0.2624998092651367,13.128291130065918,17.597270965576172,6.666666507720947,0,-1.0499990463256843,0,0
2,curved,G1,13660,13660,0,0,17,false,true,0.2624998092651367,13.128291130065918,18.161029815673828,6.666666507720947,0,-0.48624019622802805,0,0
2,curved,G1,13663,13663,0,0,17,false,true,0.2624998092651367,13.128291130065918,17.597270965576172,6.666666507720947,0,-1.0499990463256843,0,0
2,curved,G1,13663,13663,0,0,17,false,true,0.2624998092651367,13.128291130065918,18.161029815673828,6.666666507720947,0,-0.48624019622802805,0,0
2,curved,G1,13662,13662,0,0,17,false,true,0.2624998092651367,13.128291130065918,18.161029815673828,6.666666507720947,0,-0.48624019622802805,0,0
2,curved,G1,13662,13662,0,0,17,false,true,0.2624998092651367,13.128291130065918,18.161029815673825,6.666666507720947,0,-0.4862401962280316,0,0
2,curved,G1,13674,13674,0,0,17,false,true,0.2624998092651367,13.128291130065918,18.161029815673828,6.666666507720947,0,-0.48624019622802805,0,0
2,curved,G1,13674,13674,0,0,17,false,true,0.2624998092651367,13.128291130065918,18.724790573120117,6.666666507720947,0,0.07752056121826101,0,0.0010495854411895107
2,curved,G1,13677,13677,0,0,17,false,true,0.2624998092651367,13.128291130065918,18.161029815673828,6.666666507720947,0,-0.48624019622802805,0,0
2,curved,G1,13677,13677,0,0,17,false,true,0.2624998092651367,13.128291130065918,18.724790573120117,6.666666507720947,0,0.07752056121826101,0,0.0010495854411895107
2,curved,G1,13676,13676,0,0,17,false,true,0.2624998092651367,13.128291130065918,18.724790573120117,6.666666507720947,0,0.07752056121826101,0,0.0010495854411895107
2,curved,G1,13676,13676,0,0,17,false,true,0.2624998092651367,13.128291130065918,18.724790573120117,6.666666507720947,0,0.07752056121826101,0,0.0010495854411895107
2,curved,G1,13692,13692,0,0,17,false,true,0.2624998092651367,13.128291130065918,19.288551330566406,6.666666507720947,0,0.6412813186645501,0,0.008682593691266649
2,curved,G1,13692,13692,0,0,17,false,true,0.2624998092651367,13.128291130065918,19.288551330566406,6.666666507720947,0,0.6412813186645501,0,0.008682593691266649
2,curved,G1,13693,13693,0,0,17,false,true,0.2624998092651367,13.128291130065918,18.724790573120117,6.666666507720947,0,0.07752056121826101,0,0.0010495854411895107
2,curved,G1,13693,13693,0,0,17,false,true,0.2624998092651367,13.128291130065918,19.288551330566406,6.666666507720947,0,0.6412813186645501,0,0.008682593691266649
2,curved,G1,13695,13695,0,0,17,false,true,0.2624998092651367,13.128291130065918,18.724790573120117,6.666666507720947,0,0.07752056121826101,0,0.0010495854411895107
2,curved,G1,13695,13695,0,0,17,false,true,0.2624998092651367,13.128291130065918,19.288551330566406,6.666666507720947,0,0.6412813186645501,0,0.008682593691266649
2,curved,G1,13694,13694,0,0,17,false,true,0.2624998092651367,13.128291130065918,19.288551330566406,6.666666507720947,0,0.6412813186645501,0,0.008682593691266649
2,curved,G1,13694,13694,0,0,17,false,true,0.2624998092651367,13.128291130065918,19.288551330566406,6.666666507720947,0,0.6412813186645501,0,0.008682593691266649
2,curved,G1,13691,13691,0,0,17,false,true,0.2624998092651367,13.128291130065918,19.288551330566406,6.666666507720947,0,0.6412813186645501,0,0.008682593691266649
2,curved,G1,13691,13691,0,0,17,false,true,0.2624998092651367,13.128291130065918,19.288551330566406,6.666666507720947,0,0.6412813186645501,0,0.008682593691266649
2,curved,G1,13714,13714,0,0,17,false,true,0.2624998092651367,13.128291130065918,19.288551330566406,6.666666507720947,0,0.6412813186645501,0,0.008682593691266649
2,curved,G1,13714,13714,0,0,17,false,true,0.2624998092651367,13.128291130065918,19.288551330566406,6.666666507720947,0,0.6412813186645501,0,0.008682593691266649
2,curved,G1,13717,13717,0,0,17,false,true,0.2624998092651367,13.128291130065918,19.288551330566406,6.666666507720947,0,0.6412813186645501,0,0.008682593691266649
2,curved,G1,13717,13717,0,0,17,false,true,0.2624998092651367,13.128291130065918,19.697269439697266,6.666666507720947,0,1.0499994277954094,0,0.014216410399409915
2,curved,G1,13715,13715,0,0,17,false,true,0.2624998092651367,13.128291130065918,19.288551330566406,6.666666507720947,0,0.6412813186645501,0,0.008682593691266649
2,curved,G1,13715,13715,0,0,17,false,true,0.2624998092651367,13.128291130065918,19.697269439697266,6.666666507720947,0,1.0499994277954094,0,0.014216410399409915
2,curved,G1,14382,14382,0,0,18,true,true,0.29101832661458954,18.496216455187056,18.691486358642578,7.1584038734436035,5.3679253251211385,0.044216346740721946,0.49173736572265625,5.352043374749755
2,curved,G1,14382,14382,0,0,18,true,true,0.29101832661458954,18.474603941912555,18.918375828932053,7.1584038734436035,5.346312811846637,0.27110581703019676,0.49173736572265625,5.351950706024919
2,curved,G1,14380,14380,0,0,18,true,true,0.29101832661458954,18.447515664121042,19.202750205993652,7.1584038734436035,5.319224534055124,0.5554801940917962,0.49173736572265625,5.351834558674125
2,curved,G1,14380,14380,0,0,18,true,true,0.29101832661458954,18.42129831411826,19.477981530503396,7.1584038734436035,5.2930071840523425,0.8307115186015395,0.49173736572265625,5.351722145630697
2,curved,G1,14385,14385,0,0,18,true,true,0.29101832661458954,18.513823186782247,18.506649826471403,7.1584038734436035,5.385532056716329,-0.1406201854304534,0.49173736572265625,5.352118867745164
2,curved,G1,14385,14385,0,0,18,true,true,0.29101832661458954,18.496216455187056,18.691486358642578,7.1584038734436035,5.3679253251211385,0.044216346740721946,0.49173736572265625,5.352043374749755
2,curved,G1,14383,14383,0,0,18,true,true,0.29101832661458954,18.474603941912555,18.918375828932053,7.1584038734436035,5.346312811846637,0.27110581703019676,0.49173736572265625,5.351950706024919
2,curved,G1,14383,14383,0,0,18,true,true,0.29101832661458954,18.447515664121042,19.202750205993652,7.1584038734436035,5.319224534055124,0.5554801940917962,0.49173736572265625,5.351834558674125
2,curved,G1,14381,14381,0,0,18,true,true,0.29101832661458954,18.42129831411826,19.477981530503396,7.1584038734436035,5.2930071840523425,0.8307115186015395,0.49173736572265625,5.351722145630697
2,curved,G1,14381,14381,0,0,18,true,true,0.29101832661458954,18.398814873055027,19.714014053344727,7.1584038734436035,5.270523742989109,1.0667440414428704,0.49173736572265625,5.351625742598494
2,curved,G1,14378,14378,0,0,18,true,true,0.29101832661458954,18.398814873055024,19.714014053344727,7.1584038734436035,5.270523742989106,1.0667440414428704,0.49173736572265625,5.3516257425984906
2,curved,G1,14378,14378,0,0,18,true,true,0.29101832661458954,18.367992686323962,20.03758723207474,7.157264937186935,5.239701556258044,1.3903172201728822,0.49059842946598753,5.351493585236473
2,curved,G1,14379,14379,0,0,18,true,true,0.29101832661458954,18.367992686323962,20.03758723207474,7.157264937186935,5.239701556258044,1.3903172201728822,0.49059842946598753,5.351493585236473
2,curved,G1,14379,14379,0,0,18,true,true,0.29101832661458954,18.35658073425293,20.157390594482422,7.156843244654654,5.228289604187012,1.5101205825805657,0.4901767369337069,5.35144465381268
2,curved,G1,14384,14384,0,0,19,true,true,0.29101832661458954,18.54491724625307,18.180222511291504,7.1584038734436035,5.416626116187153,-0.4670475006103523,0.49173736572265625,5.352252190825385
2,curved,G1,14384,14384,0,0,19,true,true,0.29101832661458954,18.527909569706853,18.35877012736071,7.1584038734436035,5.3996184396409355,-0.28849988454114595,0.49173736572265625,5.352179266419143
2,curved,G1,14387,14387,0,0,19,true,true,0.29101832661458954,18.577350616455078,17.83973503112793,7.1584038734436035,5.44905948638916,-0.8075349807739265,0.49173736572265625,5.3523912565148075
2,curved,G1,14387,14387,0,0,19,true,true,0.29101832661458954,18.54491724625307,18.180222511291504,7.1584038734436035,5.416626116187153,-0.4670475006103523,0.49173736572265625,5.352252190825385
2,curved,G1,14385,14385,0,0,19,true,true,0.29101832661458954,18.527909569706853,18.35877012736071,7.1584038734436035,5.3996184396409355,-0.28849988454114595,0.49173736572265625,5.352179266419143
2,curved,G1,14385,14385,0,0,19,true,true,0.29101832661458954,18.513823186782247,18.506649826471403,7.1584038734436035,5.385532056716329,-0.1406201854304534,0.49173736572265625,5.352118867745164
2,curved,G1,15100,15100,0,1,0,true,true,7.5780927193936805,19.939042954631567,18.518667276508417,7.230342388153076,6.810751824565649,-0.12860273539343936,0.5636758804321289,6.7684034755403255
2,curved,G1,15100,15100,0,1,0,true,true,7.5780927193936805,19.937838029761597,18.650013152447208,7.230342388153076,6.809546899695679,0.002743140545351963,0.5636758804321289,6.780387463447096
2,curved,G1,15101,15101,0,1,0,true,true,7.5780927193936805,19.937838029761597,18.650013152447208,7.230342388153076,6.809546899695679,0.002743140545351963,0.5636758804321289,6.780387463447096
2,curved,G1,15101,15101,0,1,0,true,true,7.5780927193936805,19.9360526903885,18.691486358642578,7.230342388153076,6.807761560322582,0.044216346740721946,0.5636758804321289,6.782773692170002
2,curved,G1,15098,15098,0,1,0,true,true,7.5780927193936805,19.9360526903885,18.691486358642578,7.230342388153076,6.807761560322582,0.044216346740721946,0.5636758804321289,6.782773692170002
2,curved,G1,15098,15098,0,1,0,true,true,7.5780927193936805,19.932467693003748,19.161276999798282,7.230342388153076,6.80417656293783,0.5140069878964262,0.5636758804321289,6.826358406739955
2,curved,G1,15099,15099,0,1,0,true,true,7.5780927193936805,19.93246769300375,19.161276999798282,7.230342388153076,6.804176562937833,0.5140069878964262,0.5636758804321289,6.826358406739959
2,curved,G1,15099,15099,0,1,0,true,true,7.5780927193936805,19.930785708054888,19.202750205993652,7.230342388153076,6.80249457798897,0.5554801940917962,0.5636758804321289,6.828847467994333
2,curved,G1,15096,15096,0,1,0,true,true,7.5780927193936805,19.930785708054888,19.202750205993652,7.230342388153076,6.80249457798897,0.5554801940917962,0.5636758804321289,6.828847467994333
2,curved,G1,15096,15096,0,1,0,true,true,7.5780927193936805,19.92763623834069,19.672540847149357,7.230342388153076,6.799345108274771,1.0252708352475004,0.5636758804321289,6.872865511018483
2,curved,G1,15094,15094,0,1,0,true,true,7.5780927193936805,19.9259797825535,19.714014053344727,7.230342388153076,6.797688652487583,1.0667440414428704,0.5636758804321289,6.875379972523893
2,curved,G1,15094,15094,0,1,0,true,true,7.5780927193936805,19.941769194159086,20.18380469450043,7.230342388153076,6.813478064093168,1.5365346825985746,0.5636758804321289,6.938241264143631
2,curved,G1,15097,15097,0,1,0,true,true,7.5780927193936805,19.927636238340686,19.672540847149357,7.230342388153076,6.799345108274768,1.0252708352475004,0.5636758804321289,6.872865511018479
2,curved,G1,15097,15097,0,1,0,true,true,7.5780927193936805,19.925979782553497,19.714014053344727,7.230342388153076,6.7976886524875795,1.0667440414428704,0.5636758804321289,6.8753799725238895
2,curved,G1,15095,15095,0,1,0,true,true,7.5780927193936805,19.941769194159086,20.18380469450043,7.230342388153076,6.813478064093168,1.5365346825985746,0.5636758804321289,6.938241264143631
2,curved,G1,15095,15095,0,1,0,true,true,7.5780927193936805,19.944601848049597,20.2252779006958,7.230342388153076,6.816310717983679,1.5780078887939446,0.5636758804321289,6.945222167367612
2,curved,G1,15092,15092,0,1,0,true,true,7.5780927193936805,19.944601848049597,20.2252779006958,7.230342388153076,6.816310717983679,1.5780078887939446,0.5636758804321289,6.945222167367612
2,curved,G1,15092,15092,0,1,0,true,true,7.5780927193936805,19.89384374621762,20.346475167924563,7.230342388153076,6.765552616151702,1.6992051560227068,0.5636758804321289,6.906884611021634
2,curved,G1,15312,15312,0,1,0,true,true,7.5780927193936805,24.354333877563477,20.895119002625627,7.230342388153076,11.226042747497559,2.247848990723771,0.5636758804321289,11.396763251344055
2,curved,G1,15312,15312,0,1,0,true,true,7.5780927193936805,24.354333877563477,20.736541748046875,7.230342388153076,11.226042747497559,2.089271736145019,0.5636758804321289,11.381231558364274
2,curved,G1,15315,15315,0,1,0,true,true,7.5780927193936805,24.354333877563477,20.736541748046875,7.230342388153076,11.226042747497559,2.089271736145019,0.5636758804321289,11.381231558364274
2,curved,G1,15315,15315,0,1,0,true,true,7.5780927193936805,24.35453524853754,20.72020723786001,7.230342388153076,11.226244118471623,2.072937225958153,0.5636758804321289,11.37983209362327
2,curved,G1,15102,15102,0,1,1,true,true,8.525639686204158,19.94600318672929,17.946263133863724,7.230342388153076,6.817712056663371,-0.7010068780381324,0.5636758804321289,6.7178779141342435
2,curved,G1,15102,15102,0,1,1,true,true,8.525639686204158,19.94394870449412,18.138749305096134,7.230342388153076,6.815657574428201,-0.5085207068057223,0.5636758804321289,6.735153119759354
2,curved,G1,15103,15103,0,1,1,true,true,8.525639686204158,19.94394870449412,18.138749305096134,7.230342388153076,6.815657574428201,-0.5085207068057223,0.5636758804321289,6.735153119759354
2,curved,G1,15103,15103,0,1,1,true,true,8.525639686204158,19.942147738179635,18.180222511291504,7.230342388153076,6.813856608113717,-0.4670475006103523,0.5636758804321289,6.737523800449808
2,curved,G1,15100,15100,0,1,1,true,true,8.525639686204158,19.94214773817964,18.180222511291504,7.230342388153076,6.813856608113721,-0.4670475006103523,0.5636758804321289,6.737523800449812
2,curved,G1,15100,15100,0,1,1,true,true,8.525639686204158,19.939042954631567,18.518667276508417,7.230342388153076,6.810751824565649,-0.12860273539343936,0.5636758804321289,6.7684034755403255
2,curved,G1,15365,15365,0,1,1,true,true,8.525639686204158,24.880424341560403,19.991338292804038,7.230342388153076,11.752133211494485,1.3440682809021816,0.5636758804321289,11.83057737367625
2,curved,G1,15365,15365,0,1,1,true,true,8.525639686204158,24.91324350307618,19.976651375758113,7.230342388153076,11.784952373010263,1.3293813638562568,0.5636758804321289,11.861863145317589
2,curved,G1,15314,15314,0,1,1,true,true,8.525639686204158,24.354845157046828,20.695068541851505,7.230342388153076,11.22655402698091,2.047798529949649,0.5636758804321289,11.377678327254015
2,curved,G1,15314,15314,0,1,1,true,true,8.525639686204158,24.360636711120605,20.2252779006958,7.230342388153076,11.232345581054688,1.5780078887939446,0.5636758804321289,11.33742885356733
2,curved,G1,15316,15316,0,1,1,true,true,8.525639686204158,24.360636711120605,20.2252779006958,7.230342388153076,11.232345581054688,1.5780078887939446,0.5636758804321289,11.33742885356733
2,curved,G1,15316,15316,0,1,1,true,true,8.525639686204158,24.362252632699064,20.22333336165968,7.230342388153076,11.233961502633147,1.576063349757824,0.5636758804321289,11.338846549715306
2,curved,G1,15317,15317,0,1,1,true,true,8.525639686204158,24.362252632699064,20.22333336165968,7.230342388153076,11.233961502633147,1.576063349757824,0.5636758804321289,11.338846549715306
2,curved,G1,15317,15317,0,1,1,true,true,8.525639686204158,24.36239528656006,20.223161697387695,7.230342388153076,11.23410415649414,1.5758916854858391,0.5636758804321289,11.338971704198
2,curved,G1,15364,15364,0,1,1,true,true,8.525639686204158,24.36239528656006,20.223161697387695,7.230342388153076,11.23410415649414,1.5758916854858391,0.5636758804321289,11.338971704198
2,curved,G1,15364,15364,0,1,1,true,true,8.525639686204158,24.880424341560403,19.991338292804038,7.230342388153076,11.752133211494485,1.3440682809021816,0.5636758804321289,11.83057737367625
2,curved,G1,15315,15315,0,1,1,true,true,8.525639686204158,24.35453524853754,20.72020723786001,7.230342388153076,11.226244118471623,2.072937225958153,0.5636758804321289,11.37983209362327
2,curved,G1,15315,15315,0,1,1,true,true,8.525639686204158,24.354845157046828,20.695068541851505,7.230342388153076,11.22655402698091,2.047798529949649,0.5636758804321289,11.377678327254015
2,curved,G1,14619,14619,0,1,2,true,true,7.5780927193936805,24.37419881122774,20.730011381127287,6.980342388153076,11.245907681161821,2.082741369225431,0.3136758804321289,11.400361369606582
2,curved,G1,14619,14619,0,1,2,true,true,7.5780927193936805,24.373792687670154,20.736541748046875,6.980342388153076,11.245501557604236,2.089271736145019,0.3136758804321289,11.400596809075687
2,curved,G1,14618,14618,0,1,2,true,true,7.5780927193936805,24.373792687670157,20.736541748046875,6.980342388153076,11.24550155760424,2.089271736145019,0.3136758804321289,11.40059680907569
2,curved,G1,14618,14618,0,1,2,true,true,7.5780927193936805,24.37378548335634,20.897511565612884,6.980342388153076,11.245494353290422,2.250241553711028,0.3136758804321289,11.416355669605316
2,curved,G1,14623,14623,0,1,3,true,true,8.525639686204158,24.90443020269001,20.06917448190561,6.980342388153076,11.77613907262409,1.4219044700037529,0.3136758804321289,11.861825407791475
2,curved,G1,14623,14623,0,1,3,true,true,8.525639686204158,24.80316261290103,20.11449278444531,6.980342388153076,11.674871482835112,1.4672227725434546,0.3136758804321289,11.765289282476894
2,curved,G1,14620,14620,0,1,3,true,true,8.525639686204158,24.404744165618922,20.2252779006958,6.980342388153076,11.276453035553004,1.5780078887939446,0.3136758804321289,11.381324236168808
2,curved,G1,14620,14620,0,1,3,true,true,8.525639686204158,24.388401482142132,20.501635925982303,6.980342388153076,11.260110352076214,1.8543659140804465,0.3136758804321289,11.392127744057285
2,curved,G1,14622,14622,0,1,3,true,true,8.525639686204158,24.80316261290103,20.11449278444531,6.980342388153076,11.674871482835112,1.4672227725434546,0.3136758804321289,11.765289282476894
2,curved,G1,14622,14622,0,1,3,true,true,8.525639686204158,24.78419728585461,20.119701462351266,6.980342388153076,11.655906155788692,1.4724314504494096,0.3136758804321289,11.746900499111037
2,curved,G1,14621,14621,0,1,3,true,true,8.525639686204158,24.78419728585461,20.119701462351266,6.980342388153076,11.655906155788692,1.4724314504494096,0.3136758804321289,11.746900499111037
2,curved,G1,14621,14621,0,1,3,true,true,8.525639686204158,24.404744165618922,20.2252779006958,6.980342388153076,11.276453035553004,1.5780078887939446,0.3136758804321289,11.381324236168808
2,curved,G1,14619,14619,0,1,3,true,true,8.525639686204158,24.388401482142132,20.501635925982303,6.980342388153076,11.260110352076214,1.8543659140804465,0.3136758804321289,11.392127744057285
2,curved,G1,14619,14619,0,1,3,true,true,8.525639686204158,24.374198811227743,20.730011381127287,6.980342388153076,11.245907681161825,2.082741369225431,0.3136758804321289,11.400361369606586
2,curved,G1,14430,14430,0,1,4,true,true,0.8138688542916369,18.724790573120117,17.851210915652683,7.1584038734436035,5.596499443054199,-0.7960590962491736,0.49173736572265625,5.500256066931965
2,curved,G1,14430,14430,0,1,4,true,true,0.8138688542916369,19.058909116130522,17.877216795631863,7.1584038734436035,5.930617986064604,-0.7700532162699929,0.49173736572265625,5.831187871252443
2,curved,G1,14470,14470,0,1,4,true,true,0.8138688542916369,19.288551330566406,17.89509083462702,7.1584038734436035,6.160260200500488,-0.7521791772748365,0.49173736572265625,6.0614766041122765
2,curved,G1,14470,14470,0,1,4,true,true,0.8138688542916369,19.57810884658123,17.917628338653895,7.1584038734436035,6.449817716515312,-0.7296416732479614,0.49173736572265625,6.351849319847048
2,curved,G1,14387,14387,0,1,4,true,true,0.8138688542916369,18.577350616455078,17.83973503112793,7.1584038734436035,5.44905948638916,-0.8075349807739265,0.49173736572265625,5.3523912565148075
2,curved,G1,14387,14387,0,1,4,true,true,0.8138688542916369,18.724790573120117,17.851210915652683,7.1584038734436035,5.596499443054199,-0.7960590962491736,0.49173736572265625,5.500256066931965
2,curved,G1,14431,14431,0,1,4,true,true,0.8138688542916369,19.058909116130522,17.877216795631863,7.1584038734436035,5.930617986064604,-0.7700532162699929,0.49173736572265625,5.831187871252443
2,curved,G1,14431,14431,0,1,4,true,true,0.8138688542916369,19.288551330566406,17.89509083462702,7.1584038734436035,6.160260200500488,-0.7521791772748365,0.49173736572265625,6.0614766041122765
2,curved,G1,14471,14471,0,1,4,true,true,0.8138688542916369,19.57810884658123,17.917628338653895,7.1584038734436035,6.449817716515312,-0.7296416732479614,0.49173736572265625,6.351849319847048
2,curved,G1,14471,14471,0,1,4,true,true,0.8138688542916369,19.852312088012695,17.938970753601353,7.1584038734436035,6.724020957946777,-0.708299258300503,0.49173736572265625,6.623927996410955
2,curved,G1,14514,14514,0,1,4,true,true,0.8138688542916369,19.89098546771496,17.94198086869962,7.1809589312136755,6.762694337649041,-0.7052891432022363,0.5142924234927282,6.662708210229343
2,curved,G1,14514,14514,0,1,4,true,true,0.8138688542916369,19.927244934221527,17.94480309857523,7.200640678405762,6.798953804155609,-0.7024669133266279,0.5339741706848145,6.6990678424851975
2,curved,G1,14513,14513,0,1,4,true,true,0.8138688542916369,19.852312088012695,17.938970753601353,7.1584038734436035,6.724020957946777,-0.708299258300503,0.49173736572265625,6.623927996410955
2,curved,G1,14513,14513,0,1,4,true,true,0.8138688542916369,19.89098546771496,17.94198086869962,7.1809589312136755,6.762694337649041,-0.7052891432022363,0.5142924234927282,6.662708210229343
2,curved,G1,15102,15102,0,1,4,true,true,0.8138688542916369,19.927244934221527,17.94480309857523,7.200640678405762,6.798953804155609,-0.7024669133266279,0.5339741706848145,6.6990678424851975
2,curved,G1,15102,15102,0,1,4,true,true,0.8138688542916369,19.94600318672929,17.946263133863724,7.230342388153076,6.817712056663371,-0.7010068780381324,0.5636758804321289,6.7178779141342435
2,curved,G1,14379,14379,0,1,6,true,true,0.8140533062564638,18.724790573120117,20.202680697592637,7.156683829276956,5.596499443054199,1.5554106856907808,0.4900173215560084,5.726441065841105
2,curved,G1,14379,14379,0,1,6,true,true,0.8140533062564638,18.35658073425293,20.157390594482422,7.156843244654655,5.228289604187012,1.5101205825805657,0.4901767369337078,5.35144465381268
2,curved,G1,14422,14422,0,1,6,true,true,0.8140533062564638,18.746732126032114,20.20537952605643,7.156674329745505,5.618440995966196,1.558109514154573,0.49000782202455806,5.748541456242354
2,curved,G1,14422,14422,0,1,6,true,true,0.8140533062564638,18.724790573120117,20.202680697592637,7.156683829276956,5.596499443054199,1.5554106856907808,0.4900173215560084,5.726441065841105
2,curved,G1,14420,14420,0,1,6,true,true,0.8140533062564638,19.17512705981932,20.258072443722096,7.165464068157906,6.046835929753403,1.6108024318202396,0.4987975604369588,6.18003759147886
2,curved,G1,14420,14420,0,1,6,true,true,0.8140533062564638,18.908506483265352,20.2252779006958,7.156604290008545,5.780215353199434,1.5780078887939446,0.48993778228759766,5.911486917126785
2,curved,G1,14423,14423,0,1,6,true,true,0.8140533062564638,18.908506483265352,20.2252779006958,7.156604290008545,5.780215353199434,1.5780078887939446,0.48993778228759766,5.911486917126785
2,curved,G1,14423,14423,0,1,6,true,true,0.8140533062564638,18.746732126032114,20.20537952605643,7.156674329745505,5.618440995966196,1.558109514154573,0.49000782202455806,5.748541456242354
2,curved,G1,14421,14421,0,1,6,true,true,0.8140533062564638,19.288551330566406,20.27202371925873,7.167788519448806,6.160260200500488,1.6247537073568736,0.5011220117278583,6.294282953898802
2,curved,G1,14421,14421,0,1,6,true,true,0.8140533062564638,19.17512705981932,20.258072443722096,7.165464068157906,6.046835929753403,1.6108024318202396,0.4987975604369588,6.18003759147886
2,curved,G1,14460,14460,0,1,6,true,true,0.8140533062564638,19.594037586661464,20.309598771788192,7.176778585761445,6.4657464565955465,1.6623287598863357,0.510112078040498,6.604891152394661
2,curved,G1,14460,14460,0,1,6,true,true,0.8140533062564638,19.288551330566406,20.27202371925873,7.167788519448806,6.160260200500488,1.6247537073568736,0.5011220117278583,6.294282953898802
2,curved,G1,14461,14461,0,1,6,true,true,0.8140533062564638,19.852312088012695,20.341366740924823,7.184199966930013,6.724020957946777,1.6940967290229665,0.5175334592090657,6.865049949844604
2,curved,G1,14461,14461,0,1,6,true,true,0.8140533062564638,19.594037586661464,20.30959877178819,7.176778585761445,6.4657464565955465,1.662328759886332,0.510112078040498,6.60489115239466
2,curved,G1,14504,14504,0,1,6,true,true,0.8140533062564638,19.879858671981893,20.344754992667735,7.200640678405761,6.751567541915975,1.6974849807658785,0.5339741706848136,6.8927975057271516
2,curved,G1,14504,14504,0,1,6,true,true,0.8140533062564638,19.852312088012695,20.341366740924823,7.184199966930012,6.724020957946777,1.6940967290229665,0.5175334592090648,6.865049949844604
2,curved,G1,15092,15092,0,1,6,true,true,0.8140533062564638,19.89384374621762,20.346475167924563,7.230342388153076,6.765552616151702,1.6992051560227068,0.5636758804321289,6.906884611021634
2,curved,G1,15092,15092,0,1,6,true,true,0.8140533062564638,19.879858671981893,20.344754992667735,7.200640678405762,6.751567541915975,1.6974849807658785,0.5339741706848145,6.8927975057271516
2,curved,G1,15312,15312,0,1,6,true,true,0.8140533062564638,24.354333877563477,20.895119002625627,7.212320187098323,11.226042747497559,2.247848990723771,0.5456536793773754,11.396763251344055
2,curved,G1,15312,15312,0,1,6,true,true,0.8140533062564638,24.354333877563477,20.895119002625627,7.230342388153076,11.226042747497559,2.247848990723771,0.5636758804321289,11.396763251344055
2,curved,G1,14618,14618,0,1,7,true,true,0.8140533062564638,24.373785483356336,20.897511565612884,6.980342388153076,11.245494353290418,2.250241553711028,0.3136758804321289,11.416355669605313
2,curved,G1,14618,14618,0,1,7,true,true,0.8140533062564638,24.36239528656006,20.896110562345466,7.032561939502204,11.23410415649414,2.24884055044361,0.36589543178125705,11.404883017831102
2,curved,G1,14591,14591,0,1,7,true,true,0.8140533062564638,24.36239528656006,20.896110562345466,7.032561939502204,11.23410415649414,2.24884055044361,0.36589543178125705,11.404883017831102
2,curved,G1,14591,14591,0,1,7,true,true,0.8140533062564638,24.356839120622332,20.895427149514912,7.148384443826994,11.228547990556415,2.248157137613056,0.48171793610604663,11.399286630152874
2,curved,G1,15312,15312,0,1,7,true,true,0.8140533062564638,24.354333877563477,20.895119002625627,7.200640678405762,11.226042747497559,2.247848990723771,0.5339741706848145,11.396763251344055
2,curved,G1,15312,15312,0,1,7,true,true,0.8140533062564638,24.354333877563477,20.895119002625627,7.212320187098323,11.226042747497559,2.247848990723771,0.5456536793773754,11.396763251344055
2,curved,G1,14592,14592,0,1,7,true,true,0.8140533062564638,24.356839120622332,20.895427149514912,7.148384443826994,11.228547990556415,2.248157137613056,0.48171793610604663,11.399286630152874
2,curved,G1,14592,14592,0,1,7,true,true,0.8140533062564638,24.354333877563477,20.895119002625623,7.200640678405762,11.226042747497559,2.2478489907237673,0.5339741706848145,11.396763251344055
2,curved,G1,15365,15365,0,1,8,true,true,0.7382055442793553,24.91324350307618,19.976651375758113,7.230342388153076,11.784952373010263,1.3293813638562568,0.5636758804321289,11.861863145317589
2,curved,G1,15365,15365,0,1,8,true,true,0.7382055442793553,24.91324350307618,19.976651375758113,7.566790580749512,11.784952373010263,1.3293813638562568,0.9001240730285645,11.861863145317589
2,curved,G1,16190,16190,0,1,8,true,true,0.7382055442793553,24.91324350307618,19.97665137575811,7.566790580749513,11.784952373010263,1.3293813638562533,0.9001240730285653,11.861863145317587
2,curved,G1,16190,16190,0,1,8,true,true,0.7382055442793553,24.91277723538971,19.981546310998958,7.584133392624248,11.784486105323793,1.3342762990971018,0.917466884903301,11.861861148813643
2,curved,G1,15412,15412,0,1,9,true,true,0.7382055442793553,25.035662062215184,18.691486358642578,7.485139988902276,11.907370932149266,0.044216346740721946,0.8184734811813286,11.862387327334535
2,curved,G1,15412,15412,0,1,9,true,true,0.7382055442793553,25.068668365478516,18.344982147216797,7.267004083886441,11.940377235412598,-0.3022878646850593,0.6003375761654937,11.862528656482157
2,curved,G1,15408,15408,0,1,9,true,true,0.7382055442793553,25.030786564788823,18.742669927355255,7.530134637281479,11.902495434722905,0.09539991545339888,0.8634681295605313,11.862366451022213
2,curved,G1,15408,15408,0,1,9,true,true,0.7382055442793553,25.035662062215184,18.691486358642578,7.485139988902276,11.907370932149266,0.044216346740721946,0.8184734811813286,11.862387327334535
2,curved,G1,17023,17023,0,1,9,true,true,0.7382055442793553,25.042576139321362,18.61890153094166,7.794018745422363,11.914285009255444,-0.028368480960196507,1.127352237701416,11.86241693260769
2,curved,G1,17023,17023,0,1,9,true,true,0.7382055442793553,25.035662062215184,18.691486358642578,7.766747867280106,11.907370932149266,0.044216346740721946,1.1000813595591588,11.862387327334535
2,curved,G1,16217,16217,0,1,9,true,true,0.7382055442793553,25.0341707676082,18.70714215195192,7.759157309113426,11.90587963754228,0.05987214005006436,1.0924908013924783,11.862380941784657
2,curved,G1,16217,16217,0,1,9,true,true,0.7382055442793553,25.023564416400742,18.818488925079574,7.566790580749512,11.895273286334824,0.17121891317771798,0.9001240730285645,11.862335526623692
2,curved,G1,17020,17020,0,1,9,true,true,0.7382055442793553,25.03566206221518,18.691486358642578,7.766747867280106,11.907370932149263,0.044216346740721946,1.1000813595591588,11.862387327334531
2,curved,G1,17020,17020,0,1,9,true,true,0.7382055442793553,25.035056563735765,18.69784295578877,7.765233993530273,11.906765433669847,0.05057294388691247,1.0985674858093262,11.86238473466054
2,curved,G1,16218,16218,0,1,9,true,true,0.7382055442793553,25.035056563735765,18.69784295578877,7.765233993530274,11.906765433669847,0.05057294388691247,1.098567485809327,11.86238473466054
2,curved,G1,16218,16218,0,1,9,true,true,0.7382055442793553,25.0341707676082,18.70714215195192,7.759157309113426,11.90587963754228,0.05987214005006436,1.0924908013924783,11.862380941784657
2,curved,G1,15409,15409,0,1,9,true,true,0.7382055442793553,25.023564416400745,18.818488925079574,7.566790580749512,11.895273286334827,0.17121891317771798,0.9001240730285645,11.862335526623696
2,curved,G1,15409,15409,0,1,9,true,true,0.7382055442793553,25.030786564788823,18.742669927355255,7.530134637281478,11.902495434722905,0.09539991545339888,0.8634681295605304,11.862366451022213
2,curved,G1,16190,16190,0,1,9,true,true,0.7382055442793553,24.91277723538971,19.98154631099896,7.584133392624248,11.784486105323793,1.3342762990971053,0.917466884903301,11.861861148813643
2,curved,G1,16190,16190,0,1,9,true,true,0.7382055442793553,24.908079352187137,20.030865263851418,7.758871009996906,11.77978822212122,1.3835952519495613,1.0922045022759583,11.861841033024747
2,curved,G1,16189,16189,0,1,9,true,true,0.7382055442793553,24.908079352187137,20.030865263851418,7.758871009996906,11.77978822212122,1.3835952519495613,1.0922045022759583,11.861841033024747
2,curved,G1,16189,16189,0,1,9,true,true,0.7382055442793553,24.907970252100128,20.032010609918018,7.765233993530273,11.77967912203421,1.3847405980161618,1.0985674858093262,11.861840565870878
2,curved,G1,16986,16986,0,1,9,true,true,0.7382055442793553,24.90797025210013,20.032010609918018,7.7652339935302725,11.779679122034214,1.3847405980161618,1.0985674858093253,11.861840565870882
2,curved,G1,16986,16986,0,1,9,true,true,0.7382055442793553,24.90399000910587,20.073795688028895,7.794018745422363,11.77569887903995,1.4265256761270386,1.127352237701416,11.8618235229338
2,curved,G1,15365,15365,0,1,10,true,true,0.7382055442793553,24.91324350307618,19.976651375758113,7.3330752098202945,11.784952373010263,1.3293813638562568,0.6664087020993472,11.861863145317589
2,curved,G1,15365,15365,0,1,10,true,true,0.7382055442793553,24.91324350307618,19.976651375758113,7.209027082635113,11.784952373010263,1.3293813638562568,0.5423605749141656,11.861863145317589
2,curved,G1,14623,14623,0,1,10,true,true,0.7382055442793553,24.91324350307618,19.976651375758113,7.200640678405762,11.784952373010263,1.3293813638562568,0.5339741706848145,11.861863145317589
2,curved,G1,14623,14623,0,1,10,true,true,0.7382055442793553,24.90443020269001,20.06917448190561,6.980342388153076,11.77613907262409,1.4219044700037529,0.3136758804321289,11.861825407791475
2,curved,G1,15364,15364,0,1,10,true,true,0.7382055442793553,24.91324350307618,19.976651375758113,7.209027082635113,11.784952373010263,1.3293813638562568,0.5423605749141656,11.861863145317589
2,curved,G1,15364,15364,0,1,10,true,true,0.7382055442793553,24.91324350307618,19.976651375758113,7.200640678405762,11.784952373010263,1.3293813638562568,0.5339741706848145,11.861863145317589
2,curved,G1,15412,15412,0,1,11,true,true,0.7382055442793553,25.068668365478516,18.344982147216797,7.26700408388644,11.940377235412598,-0.3022878646850593,0.6003375761654928,11.862528656482157
2,curved,G1,15412,15412,0,1,11,true,true,0.7382055442793553,25.035662062215184,18.691486358642578,7.485139988902275,11.907370932149266,0.044216346740721946,0.8184734811813277,11.862387327334535
2,curved,G1,15408,15408,0,1,11,true,true,0.7382055442793553,25.03566206221518,18.691486358642578,7.485139988902277,11.907370932149263,0.044216346740721946,0.8184734811813295,11.862387327334531
2,curved,G1,15408,15408,0,1,11,true,true,0.7382055442793553,25.03078656478882,18.742669927355255,7.530134637281479,11.902495434722901,0.09539991545339888,0.8634681295605313,11.86236645102221
2,curved,G1,15409,15409,0,1,11,true,true,0.7382055442793553,25.030786564788823,18.742669927355255,7.530134637281478,11.902495434722905,0.09539991545339888,0.8634681295605304,11.862366451022213
2,curved,G1,15409,15409,0,1,11,true,true,0.7382055442793553,25.02805104416808,18.771387757642614,7.544018745422363,11.899759914102162,0.12411774574075807,0.877352237701416,11.862354737841414
2,curved,G1,15365,15365,0,1,11,true,true,0.7382055442793553,24.91324350307618,19.976651375758113,7.544018745422363,11.784952373010263,1.3293813638562568,0.877352237701416,11.861863145317589
2,curved,G1,15365,15365,0,1,11,true,true,0.7382055442793553,24.91324350307618,19.976651375758113,7.3330752098202945,11.784952373010263,1.3293813638562568,0.6664087020993472,11.861863145317589
2,curved,G1,14384,14384,0,1,16,true,true,0.29101832661458954,18.527909569706853,18.35877012736071,7.1584038734436035,5.3996184396409355,-0.28849988454114595,0.49173736572265625,5.352179266419143
2,curved,G1,14384,14384,0,1,16,true,true,0.29101832661458954,18.54491724625307,18.180222511291504,7.1584038734436035,5.416626116187153,-0.4670475006103523,0.49173736572265625,5.352252190825385
2,curved,G1,14387,14387,0,1,16,true,true,0.29101832661458954,18.54491724625307,18.180222511291504,7.1584038734436035,5.416626116187153,-0.4670475006103523,0.49173736572265625,5.352252190825385
2,curved,G1,14387,14387,0,1,16,true,true,0.29101832661458954,18.577350616455078,17.83973503112793,7.1584038734436035,5.44905948638916,-0.8075349807739265,0.49173736572265625,5.3523912565148075
2,curved,G1,14385,14385,0,1,16,true,true,0.29101832661458954,18.513823186782247,18.506649826471403,7.1584038734436035,5.385532056716329,-0.1406201854304534,0.49173736572265625,5.352118867745164
2,curved,G1,14385,14385,0,1,16,true,true,0.29101832661458954,18.527909569706853,18.35877012736071,7.1584038734436035,5.3996184396409355,-0.28849988454114595,0.49173736572265625,5.352179266419143
2,curved,G1,14382,14382,0,1,17,true,true,0.29101832661458954,18.474603941912555,18.918375828932053,7.1584038734436035,5.346312811846637,0.27110581703019676,0.49173736572265625,5.351950706024919
2,curved,G1,14382,14382,0,1,17,true,true,0.29101832661458954,18.496216455187056,18.691486358642578,7.1584038734436035,5.3679253251211385,0.044216346740721946,0.49173736572265625,5.352043374749755
2,curved,G1,14380,14380,0,1,17,true,true,0.29101832661458954,18.42129831411826,19.477981530503396,7.1584038734436035,5.2930071840523425,0.8307115186015395,0.49173736572265625,5.351722145630697
2,curved,G1,14380,14380,0,1,17,true,true,0.29101832661458954,18.447515664121042,19.202750205993652,7.1584038734436035,5.319224534055124,0.5554801940917962,0.49173736572265625,5.351834558674125
2,curved,G1,14385,14385,0,1,17,true,true,0.29101832661458954,18.496216455187056,18.691486358642578,7.1584038734436035,5.3679253251211385,0.044216346740721946,0.49173736572265625,5.352043374749755
2,curved,G1,14385,14385,0,1,17,true,true,0.29101832661458954,18.513823186782247,18.506649826471403,7.1584038734436035,5.385532056716329,-0.1406201854304534,0.49173736572265625,5.352118867745164
2,curved,G1,14383,14383,0,1,17,true,true,0.29101832661458954,18.447515664121042,19.202750205993652,7.1584038734436035,5.319224534055124,0.5554801940917962,0.49173736572265625,5.351834558674125
2,curved,G1,14383,14383,0,1,17,true,true,0.29101832661458954,18.474603941912555,18.918375828932053,7.1584038734436035,5.346312811846637,0.27110581703019676,0.49173736572265625,5.351950706024919
2,curved,G1,14381,14381,0,1,17,true,true,0.29101832661458954,18.398814873055027,19.714014053344727,7.1584038734436035,5.270523742989109,1.0667440414428704,0.49173736572265625,5.351625742598494
2,curved,G1,14381,14381,0,1,17,true,true,0.29101832661458954,18.42129831411826,19.477981530503396,7.1584038734436035,5.2930071840523425,0.8307115186015395,0.49173736572265625,5.351722145630697
2,curved,G1,14378,14378,0,1,17,true,true,0.29101832661458954,18.367992686323962,20.03758723207474,7.157264937186935,5.239701556258044,1.3903172201728822,0.49059842946598753,5.351493585236473
2,curved,G1,14378,14378,0,1,17,true,true,0.29101832661458954,18.398814873055027,19.714014053344727,7.1584038734436035,5.270523742989109,1.0667440414428704,0.49173736572265625,5.351625742598494
2,curved,G1,14379,14379,0,1,17,true,true,0.29101832661458954,18.35658073425293,20.157390594482422,7.156843244654654,5.228289604187012,1.5101205825805657,0.4901767369337069,5.35144465381268
2,curved,G1,14379,14379,0,1,17,true,true,0.29101832661458954,18.367992686323962,20.03758723207474,7.157264937186935,5.239701556258044,1.3903172201728822,0.49059842946598753,5.351493585236473
2,curved,G1,17023,17023,0,1,18,true,true,0.32740664689910426,25.035662062215184,18.691486358642578,7.766747867280107,11.907370932149266,0.044216346740721946,1.1000813595591596,11.862387327334535
2,curved,G1,17023,17023,0,1,18,true,true,0.32740664689910426,25.042576139321362,18.61890153094166,7.794018745422363,11.914285009255444,-0.028368480960196507,1.127352237701416,11.86241693260769
2,curved,G1,17020,17020,0,1,18,true,true,0.32740664689910426,25.03505656373577,18.69784295578877,7.765233993530273,11.90676543366985,0.05057294388691247,1.0985674858093262,11.862384734660544
2,curved,G1,17020,17020,0,1,18,true,true,0.32740664689910426,25.035662062215184,18.691486358642578,7.766747867280105,11.907370932149266,0.044216346740721946,1.1000813595591579,11.862387327334535
2,curved,G1,16218,16218,0,1,18,true,true,0.32740664689910426,25.034194319282697,18.706894903590488,7.759318876870321,11.90590318921678,0.05962489168863172,1.0926523691493735,11.862381042630188
2,curved,G1,16218,16218,0,1,18,true,true,0.32740664689910426,25.03505656373577,18.69784295578877,7.765233993530273,11.90676543366985,0.05057294388691247,1.0985674858093262,11.862384734660544
2,curved,G1,16190,16190,0,1,18,true,true,0.32740664689910426,24.908079352187137,20.03086526385142,7.758871009996905,11.77978822212122,1.383595251949565,1.0922045022759574,11.861841033024747
2,curved,G1,16190,16190,0,1,18,true,true,0.32740664689910426,24.911390561277695,19.99610378554724,7.635710692433093,11.783099431211777,1.348833773645385,0.9690441847121454,11.861855211236547
2,curved,G1,16189,16189,0,1,18,true,true,0.32740664689910426,24.907970252100128,20.032010609918018,7.765233993530273,11.77967912203421,1.3847405980161618,1.0985674858093262,11.861840565870878
2,curved,G1,16189,16189,0,1,18,true,true,0.32740664689910426,24.908079352187137,20.030865263851418,7.758871009996906,11.77978822212122,1.3835952519495613,1.0922045022759583,11.861841033024747
2,curved,G1,16986,16986,0,1,18,true,true,0.32740664689910426,24.90399000910587,20.073795688028895,7.794018745422364,11.77569887903995,1.4265256761270386,1.127352237701417,11.8618235229338
2,curved,G1,16986,16986,0,1,18,true,true,0.32740664689910426,24.907970252100128,20.032010609918018,7.765233993530274,11.77967912203421,1.3847405980161618,1.098567485809327,11.861840565870878
2,curved,G1,16217,16217,0,1,19,true,true,0.32740664689910426,25.023564416400745,18.818488925079574,7.566790580749512,11.895273286334827,0.17121891317771798,0.9001240730285645,11.862335526623696
2,curved,G1,16217,16217,0,1,19,true,true,0.32740664689910426,25.034170767608202,18.70714215195192,7.759157309113426,11.905879637542284,0.05987214005006436,1.0924908013924783,11.86238094178466
2,curved,G1,16218,16218,0,1,19,true,true,0.32740664689910426,25.0341707676082,18.70714215195192,7.759157309113426,11.90587963754228,0.05987214005006436,1.0924908013924783,11.862380941784657
2,curved,G1,16218,16218,0,1,19,true,true,0.32740664689910426,25.034194319282697,18.706894903590488,7.759318876870321,11.90590318921678,0.05962489168863172,1.0926523691493735,11.862381042630188
2,curved,G1,15409,15409,0,1,19,true,true,0.32740664689910426,25.02805104416808,18.771387757642614,7.544018745422363,11.899759914102162,0.12411774574075807,0.877352237701416,11.862354737841414
2,curved,G1,15409,15409,0,1,19,true,true,0.32740664689910426,25.023564416400745,18.818488925079574,7.566790580749512,11.895273286334827,0.17121891317771798,0.9001240730285645,11.862335526623696
2,curved,G1,15365,15365,0,1,19,true,true,0.32740664689910426,24.91324350307618,19.976651375758113,7.566790580749512,11.784952373010263,1.3293813638562568,0.9001240730285645,11.861863145317589
2,curved,G1,15365,15365,0,1,19,true,true,0.32740664689910426,24.91324350307618,19.976651375758113,7.544018745422363,11.784952373010263,1.3293813638562568,0.877352237701416,11.861863145317589
2,curved,G1,16190,16190,0,1,19,true,true,0.32740664689910426,24.911390561277695,19.996103785547238,7.635710692433093,11.783099431211777,1.3488337736453815,0.9690441847121454,11.861855211236547
2,curved,G1,16190,16190,0,1,19,true,true,0.32740664689910426,24.91324350307618,19.976651375758113,7.566790580749512,11.784952373010263,1.3293813638562568,0.9001240730285645,11.861863145317589
2,curved,G1,17023,17023,0,2,0,true,true,7.190071589124273,25.12261388975787,18.691486358642578,7.794018745422363,11.99432275969195,0.044216346740721946,1.127352237701416,11.948950679542328
2,curved,G1,17023,17023,0,2,0,true,true,7.190071589124273,25.042576139321362,18.61890153094166,7.794018745422363,11.914285009255444,-0.028368480960196507,1.127352237701416,11.86241693260769
2,curved,G1,17020,17020,0,2,0,true,true,7.190071589124273,25.394265544061458,19.10053908900129,7.794018745422363,12.26597441399554,0.453269077099435,1.127352237701416,12.258012121880324
2,curved,G1,17020,17020,0,2,0,true,true,7.190071589124273,25.12261388975787,18.691486358642578,7.794018745422363,11.99432275969195,0.044216346740721946,1.127352237701416,11.948950679542328
2,curved,G1,17053,17053,0,2,0,true,true,7.190071589124273,25.513639848249287,19.181235363757583,7.794018745422363,12.38534871818337,0.533965351855727,1.127352237701416,12.384472574849962
2,curved,G1,17053,17053,0,2,0,true,true,7.190071589124273,25.48991584777832,19.181235363757583,7.794018745422363,12.361624717712402,0.533965351855727,1.127352237701416,12.360854566274604
2,curved,G1,17021,17021,0,2,0,true,true,7.190071589124273,25.48991584777832,19.18123536375758,7.794018745422363,12.361624717712402,0.5339653518557235,1.127352237701416,12.360854566274604
2,curved,G1,17021,17021,0,2,0,true,true,7.190071589124273,25.394265544061458,19.100539089001288,7.794018745422363,12.26597441399554,0.45326907709943143,1.127352237701416,12.258012121880324
2,curved,G1,17054,17054,0,2,0,true,true,7.190071589124273,25.513639848249287,19.202750205993652,7.794018745422363,12.38534871818337,0.5554801940917962,1.127352237701416,12.386504042512831
2,curved,G1,17054,17054,0,2,0,true,true,7.190071589124273,25.513639848249287,19.181235363757583,7.794018745422363,12.38534871818337,0.533965351855727,1.127352237701416,12.384472574849962
2,curved,G1,17052,17052,0,2,0,true,true,7.190071589124273,26.05367660522461,19.611802936352365,7.794018745422363,12.925385475158691,0.9645329244505092,1.127352237701416,12.96342234326914
2,curved,G1,17052,17052,0,2,0,true,true,7.190071589124273,25.513639848249287,19.202750205993652,7.794018745422363,12.38534871818337,0.5554801940917962,1.127352237701416,12.386504042512831
2,curved,G1,17079,17079,0,2,0,true,true,7.190071589124273,26.166382827332033,19.611802936352362,7.794018745422363,13.038091697266115,0.9645329244505056,1.127352237701416,13.075674679800423
2,curved,G1,17079,17079,0,2,0,true,true,7.190071589124273,26.05367660522461,19.611802936352362,7.794018745422363,12.925385475158691,0.9645329244505056,1.127352237701416,12.96342234326914
2,curved,G1,17017,17017,0,2,0,true,true,7.190071589124273,25.038862075456603,20.064635322293675,7.794018745422363,11.910570945390685,1.4173653103918191,1.127352237701416,11.995228083167083
2,curved,G1,17017,17017,0,2,0,true,true,7.190071589124273,25.48991584777832,19.82162504269788,7.794018745422363,12.361624717712402,1.1743550307960255,1.127352237701416,12.42074362799825
2,curved,G1,16986,16986,0,2,0,true,true,7.190071589124273,24.90399000910587,20.07379568802889,7.794018745422363,11.77569887903995,1.426525676127035,1.127352237701416,11.8618235229338
2,curved,G1,16986,16986,0,2,0,true,true,7.190071589124273,24.926156044006348,20.06463532229367,7.794018745422363,11.79786491394043,1.4173653103918156,1.127352237701416,11.883025589302513
2,curved,G1,17018,17018,0,2,0,true,true,7.190071589124273,24.926156044006348,20.064635322293675,7.794018745422363,11.79786491394043,1.4173653103918191,1.127352237701416,11.883025589302513
2,curved,G1,17018,17018,0,2,0,true,true,7.190071589124273,25.038862075456603,20.064635322293675,7.794018745422363,11.910570945390685,1.4173653103918191,1.127352237701416,11.995228083167083
2,curved,G1,17048,17048,0,2,0,true,true,7.190071589124273,25.48991584777832,19.82162504269788,7.794018745422363,12.361624717712402,1.1743550307960255,1.127352237701416,12.42074362799825
2,curved,G1,17048,17048,0,2,0,true,true,7.190071589124273,25.940970383117186,19.816225170337088,7.794018745422363,12.812679253051268,1.1689551584352316,1.127352237701416,12.86949756837378
2,curved,G1,17049,17049,0,2,0,true,true,7.190071589124273,25.940970383117186,19.816225170337088,7.794018745422363,12.812679253051268,1.1689551584352316,1.127352237701416,12.86949756837378
2,curved,G1,17049,17049,0,2,0,true,true,7.190071589124273,26.05367660522461,19.816225170337088,7.794018745422363,12.925385475158691,1.1689551584352316,1.127352237701416,12.981749904905064
2,curved,G1,17077,17077,0,2,0,true,true,7.190071589124273,26.05367660522461,19.816225170337088,7.794018745422363,12.925385475158691,1.1689551584352316,1.127352237701416,12.981749904905064
2,curved,G1,17077,17077,0,2,0,true,true,7.190071589124273,26.166382827332033,19.714014053344727,7.794018745422363,13.038091697266115,1.0667440414428704,1.127352237701416,13.084838460618386
2,curved,G1,17080,17080,0,2,0,true,true,7.190071589124273,26.166382827332033,19.714014053344727,7.794018745422363,13.038091697266115,1.0667440414428704,1.127352237701416,13.084838460618386
2,curved,G1,17080,17080,0,2,0,true,true,7.190071589124273,26.166382827332033,19.611802936352365,7.794018745422363,13.038091697266115,0.9645329244505092,1.127352237701416,13.075674679800425
2,curved,G1,17148,17148,0,2,0,true,true,7.190071589124273,27.632252655456053,20.68729204317197,7.794018745422363,14.503961525390135,2.0400220312701123,1.127352237701416,14.620677303995244
2,curved,G1,17148,17148,0,2,0,true,true,7.190071589124273,27.576582924292644,20.736541748046875,7.794018745422363,14.448291794226726,2.089271736145019,1.127352237701416,14.568882462109954
2,curved,G1,17188,17188,0,2,0,true,true,7.190071589124273,27.83857955566501,20.634330631054514,7.794018745422363,14.710288425599092,1.9870606191526576,1.127352237701416,14.814905667092663
2,curved,G1,17188,17188,0,2,0,true,true,7.190071589124273,27.744958877563477,20.585080926179604,7.794018745422363,14.616667747497559,1.9378109142777475,1.127352237701416,14.718269375212946
2,curved,G1,17187,17187,0,2,0,true,true,7.190071589124273,28.308717727661133,20.918742612966145,7.794018745422363,15.180426597595215,2.271472601064289,1.127352237701416,15.302609131602516
2,curved,G1,17187,17187,0,2,0,true,true,7.190071589124273,27.951285396458097,20.736541748046875,7.794018745422363,14.822994266392179,2.089271736145019,1.127352237701416,14.934044078202014
2,curved,G1,17198,17198,0,2,0,true,true,7.190071589124273,28.759772263,20.962240694574746,7.794018745422363,15.63148113293408,2.3149706826728895,1.127352237701416,15.742435924441882
2,curved,G1,17198,17198,0,2,0,true,true,7.190071589124273,28.308717727661133,20.918742612966145,7.794018745422363,15.180426597595215,2.271472601064289,1.127352237701416,15.302609131602516
2,curved,G1,17208,17208,0,2,0,true,true,7.190071589124273,29.323533020446288,20.96224069457475,7.794018745422363,16.19524189038037,2.314970682672893,1.127352237701416,16.288955237198095
2,curved,G1,17208,17208,0,2,0,true,true,7.190071589124273,28.872478485107422,20.96224069457475,7.794018745422363,15.744187355041504,2.314970682672893,1.127352237701416,15.854987934287607
2,curved,G1,17146,17146,0,2,0,true,true,7.190071589124273,27.576582924292648,20.838752865039236,7.794018745422363,14.44829179422673,2.19148285313738,1.127352237701416,14.57659489747975
2,curved,G1,17146,17146,0,2,0,true,true,7.190071589124273,27.524226504957927,21.223459883253657,7.794018745422363,14.395935374892009,2.5761898713518008,1.127352237701416,14.553416166757177
2,curved,G1,17147,17147,0,2,0,true,true,7.190071589124273,27.576582924292648,20.736541748046875,7.794018745422363,14.44829179422673,2.089271736145019,1.127352237701416,14.568882462109958
2,curved,G1,17147,17147,0,2,0,true,true,7.190071589124273,27.576582924292648,20.838752865039236,7.794018745422363,14.44829179422673,2.19148285313738,1.127352237701416,14.57659489747975
2,curved,G1,17149,17149,0,2,0,true,true,7.190071589124273,27.744958877563477,20.585080926179604,7.794018745422363,14.616667747497559,1.9378109142777475,1.127352237701416,14.718269375212946
2,curved,G1,17149,17149,0,2,0,true,true,7.190071589124273,27.632252655456053,20.687292043171965,7.794018745422363,14.503961525390135,2.0400220312701087,1.127352237701416,14.620677303995244
2,curved,G1,17189,17189,0,2,0,true,true,7.190071589124273,27.951285396458097,20.736541748046875,7.794018745422363,14.822994266392179,2.089271736145019,1.127352237701416,14.934044078202014
2,curved,G1,17189,17189,0,2,0,true,true,7.190071589124273,27.83857955566501,20.634330631054514,7.794018745422363,14.710288425599092,1.9870606191526576,1.127352237701416,14.814905667092663
2,curved,G1,17197,17197,0,2,0,true,true,7.190071589124273,28.872478485107422,20.96224069457475,7.794018745422363,15.744187355041504,2.314970682672893,1.127352237701416,15.854987934287607
2,curved,G1,17197,17197,0,2,0,true,true,7.190071589124273,28.759772263,20.96224069457475,7.794018745422363,15.63148113293408,2.314970682672893,1.127352237701416,15.742435924441882
2,curved,G1,17207,17207,0,2,0,true,true,7.190071589124273,29.39436999319677,20.96224069457475,7.794018745422363,16.26607886313085,2.314970682672893,1.127352237701416,16.359747477631
2,curved,G1,17207,17207,0,2,0,true,true,7.190071589124273,29.323533020446288,20.96224069457475,7.794018745422363,16.19524189038037,2.314970682672893,1.127352237701416,16.288955237198095
2,curved,G1,17111,17111,0,2,1,true,true,7.821733474731445,27.109297582144492,18.405646569083668,7.794018745422363,13.981006452078574,-0.24162344281818804,1.127352237701416,13.915599553739414
2,curved,G1,17111,17111,0,2,1,true,true,7.821733474731445,27.181198120117188,18.5052773646416,7.794018745422363,14.05290699005127,-0.14199264726025618,1.127352237701416,14.006262706123286
2,curved,G1,17158,17158,0,2,1,true,true,7.821733474731445,27.181198120117188,18.5052773646416,7.794018745422363,14.05290699005127,-0.14199264726025618,1.127352237701416,14.006262706123286
2,curved,G1,17158,17158,0,2,1,true,true,7.821733474731445,27.351091518429197,18.691486358642578,7.794018745422363,14.222800388363279,0.044216346740721946,1.127352237701416,14.18972233536716
2,curved,G1,17156,17156,0,2,1,true,true,7.821733474731445,27.351091518429197,18.691486358642578,7.794018745422363,14.222800388363279,0.044216346740721946,1.127352237701416,14.18972233536716
2,curved,G1,17156,17156,0,2,1,true,true,7.821733474731445,27.721234877092513,19.181235363757583,7.794018745422363,14.592943747026595,0.533965351855727,1.127352237701416,14.595764935068292
2,curved,G1,17157,17157,0,2,1,true,true,7.821733474731445,27.721234877092513,19.181235363757583,7.794018745422363,14.592943747026595,0.533965351855727,1.127352237701416,14.595764935068292
2,curved,G1,17157,17157,0,2,1,true,true,7.821733474731445,27.721234877092513,19.202750205993652,7.794018745422363,14.592943747026595,0.5554801940917962,1.127352237701416,14.597388357599222
2,curved,G1,17153,17153,0,2,1,true,true,7.821733474731445,27.721234877092513,19.202750205993652,7.794018745422363,14.592943747026595,0.5554801940917962,1.127352237701416,14.597388357599222
2,curved,G1,17153,17153,0,2,1,true,true,7.821733474731445,27.721234877092513,19.22426504822972,7.794018745422363,14.592943747026595,0.5769950363278653,1.127352237701416,14.599011780130153
2,curved,G1,17204,17204,0,2,1,true,true,7.821733474731445,28.3324417281321,19.22426504822972,7.794018745422363,15.204150598066182,0.5769950363278653,1.127352237701416,15.215655735219652
2,curved,G1,17204,17204,0,2,1,true,true,7.821733474731445,28.55309629307183,19.304961322986017,7.794018745422363,15.424805163005914,0.6576913110841609,1.127352237701416,15.449376968340093
2,curved,G1,17203,17203,0,2,1,true,true,7.821733474731445,28.55309629307183,19.304961322986017,7.794018745422363,15.424805163005914,0.6576913110841609,1.127352237701416,15.449376968340093
2,curved,G1,17203,17203,0,2,1,true,true,7.821733474731445,28.872478485107422,19.44771267528727,7.794018745422363,15.744187355041504,0.8004426633854145,1.127352237701416,15.775787199896525
2,curved,G1,17213,17213,0,2,1,true,true,7.821733474731445,28.985184707214845,19.44771267528727,7.794018745422363,15.856893577148927,0.8004426633854145,1.127352237701416,15.88833920974225
2,curved,G1,17213,17213,0,2,1,true,true,7.821733474731445,29.43623924255371,19.488315106816852,7.794018745422363,16.307948112487793,0.8410450949149961,1.127352237701416,16.349217861955072
2,curved,G1,17221,17221,0,2,1,true,true,7.821733474731445,29.548945464661134,19.488315106816852,7.794018745422363,16.420654334595216,0.8410450949149961,1.127352237701416,16.46185291204138
2,curved,G1,17221,17221,0,2,1,true,true,7.821733474731445,30,19.488315106816852,7.794018745422363,16.871708869934082,0.8410450949149961,1.127352237701416,16.923856471393254
2,curved,G1,17154,17154,0,2,1,true,true,7.821733474731445,27.721234877092513,19.22426504822972,7.794018745422363,14.592943747026595,0.5769950363278653,1.127352237701416,14.599011780130153
2,curved,G1,17154,17154,0,2,1,true,true,7.821733474731445,27.721234877092513,19.714014053344727,7.794018745422363,14.592943747026595,1.0667440414428704,1.127352237701416,14.635966249081427
2,curved,G1,17194,17194,0,2,1,true,true,7.821733474731445,27.768682797770005,19.714014053344727,7.794018745422363,14.640391667704087,1.0667440414428704,1.127352237701416,14.683278902249283
2,curved,G1,17194,17194,0,2,1,true,true,7.821733474731445,28.308717727661133,19.22426504822972,7.794018745422363,15.180426597595215,0.5769950363278653,1.127352237701416,15.191982348714584
2,curved,G1,41520,41520,0,2,1,true,true,7.821733474731445,30,19.488315106816852,7.794018745422363,16.871708869934082,0.8410450949149961,1.127352237701416,16.923856471393254
2,curved,G1,41520,41520,0,2,1,true,true,7.821733474731445,30,19.714014053344727,7.794018745422363,16.871708869934082,1.0667440414428704,1.127352237701416,16.92691231005908
2,curved,G1,41518,41518,0,2,1,true,true,7.821733474731445,30,19.714014053344727,7.794018745422363,16.871708869934082,1.0667440414428704,1.127352237701416,16.92691231005908
2,curved,G1,41518,41518,0,2,1,true,true,7.821733474731445,30,19.905911952646836,7.794018745422363,16.871708869934082,1.2586419407449796,1.127352237701416,16.929510501276184
2,curved,G1,41527,41527,0,2,1,true,true,7.821733474731445,30,19.905911952646836,7.794018745422363,16.871708869934082,1.2586419407449796,1.127352237701416,16.929510501276184
2,curved,G1,41527,41527,0,2,1,true,true,7.821733474731445,30,20.2252779006958,7.794018745422363,16.871708869934082,1.5780078887939446,1.127352237701416,16.933834539237417
2,curved,G1,41525,41525,0,2,1,true,true,7.821733474731445,30,20.2252779006958,7.794018745422363,16.871708869934082,1.5780078887939446,1.127352237701416,16.933834539237417
2,curved,G1,41525,41525,0,2,1,true,true,7.821733474731445,30,20.544643848744766,7.794018745422363,16.871708869934082,1.8973738368429096,1.127352237701416,16.938158577198646
2,curved,G1,41522,41522,0,2,1,true,true,7.821733474731445,30,20.544643848744766,7.794018745422363,16.871708869934082,1.8973738368429096,1.127352237701416,16.938158577198646
2,curved,G1,41522,41522,0,2,1,true,true,7.821733474731445,30,20.736541748046875,7.794018745422363,16.871708869934082,2.089271736145019,1.127352237701416,16.940756768415753
2,curved,G1,41526,41526,0,2,1,true,true,7.821733474731445,30,20.736541748046875,7.794018745422363,16.871708869934082,2.089271736145019,1.127352237701416,16.940756768415753
2,curved,G1,41526,41526,0,2,1,true,true,7.821733474731445,30,20.96224069457475,7.794018745422363,16.871708869934082,2.314970682672893,1.127352237701416,16.94381260708158
2,curved,G1,17216,17216,0,2,1,true,true,7.821733474731445,29.887293777892577,20.96224069457475,7.794018745422363,16.75900264782666,2.314970682672893,1.127352237701416,16.831116715908017
2,curved,G1,17216,17216,0,2,1,true,true,7.821733474731445,29.43623924255371,20.96224069457475,7.794018745422363,16.307948112487793,2.314970682672893,1.127352237701416,16.401590287284403
2,curved,G1,17191,17191,0,2,1,true,true,7.821733474731445,27.74495887756348,19.735528895580796,7.794018745422363,14.616667747497562,1.0882588836789395,1.127352237701416,14.661246038214095
2,curved,G1,17191,17191,0,2,1,true,true,7.821733474731445,27.768682797770005,19.714014053344727,7.794018745422363,14.640391667704087,1.0667440414428704,1.127352237701416,14.683278902249283
2,curved,G1,17151,17151,0,2,1,true,true,7.821733474731445,27.72123487709251,19.714014053344727,7.794018745422363,14.592943747026592,1.0667440414428704,1.127352237701416,14.635966249081424
2,curved,G1,17151,17151,0,2,1,true,true,7.821733474731445,27.730904751264156,19.726759471659218,7.794018745422363,14.602613621198238,1.0794894597573617,1.127352237701416,14.646570273221107
2,curved,G1,17152,17152,0,2,1,true,true,7.821733474731445,27.73090475126416,19.726759471659218,7.794018745422363,14.602613621198241,1.0794894597573617,1.127352237701416,14.64657027322111
2,curved,G1,17152,17152,0,2,1,true,true,7.821733474731445,27.744958877563477,19.735528895580796,7.794018745422363,14.616667747497559,1.0882588836789395,1.127352237701416,14.661246038214092
2,curved,G1,17205,17205,0,2,1,true,true,7.821733474731445,28.308717727661133,19.22426504822972,7.794018745422363,15.180426597595215,0.5769950363278653,1.127352237701416,15.191982348714584
2,curved,G1,17205,17205,0,2,1,true,true,7.821733474731445,28.3324417281321,19.22426504822972,7.794018745422363,15.204150598066182,0.5769950363278653,1.127352237701416,15.215655735219652
2,curved,G1,17214,17214,0,2,1,true,true,7.821733474731445,28.872478485107422,19.44771267528727,7.794018745422363,15.744187355041504,0.8004426633854145,1.127352237701416,15.775787199896525
2,curved,G1,17214,17214,0,2,1,true,true,7.821733474731445,28.985184707214845,19.44771267528727,7.794018745422363,15.856893577148927,0.8004426633854145,1.127352237701416,15.88833920974225
2,curved,G1,17207,17207,0,2,1,true,true,7.821733474731445,29.43623924255371,20.96224069457475,7.794018745422363,16.307948112487793,2.314970682672893,1.127352237701416,16.401590287284403
2,curved,G1,17207,17207,0,2,1,true,true,7.821733474731445,29.39436999319677,20.96224069457475,7.794018745422363,16.26607886313085,2.314970682672893,1.127352237701416,16.359747477631
2,curved,G1,17222,17222,0,2,1,true,true,7.821733474731445,29.43623924255371,19.488315106816852,7.794018745422363,16.307948112487793,0.8410450949149961,1.127352237701416,16.349217861955072
2,curved,G1,17222,17222,0,2,1,true,true,7.821733474731445,29.548945464661134,19.488315106816852,7.794018745422363,16.420654334595216,0.8410450949149961,1.127352237701416,16.46185291204138
2,curved,G1,17215,17215,0,2,1,true,true,7.821733474731445,30,20.96224069457475,7.794018745422363,16.871708869934082,2.314970682672893,1.127352237701416,16.94381260708158
2,curved,G1,17215,17215,0,2,1,true,true,7.821733474731445,29.887293777892577,20.96224069457475,7.794018745422363,16.75900264782666,2.314970682672893,1.127352237701416,16.831116715908017
2,curved,G1,15406,15406,0,2,2,true,true,7.190071589124273,25.15849477690565,19.202750205993652,7.544018745422363,12.03020364683973,0.5554801940917962,0.877352237701416,12.032945655479615
2,curved,G1,15406,15406,0,2,2,true,true,7.190071589124273,25.15736856938879,19.23454706314445,7.544018745422363,12.029077439322872,0.5872770512425944,0.877352237701416,12.034826792367951
2,curved,G1,15409,15409,0,2,2,true,true,7.190071589124273,25.02805104416808,18.771387757642614,7.544018745422363,11.899759914102162,0.12411774574075807,0.877352237701416,11.862354737841414
2,curved,G1,15409,15409,0,2,2,true,true,7.190071589124273,25.15849477690565,19.202750205993652,7.544018745422363,12.03020364683973,0.5554801940917962,0.877352237701416,12.032945655479615
2,curved,G1,15365,15365,0,2,2,true,true,7.190071589124273,24.926156044006348,19.97087287902832,7.544018745422363,11.79786491394043,1.3236028671264641,0.877352237701416,11.874172381391654
2,curved,G1,15365,15365,0,2,2,true,true,7.190071589124273,24.91324350307618,19.976651375758113,7.544018745422363,11.784952373010263,1.3293813638562568,0.877352237701416,11.861863145317589
2,curved,G1,15404,15404,0,2,2,true,true,7.190071589124273,25.124978255432712,19.72998878621602,7.544018745422363,11.996687125366794,1.0827187743141629,0.877352237701416,12.049361631321334
2,curved,G1,15404,15404,0,2,2,true,true,7.190071589124273,24.926156044006348,19.97087287902832,7.544018745422363,11.79786491394043,1.3236028671264641,0.877352237701416,11.874172381391654
2,curved,G1,15405,15405,0,2,2,true,true,7.190071589124273,25.15586693428679,19.714014053344727,7.544018745422363,12.027575804220874,1.0667440414428704,0.877352237701416,12.078603947392317
2,curved,G1,15405,15405,0,2,2,true,true,7.190071589124273,25.124978255432712,19.72998878621602,7.544018745422363,11.996687125366794,1.0827187743141629,0.877352237701416,12.049361631321334
2,curved,G1,15407,15407,0,2,2,true,true,7.190071589124273,25.15736856938879,19.23454706314445,7.544018745422363,12.029077439322872,0.5872770512425944,0.877352237701416,12.034826792367951
2,curved,G1,15407,15407,0,2,2,true,true,7.190071589124273,25.15586693428679,19.714014053344727,7.544018745422363,12.027575804220874,1.0667440414428704,0.877352237701416,12.078603947392317
2,curved,G1,15609,15609,0,2,2,true,true,7.190071589124273,27.744958877563477,20.723306276903966,7.544018745422363,14.616667747497559,2.0760362650021094,0.877352237701416,14.727293646871905
2,curved,G1,15609,15609,0,2,2,true,true,7.190071589124273,27.76998727973212,20.695088455996565,7.544018745422363,14.641696149666203,2.047818444094709,0.877352237701416,14.75042640488216
2,curved,G1,15608,15608,0,2,2,true,true,7.190071589124273,27.76998727973212,20.695088455996565,7.544018745422363,14.641696149666203,2.047818444094709,0.877352237701416,14.75042640488216
2,curved,G1,15608,15608,0,2,2,true,true,7.190071589124273,27.788747503890885,20.72704470755243,7.544018745422363,14.660456373824967,2.079774695650574,0.877352237701416,14.771232922015464
2,curved,G1,15571,15571,0,2,2,true,true,7.190071589124273,27.73895233715548,20.732962711803474,7.544018745422363,14.610661207089564,2.0856926999016174,0.877352237701416,14.721930357511678
2,curved,G1,15571,15571,0,2,2,true,true,7.190071589124273,27.744958877563477,20.723306276903966,7.544018745422363,14.616667747497559,2.0760362650021094,0.877352237701416,14.727293646871905
2,curved,G1,15570,15570,0,2,2,true,true,7.190071589124273,27.73831972027246,20.736541748046875,7.544018745422363,14.610028590206543,2.089271736145019,0.877352237701416,14.721532753612154
2,curved,G1,15570,15570,0,2,2,true,true,7.190071589124273,27.73895233715548,20.732962711803474,7.544018745422363,14.610661207089564,2.0856926999016174,0.877352237701416,14.721930357511678
2,curved,G1,15610,15610,0,2,2,true,true,7.190071589124273,27.78874750389088,20.727044707552434,7.544018745422363,14.660456373824964,2.0797746956505776,0.877352237701416,14.77123292201546
2,curved,G1,15610,15610,0,2,2,true,true,7.190071589124273,27.820881048703612,20.736541748046875,7.544018745422363,14.692589918637694,2.089271736145019,0.877352237701416,14.803917941587274
2,curved,G1,15606,15606,0,2,2,true,true,7.190071589124273,27.820881048703612,20.736541748046875,7.544018745422363,14.692589918637694,2.089271736145019,0.877352237701416,14.803917941587274
2,curved,G1,15606,15606,0,2,2,true,true,7.190071589124273,28.308717727661133,20.94658141644256,7.544018745422363,15.180426597595215,2.2993114045407026,0.877352237701416,15.30442663413671
2,curved,G1,15568,15568,0,2,2,true,true,7.190071589124273,27.736993751489713,20.768338605197673,7.544018745422363,14.608702621423795,2.121068593295817,0.877352237701416,14.722285524361274
2,curved,G1,15568,15568,0,2,2,true,true,7.190071589124273,27.73831972027246,20.736541748046875,7.544018745422363,14.610028590206543,2.089271736145019,0.877352237701416,14.721532753612154
2,curved,G1,15618,15618,0,2,2,true,true,7.190071589124273,28.308717727661133,20.946581416442555,7.544018745422363,15.180426597595215,2.299311404540699,0.877352237701416,15.30442663413671
2,curved,G1,15618,15618,0,2,2,true,true,7.190071589124273,28.356019285406095,20.945162448003703,7.544018745422363,15.227728155340177,2.297892436101847,0.877352237701416,15.3515346366672
2,curved,G1,15628,15628,0,2,2,true,true,7.190071589124273,28.872478485107422,21.06114835824102,7.544018745422363,15.744187355041504,2.413878346339164,0.877352237701416,15.860160212053033
2,curved,G1,15628,15628,0,2,2,true,true,7.190071589124273,28.919780042852384,21.06114835824102,7.544018745422363,15.791488912786466,2.413878346339164,0.877352237701416,15.907397048613438
2,curved,G1,15619,15619,0,2,2,true,true,7.190071589124273,28.356019285406095,20.945162448003703,7.544018745422363,15.227728155340177,2.297892436101847,0.877352237701416,15.3515346366672
2,curved,G1,15619,15619,0,2,2,true,true,7.190071589124273,28.872478485107422,21.06114835824102,7.544018745422363,15.744187355041504,2.413878346339164,0.877352237701416,15.860160212053033
2,curved,G1,15636,15636,0,2,2,true,true,7.190071589124273,29.43623924255371,21.06114835824102,7.544018745422363,16.307948112487793,2.413878346339164,0.877352237701416,16.405104734874488
2,curved,G1,15636,15636,0,2,2,true,true,7.190071589124273,29.483540800298673,21.06114835824102,7.544018745422363,16.355249670232755,2.413878346339164,0.877352237701416,16.452376422507548
2,curved,G1,15629,15629,0,2,2,true,true,7.190071589124273,28.919780042852384,21.06114835824102,7.544018745422363,15.791488912786466,2.413878346339164,0.877352237701416,15.907397048613438
2,curved,G1,15629,15629,0,2,2,true,true,7.190071589124273,29.43623924255371,21.06114835824102,7.544018745422363,16.307948112487793,2.413878346339164,0.877352237701416,16.405104734874488
2,curved,G1,15637,15637,0,2,2,true,true,7.190071589124273,29.483540800298673,21.06114835824102,7.544018745422363,16.355249670232755,2.413878346339164,0.877352237701416,16.452376422507548
2,curved,G1,15637,15637,0,2,2,true,true,7.190071589124273,29.557840675964012,21.06114835824102,7.544018745422363,16.429549545898094,2.413878346339164,0.877352237701416,16.52662937909228
2,curved,G1,15569,15569,0,2,2,true,true,7.190071589124273,27.712990085067712,21.242380510641144,7.544018745422363,14.584698955001794,2.595110498739288,0.877352237701416,14.729281681891937
2,curved,G1,15569,15569,0,2,2,true,true,7.190071589124273,27.736993751489713,20.768338605197673,7.544018745422363,14.608702621423795,2.121068593295817,0.877352237701416,14.722285524361274
2,curved,G1,15579,15579,0,2,3,true,true,7.821733474731445,27.48388168660939,18.691486358642578,7.544018745422363,14.355590556543472,0.044216346740721946,0.877352237701416,14.322133937003292
2,curved,G1,15579,15579,0,2,3,true,true,7.821733474731445,27.2086627375981,18.408600525471275,7.544018745422363,14.080371607532182,-0.23866948643058095,0.877352237701416,14.026354184485454
2,curved,G1,15577,15577,0,2,3,true,true,7.821733474731445,27.744958877563477,18.937120726212363,7.544018745422363,14.616667747497559,0.28985071431050713,0.877352237701416,14.60100140351914
2,curved,G1,15577,15577,0,2,3,true,true,7.821733474731445,27.707770004913627,18.898193610824478,7.544018745422363,14.579478874847709,0.25092359892262195,0.877352237701416,14.56098126936413
2,curved,G1,15576,15576,0,2,3,true,true,7.821733474731445,27.707770004913623,18.898193610824478,7.544018745422363,14.579478874847705,0.25092359892262195,0.877352237701416,14.560981269364126
2,curved,G1,15576,15576,0,2,3,true,true,7.821733474731445,27.48388168660939,18.691486358642578,7.544018745422363,14.355590556543472,0.044216346740721946,0.877352237701416,14.322133937003292
2,curved,G1,15616,15616,0,2,3,true,true,7.821733474731445,28.26141632994959,19.1715291777527,7.544018745422363,15.133125199883672,0.5242591658508431,0.877352237701416,15.141338917248802
2,curved,G1,15616,15616,0,2,3,true,true,7.821733474731445,27.744958877563477,18.937120726212363,7.544018745422363,14.616667747497559,0.28985071431050713,0.877352237701416,14.60100140351914
2,curved,G1,15617,15617,0,2,3,true,true,7.821733474731445,28.308717727661133,19.17222994652813,7.544018745422363,15.180426597595215,0.5249599346262741,0.877352237701416,15.188585150652898
2,curved,G1,15617,15617,0,2,3,true,true,7.821733474731445,28.26141632994959,19.1715291777527,7.544018745422363,15.133125199883672,0.5242591658508431,0.877352237701416,15.141338917248802
2,curved,G1,15627,15627,0,2,3,true,true,7.821733474731445,28.45609908358923,19.202750205993652,7.544018745422363,15.327807953523312,0.5554801940917962,0.877352237701416,15.337644641688449
2,curved,G1,15627,15627,0,2,3,true,true,7.821733474731445,28.308717727661133,19.172229946528127,7.544018745422363,15.180426597595215,0.5249599346262706,0.877352237701416,15.188585150652898
2,curved,G1,15624,15624,0,2,3,true,true,7.821733474731445,28.81358478894405,19.320520009532316,7.544018745422363,15.68529365887813,0.6732499976304602,0.877352237701416,15.710322672284544
2,curved,G1,15624,15624,0,2,3,true,true,7.821733474731445,28.45609908358923,19.202750205993652,7.544018745422363,15.327807953523312,0.5554801940917962,0.877352237701416,15.337644641688449
2,curved,G1,15625,15625,0,2,3,true,true,7.821733474731445,28.872478485107422,19.359582427046945,7.544018745422363,15.744187355041504,0.7123124151450888,0.877352237701416,15.771178516337152
2,curved,G1,15625,15625,0,2,3,true,true,7.821733474731445,28.81358478894405,19.32052000953232,7.544018745422363,15.68529365887813,0.6732499976304638,0.877352237701416,15.710322672284544
2,curved,G1,15634,15634,0,2,3,true,true,7.821733474731445,29.39864438079236,19.383306559128673,7.544018745422363,16.27035325072644,0.7360365472268171,0.877352237701416,16.30791551276375
2,curved,G1,15634,15634,0,2,3,true,true,7.821733474731445,28.872478485107422,19.359582427046945,7.544018745422363,15.744187355041504,0.7123124151450888,0.877352237701416,15.771178516337152
2,curved,G1,15642,15642,0,2,3,true,true,7.821733474731445,29.952698442255038,19.38940744315058,7.544018745422363,16.82440731218912,0.7421374312487252,0.877352237701416,16.875220094470478
2,curved,G1,15642,15642,0,2,3,true,true,7.821733474731445,29.43623924255371,19.38940744315058,7.544018745422363,16.307948112487793,0.7421374312487252,0.877352237701416,16.345703414364987
2,curved,G1,41519,41519,0,2,3,true,true,7.821733474731445,30,19.564735848940025,7.544018745422363,16.871708869934082,0.9174658370381685,0.877352237701416,16.924891165893357
2,curved,G1,41519,41519,0,2,3,true,true,7.821733474731445,30,19.38940744315058,7.544018745422363,16.871708869934082,0.7421374312487252,0.877352237701416,16.922517316436494
2,curved,G1,15635,15635,0,2,3,true,true,7.821733474731445,29.43623924255371,19.38940744315058,7.544018745422363,16.307948112487793,0.7421374312487252,0.877352237701416,16.345703414364987
2,curved,G1,15635,15635,0,2,3,true,true,7.821733474731445,29.39864438079236,19.383306559128677,7.544018745422363,16.27035325072644,0.7360365472268207,0.877352237701416,16.30791551276375
2,curved,G1,15643,15643,0,2,3,true,true,7.821733474731445,30,19.38940744315058,7.544018745422363,16.871708869934082,0.7421374312487252,0.877352237701416,16.922517316436494
2,curved,G1,15643,15643,0,2,3,true,true,7.821733474731445,29.952698442255038,19.38940744315058,7.544018745422363,16.82440731218912,0.7421374312487252,0.877352237701416,16.875220094470478
2,curved,G1,41520,41520,0,2,3,true,true,7.821733474731445,30,19.714014053344727,7.544018745422363,16.871708869934082,1.0667440414428704,0.877352237701416,16.92691231005908
2,curved,G1,41520,41520,0,2,3,true,true,7.821733474731445,30,19.564735848940025,7.544018745422363,16.871708869934082,0.9174658370381685,0.877352237701416,16.924891165893357
2,curved,G1,41518,41518,0,2,3,true,true,7.821733474731445,30,20.128190290278027,7.544018745422363,16.871708869934082,1.4809202783761712,0.877352237701416,16.932520026793068
2,curved,G1,41518,41518,0,2,3,true,true,7.821733474731445,30,19.714014053344727,7.544018745422363,16.871708869934082,1.0667440414428704,0.877352237701416,16.92691231005908
2,curved,G1,41521,41521,0,2,3,true,true,7.821733474731445,30,20.2252779006958,7.544018745422363,16.871708869934082,1.5780078887939446,0.877352237701416,16.933834539237417
2,curved,G1,41521,41521,0,2,3,true,true,7.821733474731445,30,20.128190290278027,7.544018745422363,16.871708869934082,1.4809202783761712,0.877352237701416,16.932520026793068
2,curved,G1,41523,41523,0,2,3,true,true,7.821733474731445,30,20.322365511113574,7.544018745422363,16.871708869934082,1.675095499211718,0.877352237701416,16.935149051681766
2,curved,G1,41523,41523,0,2,3,true,true,7.821733474731445,30,20.2252779006958,7.544018745422363,16.871708869934082,1.5780078887939446,0.877352237701416,16.933834539237417
2,curved,G1,41522,41522,0,2,3,true,true,7.821733474731445,30,20.736541748046875,7.544018745422363,16.871708869934082,2.089271736145019,0.877352237701416,16.940756768415753
2,curved,G1,41522,41522,0,2,3,true,true,7.821733474731445,30,20.322365511113574,7.544018745422363,16.871708869934082,1.675095499211718,0.877352237701416,16.935149051681766
2,curved,G1,41526,41526,0,2,3,true,true,7.821733474731445,30,20.885819952451577,7.544018745422363,16.871708869934082,2.2385499405497207,0.877352237701416,16.942777912581477
2,curved,G1,41526,41526,0,2,3,true,true,7.821733474731445,30,20.736541748046875,7.544018745422363,16.871708869934082,2.089271736145019,0.877352237701416,16.940756768415753
2,curved,G1,41524,41524,0,2,3,true,true,7.821733474731445,30,21.06114835824102,7.544018745422363,16.871708869934082,2.413878346339164,0.877352237701416,16.945151762038336
2,curved,G1,41524,41524,0,2,3,true,true,7.821733474731445,30,20.885819952451577,7.544018745422363,16.871708869934082,2.2385499405497207,0.877352237701416,16.942777912581477
2,curved,G1,15637,15637,0,2,3,true,true,7.821733474731445,29.557840675964012,21.06114835824102,7.544018745422363,16.429549545898094,2.413878346339164,0.877352237701416,16.52662937909228
2,curved,G1,15637,15637,0,2,3,true,true,7.821733474731445,30,21.06114835824102,7.544018745422363,16.871708869934082,2.413878346339164,0.877352237701416,16.945151762038336
2,curved,G1,16257,16257,0,2,4,true,true,0.6520990852877423,27.152698100161757,18.406936792370065,7.728319149755696,14.02440697009584,-0.24033321953179154,1.0616526420347485,13.95895639534244
2,curved,G1,16257,16257,0,2,4,true,true,0.6520990852877423,27.14361201244868,18.406666678498496,7.765233993530273,14.015320882382763,-0.24060333340336015,1.0985674858093262,13.949879451477155
2,curved,G1,16258,16258,0,2,4,true,true,0.6520990852877423,27.181198120117188,18.407784049294385,7.664450892072971,14.05290699005127,-0.23948596260747124,0.9977843843520233,13.998906256886377
2,curved,G1,16258,16258,0,2,4,true,true,0.6520990852877423,27.152698100161757,18.406936792370065,7.728319149755696,14.02440697009584,-0.24033321953179154,1.0616526420347485,13.95895639534244
2,curved,G1,17111,17111,0,2,4,true,true,0.6520990852877423,27.14361201244868,18.406666678498496,7.765233993530273,14.015320882382763,-0.24060333340336015,1.0985674858093262,13.949879451477155
2,curved,G1,17111,17111,0,2,4,true,true,0.6520990852877423,27.109297582144492,18.405646569083668,7.794018745422363,13.981006452078574,-0.24162344281818804,1.127352237701416,13.915599553739414
2,curved,G1,16297,16297,0,2,4,true,true,0.6520990852877423,27.190670325585394,18.408065641787445,7.645754599451498,14.062379195519476,-0.2392043701144111,0.9790880917305511,14.008372706221621
2,curved,G1,16297,16297,0,2,4,true,true,0.6520990852877423,27.181198120117188,18.407784049294385,7.664450892072971,14.05290699005127,-0.23948596260747124,0.9977843843520233,13.998906256886377
2,curved,G1,15579,15579,0,2,5,true,true,0.6520990852877423,27.2086627375981,18.408600525471275,7.544018745422363,14.080371607532182,-0.23866948643058095,0.877352237701416,14.026354184485454
2,curved,G1,15579,15579,0,2,5,true,true,0.6520990852877423,27.230676300292988,18.409254951098042,7.566790580749511,14.10238517022707,-0.2380150608038143,0.9001240730285636,14.048354369831817
2,curved,G1,16297,16297,0,2,5,true,true,0.6520990852877423,27.230676300292988,18.409254951098042,7.566790580749513,14.10238517022707,-0.2380150608038143,0.9001240730285653,14.048354369831817
2,curved,G1,16297,16297,0,2,5,true,true,0.6520990852877423,27.190670325585394,18.408065641787445,7.6457545994514975,14.062379195519476,-0.2392043701144111,0.9790880917305502,14.008372706221621
2,curved,G1,17146,17146,0,2,6,true,true,0.6862795008963206,27.524226504957927,21.223459883253657,7.794018745422363,14.395935374892009,2.5761898713518008,1.127352237701416,14.553416166757177
2,curved,G1,17146,17146,0,2,6,true,true,0.6862795008963206,27.60796966391698,21.231853838835523,7.765233993530273,14.479678533851061,2.5845838269336667,1.0985674858093262,14.63755395922806
2,curved,G1,16292,16292,0,2,6,true,true,0.6862795008963206,27.60796966391698,21.231853838835523,7.765233993530273,14.479678533851061,2.5845838269336667,1.0985674858093262,14.63755395922806
2,curved,G1,16292,16292,0,2,6,true,true,0.6862795008963206,27.656538407967986,21.236722103721856,7.673815318465808,14.528247277902068,2.58945209182,1.0071488107448605,14.686351579933211
2,curved,G1,16291,16291,0,2,7,true,true,0.6862795008963206,27.71226459998293,21.242307791989823,7.568924513897257,14.583973469917012,2.595037780087967,0.9022580061763099,14.72855299703526
2,curved,G1,16291,16291,0,2,7,true,true,0.6862795008963206,27.712940514966984,21.24237554200575,7.566790580749511,14.584649384901066,2.5951055301038934,0.9001240730285636,14.729231893160918
2,curved,G1,16292,16292,0,2,7,true,true,0.6862795008963206,27.656538407967986,21.236722103721856,7.673815318465808,14.528247277902068,2.58945209182,1.0071488107448605,14.686351579933211
2,curved,G1,16292,16292,0,2,7,true,true,0.6862795008963206,27.71226459998293,21.24230779198982,7.568924513897257,14.583973469917012,2.5950377800879636,0.9022580061763099,14.728552997035258
2,curved,G1,15569,15569,0,2,7,true,true,0.6862795008963206,27.712940514966984,21.24237554200575,7.566790580749512,14.584649384901066,2.5951055301038934,0.9001240730285645,14.729231893160918
2,curved,G1,15569,15569,0,2,7,true,true,0.6862795008963206,27.712990085067712,21.242380510641144,7.544018745422363,14.584698955001794,2.595110498739288,0.877352237701416,14.729281681891937
2,curved,G1,16217,16217,0,2,16,true,true,0.32740664689910426,25.034170767608202,18.707142151951924,7.759157309113426,11.905879637542284,0.05987214005006791,1.0924908013924783,11.86238094178466
2,curved,G1,16217,16217,0,2,16,true,true,0.32740664689910426,25.023564416400745,18.818488925079574,7.566790580749512,11.895273286334827,0.17121891317771798,0.9001240730285645,11.862335526623696
2,curved,G1,16218,16218,0,2,16,true,true,0.32740664689910426,25.034194319282697,18.706894903590488,7.759318876870321,11.90590318921678,0.05962489168863172,1.0926523691493735,11.862381042630188
2,curved,G1,16218,16218,0,2,16,true,true,0.32740664689910426,25.034170767608202,18.70714215195192,7.759157309113426,11.905879637542284,0.05987214005006436,1.0924908013924783,11.86238094178466
2,curved,G1,15409,15409,0,2,16,true,true,0.32740664689910426,25.023564416400745,18.818488925079574,7.566790580749512,11.895273286334827,0.17121891317771798,0.9001240730285645,11.862335526623696
2,curved,G1,15409,15409,0,2,16,true,true,0.32740664689910426,25.02805104416808,18.771387757642614,7.544018745422363,11.899759914102162,0.12411774574075807,0.877352237701416,11.862354737841414
2,curved,G1,15365,15365,0,2,16,true,true,0.32740664689910426,24.91324350307618,19.976651375758113,7.544018745422363,11.784952373010263,1.3293813638562568,0.877352237701416,11.861863145317589
2,curved,G1,15365,15365,0,2,16,true,true,0.32740664689910426,24.91324350307618,19.976651375758113,7.566790580749512,11.784952373010263,1.3293813638562568,0.9001240730285645,11.861863145317589
2,curved,G1,16190,16190,0,2,16,true,true,0.32740664689910426,24.91324350307618,19.976651375758113,7.566790580749512,11.784952373010263,1.3293813638562568,0.9001240730285645,11.861863145317589
2,curved,G1,16190,16190,0,2,16,true,true,0.32740664689910426,24.911390561277695,19.99610378554724,7.635710692433093,11.783099431211777,1.348833773645385,0.9690441847121454,11.861855211236547
2,curved,G1,17023,17023,0,2,17,true,true,0.32740664689910426,25.042576139321362,18.61890153094166,7.794018745422363,11.914285009255444,-0.028368480960196507,1.127352237701416,11.86241693260769
2,curved,G1,17023,17023,0,2,17,true,true,0.32740664689910426,25.035662062215184,18.691486358642578,7.766747867280106,11.907370932149266,0.044216346740721946,1.1000813595591588,11.862387327334535
2,curved,G1,17020,17020,0,2,17,true,true,0.32740664689910426,25.03566206221518,18.691486358642578,7.766747867280106,11.907370932149263,0.044216346740721946,1.1000813595591588,11.862387327334531
2,curved,G1,17020,17020,0,2,17,true,true,0.32740664689910426,25.035056563735765,18.69784295578877,7.765233993530273,11.906765433669847,0.05057294388691247,1.0985674858093262,11.86238473466054
2,curved,G1,16218,16218,0,2,17,true,true,0.32740664689910426,25.035056563735765,18.69784295578877,7.765233993530274,11.906765433669847,0.05057294388691247,1.098567485809327,11.86238473466054
2,curved,G1,16218,16218,0,2,17,true,true,0.32740664689910426,25.034194319282694,18.706894903590488,7.759318876870322,11.905903189216776,0.05962489168863172,1.0926523691493744,11.862381042630185
2,curved,G1,16190,16190,0,2,17,true,true,0.32740664689910426,24.911390561277695,19.99610378554724,7.635710692433092,11.783099431211777,1.348833773645385,0.9690441847121445,11.861855211236547
2,curved,G1,16190,16190,0,2,17,true,true,0.32740664689910426,24.908079352187137,20.030865263851418,7.758871009996906,11.77978822212122,1.3835952519495613,1.0922045022759583,11.861841033024747
2,curved,G1,16189,16189,0,2,17,true,true,0.32740664689910426,24.908079352187137,20.030865263851418,7.758871009996906,11.77978822212122,1.3835952519495613,1.0922045022759583,11.861841033024747
2,curved,G1,16189,16189,0,2,17,true,true,0.32740664689910426,24.907970252100128,20.032010609918018,7.765233993530273,11.77967912203421,1.3847405980161618,1.0985674858093262,11.861840565870878
2,curved,G1,16986,16986,0,2,17,true,true,0.32740664689910426,24.90797025210013,20.032010609918018,7.7652339935302725,11.779679122034214,1.3847405980161618,1.0985674858093253,11.861840565870882
2,curved,G1,16986,16986,0,2,17,true,true,0.32740664689910426,24.90399000910587,20.073795688028895,7.794018745422363,11.77569887903995,1.4265256761270386,1.127352237701416,11.8618235229338
2,curved,L1,15280,15280,0,2,0,true,true,7.190071589124273,30.04861389338673,21.35808987401346,7.794018745422363,0.2345425015717666,-1.3580898740134586,-0.5636758804321289,16.997781622928777
2,curved,L1,15280,15280,0,2,0,true,true,7.190071589124273,30.045557758271972,21.47618431842614,7.794018745422363,0.23759863668652415,-1.4761843184261387,-0.5636758804321289,16.996324701282784
2,curved,L1,15224,15224,0,2,1,true,true,7.821733474731445,30.234949426571745,18.498566860800896,7.794018745422363,0.04820696838675076,1.5014331391991043,-0.5636758804321289,17.14538371912759
2,curved,L1,15224,15224,0,2,1,true,true,7.821733474731445,30.221963398109814,18.708488351231413,7.794018745422363,0.06119299684868196,1.2915116487685872,-0.5636758804321289,17.135241101650752
2,curved,L1,15254,15254,0,2,1,true,true,7.821733474731445,30.22183871816504,18.728776454925537,7.794018745422363,0.061317676793457565,1.271223545074463,-0.5636758804321289,17.135391122815896
2,curved,L1,15254,15254,0,2,1,true,true,7.821733474731445,30.195551701319946,19.125943410319348,7.794018745422363,0.08760469363854995,0.8740565896806523,-0.5636758804321289,17.114483935992002
2,curved,L1,15225,15225,0,2,1,true,true,7.821733474731445,30.221963398109814,18.708488351231413,7.794018745422363,0.06119299684868196,1.2915116487685872,-0.5636758804321289,17.135241101650752
2,curved,L1,15225,15225,0,2,1,true,true,7.821733474731445,30.22183871816504,18.728776454925537,7.794018745422363,0.061317676793457565,1.271223545074463,-0.5636758804321289,17.135391122815896
2,curved,L1,15264,15264,0,2,1,true,true,7.821733474731445,30.162622240317983,19.563687562942505,7.794018745422363,0.12053415464051298,0.4363124370574951,-0.5636758804321289,17.087484306639055
2,curved,L1,15264,15264,0,2,1,true,true,7.821733474731445,30.1301000867975,19.960854291505093,7.794018745422363,0.1530563081609948,0.03914570849490673,-0.5636758804321289,17.0603425515968
2,curved,L1,15258,15258,0,2,1,true,true,7.821733474731445,30.19539170311572,19.14623212814331,7.794018745422363,0.08776469184277502,0.8537678718566895,-0.5636758804321289,17.114598650450038
2,curved,L1,15258,15258,0,2,1,true,true,7.821733474731445,30.162860476346292,19.5433988567059,7.794018745422363,0.12029591861220368,0.45660114329410106,-0.5636758804321289,17.087447822990516
2,curved,L1,15259,15259,0,2,1,true,true,7.821733474731445,30.162860476346292,19.5433988567059,7.794018745422363,0.12029591861220368,0.45660114329410106,-0.5636758804321289,17.087447822990516
2,curved,L1,15259,15259,0,2,1,true,true,7.821733474731445,30.162622240317983,19.563687562942505,7.794018745422363,0.12053415464051298,0.4363124370574951,-0.5636758804321289,17.087484306639055
2,curved,L1,15255,15255,0,2,1,true,true,7.821733474731445,30.195551701319946,19.125943410319348,7.794018745422363,0.08760469363854995,0.8740565896806523,-0.5636758804321289,17.114483935992002
2,curved,L1,15255,15255,0,2,1,true,true,7.821733474731445,30.19539170311572,19.14623212814331,7.794018745422363,0.08776469184277502,0.8537678718566895,-0.5636758804321289,17.114598650450038
2,curved,L1,15268,15268,0,2,1,true,true,7.821733474731445,30.12979418061329,19.9811429977417,7.794018745422363,0.1533622143452078,0.01885700225830078,-0.5636758804321289,17.060311371292254
2,curved,L1,15268,15268,0,2,1,true,true,7.821733474731445,30.09930987880598,20.378297931080656,7.794018745422363,0.18384651615251713,-0.378297931080656,-0.5636758804321289,17.035207121467803
2,curved,L1,15269,15269,0,2,1,true,true,7.821733474731445,30.09930987880598,20.378297931080656,7.794018745422363,0.18384651615251713,-0.378297931080656,-0.5636758804321289,17.035207121467803
2,curved,L1,15269,15269,0,2,1,true,true,7.821733474731445,30.09893379959709,20.39858603477478,7.794018745422363,0.18422259536140473,-0.3985860347747803,-0.5636758804321289,17.035105766412723
2,curved,L1,15265,15265,0,2,1,true,true,7.821733474731445,30.130100086797498,19.960854291505093,7.794018745422363,0.15305630816099836,0.03914570849490673,-0.5636758804321289,17.060342551596797
2,curved,L1,15265,15265,0,2,1,true,true,7.821733474731445,30.12979418061329,19.9811429977417,7.794018745422363,0.1533622143452078,0.01885700225830078,-0.5636758804321289,17.060311371292254
2,curved,L1,15276,15276,0,2,1,true,true,7.821733474731445,30.07122267023462,20.816041588783264,7.794018745422363,0.2119337247238775,-0.8160415887832642,-0.5636758804321289,17.013049293991553
2,curved,L1,15276,15276,0,2,1,true,true,7.821733474731445,30.052506372309708,21.213208317345853,7.794018745422363,0.23065002264878842,-1.2132083173458525,-0.5636758804321289,16.999712129065664
2,curved,L1,15272,15272,0,2,1,true,true,7.821733474731445,30.09893379959709,20.39858603477478,7.794018745422363,0.18422259536140473,-0.3985860347747803,-0.5636758804321289,17.035105766412723
2,curved,L1,15272,15272,0,2,1,true,true,7.821733474731445,30.071717682059976,20.795752876752978,7.794018745422363,0.21143871289852,-0.795752876752978,-0.5636758804321289,17.01326956252491
2,curved,L1,15277,15277,0,2,1,true,true,7.821733474731445,30.052506372309708,21.213208317345853,7.794018745422363,0.23065002264878842,-1.2132083173458525,-0.5636758804321289,16.999712129065664
2,curved,L1,15277,15277,0,2,1,true,true,7.821733474731445,30.051838199044322,21.23349702358246,7.794018745422363,0.23131819591417369,-1.2334970235824585,-0.5636758804321289,16.999318714886247
2,curved,L1,15273,15273,0,2,1,true,true,7.821733474731445,30.071717682059973,20.795752876752978,7.794018745422363,0.21143871289852356,-0.795752876752978,-0.5636758804321289,17.013269562524908
2,curved,L1,15273,15273,0,2,1,true,true,7.821733474731445,30.07122267023462,20.816041588783264,7.794018745422363,0.2119337247238775,-0.8160415887832642,-0.5636758804321289,17.013049293991553
2,curved,L1,15280,15280,0,2,1,true,true,7.821733474731445,30.051838199044322,21.23349702358246,7.794018745422363,0.23131819591417369,-1.2334970235824585,-0.5636758804321289,16.999318714886247
2,curved,L1,15280,15280,0,2,1,true,true,7.821733474731445,30.04861389338673,21.35808987401346,7.794018745422363,0.2345425015717666,-1.3580898740134586,-0.5636758804321289,16.997781622928777
2,curved,L1,14820,14820,0,2,2,true,true,7.190071589124273,30.02800953994582,21.474425381135003,7.544018745422363,0.25514685501267564,-1.4744253811350028,-0.8136758804321289,16.978754276433946
2,curved,L1,14820,14820,0,2,2,true,true,7.190071589124273,30.032307615692503,21.348223787920666,7.544018745422363,0.25084877926599347,-1.3482237879206664,-0.8136758804321289,16.981343258570252
2,curved,L1,14764,14764,0,2,3,true,true,7.821733474731445,30.229894102530913,18.577597289133262,7.544018745422363,0.053262292427582736,1.4224027108667379,-0.8136758804321289,17.141398886675617
2,curved,L1,14764,14764,0,2,3,true,true,7.821733474731445,30.234783337590343,18.498561923259107,7.544018745422363,0.04837305736815267,1.501438076740893,-0.8136758804321289,17.14521757851874
2,curved,L1,14794,14794,0,2,3,true,true,7.821733474731445,30.202918396378276,18.995048386091064,7.544018745422363,0.08023799858021974,1.0049516139089363,-0.8136758804321289,17.12007770970756
2,curved,L1,14794,14794,0,2,3,true,true,7.821733474731445,30.220541954040527,18.728776454925537,7.544018745422363,0.06261444091796875,1.271223545074463,-0.8136758804321289,17.134094477556026
2,curved,L1,14765,14765,0,2,3,true,true,7.821733474731445,30.220541954040527,18.728776454925537,7.544018745422363,0.06261444091796875,1.271223545074463,-0.8136758804321289,17.134094477556026
2,curved,L1,14765,14765,0,2,3,true,true,7.821733474731445,30.229894102530913,18.577597289133262,7.544018745422363,0.053262292427582736,1.4224027108667379,-0.8136758804321289,17.141398886675617
2,curved,L1,14804,14804,0,2,3,true,true,7.821733474731445,30.13691529361956,19.82995934203398,7.544018745422363,0.14624110133893709,0.17004065796601964,-0.8136758804321289,17.06538488863905
2,curved,L1,14804,14804,0,2,3,true,true,7.821733474731445,30.158719062805176,19.563687562942505,7.544018745422363,0.12443733215332031,0.4363124370574951,-0.8136758804321289,17.08358148690125
2,curved,L1,14798,14798,0,2,3,true,true,7.821733474731445,30.171102249597933,19.412503907234786,7.544018745422363,0.11205414536056324,0.587496092765214,-0.8136758804321289,17.0939165956997
2,curved,L1,14798,14798,0,2,3,true,true,7.821733474731445,30.192912101745605,19.14623212814331,7.544018745422363,0.09024429321289062,0.8537678718566895,-0.8136758804321289,17.11211927636638
2,curved,L1,14799,14799,0,2,3,true,true,7.821733474731445,30.158719062805176,19.563687562942505,7.544018745422363,0.12443733215332031,0.4363124370574951,-0.8136758804321289,17.08358148690125
2,curved,L1,14799,14799,0,2,3,true,true,7.821733474731445,30.171102249597933,19.412503907234786,7.544018745422363,0.11205414536056324,0.587496092765214,-0.8136758804321289,17.0939165956997
2,curved,L1,14795,14795,0,2,3,true,true,7.821733474731445,30.192912101745605,19.14623212814331,7.544018745422363,0.09024429321289062,0.8537678718566895,-0.8136758804321289,17.11211927636638
2,curved,L1,14795,14795,0,2,3,true,true,7.821733474731445,30.202918396378276,18.995048386091064,7.544018745422363,0.08023799858021974,1.0049516139089363,-0.8136758804321289,17.12007770970756
2,curved,L1,14812,14812,0,2,3,true,true,7.821733474731445,30.07277791431654,20.66485788990328,7.544018745422363,0.21037848064195686,-0.6648578899032813,-0.8136758804321289,17.01255745201092
2,curved,L1,14812,14812,0,2,3,true,true,7.821733474731445,30.092494010925293,20.39858603477478,7.544018745422363,0.19066238403320312,-0.3985860347747803,-0.8136758804321289,17.02866656802804
2,curved,L1,14808,14808,0,2,3,true,true,7.821733474731445,30.104098024699574,20.247406868982505,7.544018745422363,0.17905837025892168,-0.2474068689825053,-0.8136758804321289,17.03822263601993
2,curved,L1,14808,14808,0,2,3,true,true,7.821733474731445,30.12453556060791,19.9811429977417,7.544018745422363,0.15862083435058594,0.01885700225830078,-0.8136758804321289,17.05505323330512
2,curved,L1,14809,14809,0,2,3,true,true,7.821733474731445,30.092494010925293,20.39858603477478,7.544018745422363,0.19066238403320312,-0.3985860347747803,-0.8136758804321289,17.02866656802804
2,curved,L1,14809,14809,0,2,3,true,true,7.821733474731445,30.104098024699574,20.247406868982505,7.544018745422363,0.17905837025892168,-0.2474068689825053,-0.8136758804321289,17.03822263601993
2,curved,L1,14805,14805,0,2,3,true,true,7.821733474731445,30.12453556060791,19.9811429977417,7.544018745422363,0.15862083435058594,0.01885700225830078,-0.8136758804321289,17.05505323330512
2,curved,L1,14805,14805,0,2,3,true,true,7.821733474731445,30.13691529361956,19.82995934203398,7.544018745422363,0.14624110133893709,0.17004065796601964,-0.8136758804321289,17.06538488863905
2,curved,L1,14816,14816,0,2,3,true,true,7.821733474731445,30.04333935031266,21.08231336787474,7.544018745422363,0.23981704464583586,-1.0823133678747396,-0.8136758804321289,16.98877370225982
2,curved,L1,14816,14816,0,2,3,true,true,7.821733474731445,30.062417952498176,20.816041588783264,7.544018745422363,0.22073844246031982,-0.8160415887832642,-0.8136758804321289,17.004245383317535
2,curved,L1,14817,14817,0,2,3,true,true,7.821733474731445,30.036214890638394,21.23349702358246,7.544018745422363,0.24694150432010176,-1.2334970235824585,-0.8136758804321289,16.983696838551793
2,curved,L1,14817,14817,0,2,3,true,true,7.821733474731445,30.043339350312657,21.08231336787474,7.544018745422363,0.23981704464583942,-1.0823133678747396,-0.8136758804321289,16.988773702259817
2,curved,L1,14813,14813,0,2,3,true,true,7.821733474731445,30.062417952498176,20.816041588783264,7.544018745422363,0.22073844246031982,-0.8160415887832642,-0.8136758804321289,17.004245383317535
2,curved,L1,14813,14813,0,2,3,true,true,7.821733474731445,30.07277791431654,20.66485788990328,7.544018745422363,0.21037848064195686,-0.6648578899032813,-0.8136758804321289,17.01255745201092
2,curved,L1,14820,14820,0,2,3,true,true,7.821733474731445,30.032307615692506,21.348223787920666,7.544018745422363,0.2508487792659899,-1.3482237879206664,-0.8136758804321289,16.981343258570256
2,curved,L1,14820,14820,0,2,3,true,true,7.821733474731445,30.036214890638394,21.23349702358246,7.544018745422363,0.24694150432010176,-1.2334970235824585,-0.8136758804321289,16.983696838551793
2,curved,L1,15224,15224,0,2,4,true,true,0.6520990852877423,30.23492772931383,18.49856621577847,7.7917064565540395,0.04822866564466466,1.501433784221529,-0.5659881693004527,17.145362015125258
2,curved,L1,15224,15224,0,2,4,true,true,0.6520990852877423,30.234949426571745,18.498566860800896,7.794018745422363,0.04820696838675076,1.5014331391991043,-0.5636758804321289,17.14538371912759
2,curved,L1,14764,14764,0,2,5,true,true,0.6520990852877423,30.234783337590343,18.498561923259107,7.544018745422363,0.04837305736815267,1.501438076740893,-0.8136758804321289,17.14521757851874
2,curved,L1,14764,14764,0,2,5,true,true,0.6520990852877423,30.234783337590343,18.498561923259107,7.61297252413223,0.04837305736815267,1.501438076740893,-0.744722101722262,17.14521757851874
2,curved,L1,14765,14765,0,2,5,true,true,0.6520990852877423,30.234783337590343,18.498561923259107,7.61297252413223,0.04837305736815267,1.501438076740893,-0.744722101722262,17.14521757851874
2,curved,L1,14765,14765,0,2,5,true,true,0.6520990852877423,30.234783337590343,18.498561923259107,7.776318550109863,0.04837305736815267,1.501438076740893,-0.5813760757446289,17.14521757851874
2,curved,L1,15224,15224,0,2,5,true,true,0.6520990852877423,30.234783337590347,18.498561923259107,7.776318550109863,0.04837305736814912,1.501438076740893,-0.5813760757446289,17.145217578518743
2,curved,L1,15224,15224,0,2,5,true,true,0.6520990852877423,30.23492772931383,18.49856621577847,7.7917064565540395,0.04822866564466466,1.501433784221529,-0.5659881693004527,17.145362015125258
2,curved,L1,15280,15280,0,2,6,true,true,0.6862795008963206,30.04555775827197,21.476184318426135,7.794018745422363,0.2375986366865277,-1.4761843184261352,-0.5636758804321289,16.99632470128278
2,curved,L1,15280,15280,0,2,6,true,true,0.6862795008963206,30.04079333305528,21.475706758537793,7.782927305856335,0.242363061903216,-1.4757067585377932,-0.5747673199981573,16.99155424688896
2,curved,L1,14820,14820,0,2,7,true,true,0.6862795008963206,30.028766140471824,21.47450121862773,7.566062654266624,0.2543902544866725,-1.4745012186277293,-0.7916319715878686,16.97951183440568
2,curved,L1,14820,14820,0,2,7,true,true,0.6862795008963206,30.028009539945824,21.474425381135003,7.544018745422363,0.2551468550126721,-1.4744253811350028,-0.8136758804321289,16.97875427643395
2,curved,L1,14821,14821,0,2,7,true,true,0.6862795008963206,30.037954484018424,21.475422207859086,7.776318550109863,0.2452019109400716,-1.4754222078590864,-0.5813760757446289,16.98871180540959
2,curved,L1,14821,14821,0,2,7,true,true,0.6862795008963206,30.028766140471824,21.47450121862773,7.566062654266624,0.2543902544866725,-1.4745012186277293,-0.7916319715878686,16.97951183440568
2,curved,L1,15280,15280,0,2,7,true,true,0.6862795008963206,30.040793333055284,21.475706758537793,7.782927305856334,0.24236306190321244,-1.4757067585377932,-0.5747673199981582,16.991554246888963
2,curved,L1,15280,15280,0,2,7,true,true,0.6862795008963206,30.037954484018424,21.475422207859083,7.776318550109862,0.2452019109400716,-1.4754222078590828,-0.5813760757446298,16.98871180540959
2,curved,L1,17807,17807,0,2,8,false,true,0.8455138206481934,30.283157348632812,21.5,8.357694625854492,-9.5367431640625e-7,-1.5,0,17.21391484143484
2,curved,L1,17807,17807,0,2,8,false,true,0.8455138206481934,30.283157348632812,21.5,8.357694625854492,-9.5367431640625e-7,-1.5,0,17.21391484143484
2,curved,L1,17135,17135,0,2,9,false,true,0.8455138206481934,30.283157348632812,18.728776454925537,8.357694625854492,-9.5367431640625e-7,1.271223545074463,0,17.196704132664827
2,curved,L1,17135,17135,0,2,9,false,true,0.8455138206481934,30.283157348632812,18.5,8.357694625854492,-9.5367431640625e-7,1.5,0,17.193606626240687
2,curved,L1,17228,17228,0,2,9,false,true,0.8455138206481934,30.283157348632812,18.728777545269608,8.357694625854492,-9.5367431640625e-7,1.2712224547303919,0,17.196704147427482
2,curved,L1,17228,17228,0,2,9,false,true,0.8455138206481934,30.283157348632812,18.728776454925537,8.357694625854492,-9.5367431640625e-7,1.271223545074463,0,17.196704132664827
2,curved,L1,17229,17229,0,2,9,false,true,0.8455138206481934,30.283157348632812,19.14623212814331,8.357694625854492,-9.5367431640625e-7,0.8537678718566895,0,17.20235625114882
2,curved,L1,17229,17229,0,2,9,false,true,0.8455138206481934,30.283157348632812,18.728777545269608,8.357694625854492,-9.5367431640625e-7,1.2712224547303919,0,17.196704147427482
2,curved,L1,17319,17319,0,2,9,false,true,0.8455138206481934,30.283157348632812,19.563687562942505,8.357694625854492,-9.5367431640625e-7,0.4363124370574951,0,17.208008366404755
2,curved,L1,17319,17319,0,2,9,false,true,0.8455138206481934,30.283157348632812,19.14623321848676,8.357694625854492,-9.5367431640625e-7,0.8537667815132401,0,17.202356265911465
2,curved,L1,17318,17318,0,2,9,false,true,0.8455138206481934,30.283157348632812,19.14623321848676,8.357694625854492,-9.5367431640625e-7,0.8537667815132401,0,17.202356265911465
2,curved,L1,17318,17318,0,2,9,false,true,0.8455138206481934,30.283157348632812,19.14623212814331,8.357694625854492,-9.5367431640625e-7,0.8537678718566895,0,17.20235625114882
2,curved,L1,17413,17413,0,2,9,false,true,0.8455138206481934,30.283157348632812,19.9811429977417,8.357694625854492,-9.5367431640625e-7,0.01885700225830078,0,17.213660481660693
2,curved,L1,17413,17413,0,2,9,false,true,0.8455138206481934,30.283157348632812,19.563688653285954,8.357694625854492,-9.5367431640625e-7,0.4363113467140458,0,17.208008381167403
2,curved,L1,17511,17511,0,2,9,false,true,0.8455138206481934,30.283157348632812,20.39858603477478,8.357694625854492,-9.5367431640625e-7,-0.3985860347747803,0,17.21391484143484
2,curved,L1,17511,17511,0,2,9,false,true,0.8455138206481934,30.283157348632812,19.981144088052766,8.357694625854492,-9.5367431640625e-7,0.01885591194723446,0,17.2136604964229
2,curved,L1,17412,17412,0,2,9,false,true,0.8455138206481934,30.283157348632812,19.563688653285954,8.357694625854492,-9.5367431640625e-7,0.4363113467140458,0,17.208008381167403
2,curved,L1,17412,17412,0,2,9,false,true,0.8455138206481934,30.283157348632812,19.563687562942505,8.357694625854492,-9.5367431640625e-7,0.4363124370574951,0,17.208008366404755
2,curved,L1,17510,17510,0,2,9,false,true,0.8455138206481934,30.283157348632812,19.981144088052766,8.357694625854492,-9.5367431640625e-7,0.01885591194723446,0,17.2136604964229
2,curved,L1,17510,17510,0,2,9,false,true,0.8455138206481934,30.283157348632812,19.9811429977417,8.357694625854492,-9.5367431640625e-7,0.01885700225830078,0,17.213660481660693
2,curved,L1,17611,17611,0,2,9,false,true,0.8455138206481934,30.283157348632812,20.816041588783264,8.357694625854492,-9.5367431640625e-7,-0.8160415887832642,0,17.21391484143484
2,curved,L1,17611,17611,0,2,9,false,true,0.8455138206481934,30.283157348632812,20.39858712511854,8.357694625854492,-9.5367431640625e-7,-0.39858712511853867,0,17.21391484143484
2,curved,L1,17709,17709,0,2,9,false,true,0.8455138206481934,30.283157348632812,21.23349702358246,8.357694625854492,-9.5367431640625e-7,-1.2334970235824585,0,17.21391484143484
2,curved,L1,17709,17709,0,2,9,false,true,0.8455138206481934,30.283157348632812,20.816042679126713,8.357694625854492,-9.5367431640625e-7,-0.8160426791267135,0,17.21391484143484
2,curved,L1,17610,17610,0,2,9,false,true,0.8455138206481934,30.283157348632812,20.39858712511854,8.357694625854492,-9.5367431640625e-7,-0.39858712511853867,0,17.21391484143484
2,curved,L1,17610,17610,0,2,9,false,true,0.8455138206481934,30.283157348632812,20.39858603477478,8.357694625854492,-9.5367431640625e-7,-0.3985860347747803,0,17.21391484143484
2,curved,L1,17708,17708,0,2,9,false,true,0.8455138206481934,30.283157348632812,20.816042679126713,8.357694625854492,-9.5367431640625e-7,-0.8160426791267135,0,17.21391484143484
2,curved,L1,17708,17708,0,2,9,false,true,0.8455138206481934,30.283157348632812,20.816041588783264,8.357694625854492,-9.5367431640625e-7,-0.8160415887832642,0,17.21391484143484
2,curved,L1,17806,17806,0,2,9,false,true,0.8455138206481934,30.283157348632812,21.233498113926217,8.357694625854492,-9.5367431640625e-7,-1.2334981139262169,0,17.21391484143484
2,curved,L1,17806,17806,0,2,9,false,true,0.8455138206481934,30.283157348632812,21.23349702358246,8.357694625854492,-9.5367431640625e-7,-1.2334970235824585,0,17.21391484143484
2,curved,L1,17807,17807,0,2,9,false,true,0.8455138206481934,30.283157348632812,21.5,8.357694625854492,-9.5367431640625e-7,-1.5,0,17.21391484143484
2,curved,L1,17807,17807,0,2,9,false,true,0.8455138206481934,30.283157348632812,21.233498113926217,8.357694625854492,-9.5367431640625e-7,-1.2334981139262169,0,17.21391484143484
2,curved,L1,17135,17135,0,2,18,false,true,0.375,30.283157348632812,18.5,8.357694625854492,-9.5367431640625e-7,1.5,0,17.193606626240687
2,curved,L1,17135,17135,0,2,18,false,true,0.375,30.283157348632812,18.728776454925537,8.357694625854492,-9.5367431640625e-7,1.271223545074463,0,17.196704132664827
2,curved,L1,17228,17228,0,2,18,false,true,0.375,30.283157348632812,18.728776454925537,8.357694625854492,-9.5367431640625e-7,1.271223545074463,0,17.196704132664827
2,curved,L1,17228,17228,0,2,18,false,true,0.375,30.283157348632812,18.728777545269608,8.357694625854492,-9.5367431640625e-7,1.2712224547303919,0,17.196704147427482
2,curved,L1,17229,17229,0,2,18,false,true,0.375,30.283157348632812,18.728777545269608,8.357694625854492,-9.5367431640625e-7,1.2712224547303919,0,17.196704147427482
2,curved,L1,17229,17229,0,2,18,false,true,0.375,30.283157348632812,19.14623212814331,8.357694625854492,-9.5367431640625e-7,0.8537678718566895,0,17.20235625114882
2,curved,L1,17319,17319,0,2,18,false,true,0.375,30.283157348632812,19.14623321848676,8.357694625854492,-9.5367431640625e-7,0.8537667815132401,0,17.202356265911465
2,curved,L1,17319,17319,0,2,18,false,true,0.375,30.283157348632812,19.563687562942505,8.357694625854492,-9.5367431640625e-7,0.4363124370574951,0,17.208008366404755
2,curved,L1,17318,17318,0,2,18,false,true,0.375,30.283157348632812,19.14623212814331,8.357694625854492,-9.5367431640625e-7,0.8537678718566895,0,17.20235625114882
2,curved,L1,17318,17318,0,2,18,false,true,0.375,30.283157348632812,19.14623321848676,8.357694625854492,-9.5367431640625e-7,0.8537667815132401,0,17.202356265911465
2,curved,L1,17413,17413,0,2,18,false,true,0.375,30.283157348632812,19.563688653285954,8.357694625854492,-9.5367431640625e-7,0.4363113467140458,0,17.208008381167403
2,curved,L1,17413,17413,0,2,18,false,true,0.375,30.283157348632812,19.9811429977417,8.357694625854492,-9.5367431640625e-7,0.01885700225830078,0,17.213660481660693
2,curved,L1,17511,17511,0,2,18,false,true,0.375,30.283157348632812,19.981144088052766,8.357694625854492,-9.5367431640625e-7,0.01885591194723446,0,17.2136604964229
2,curved,L1,17511,17511,0,2,18,false,true,0.375,30.283157348632812,20.39858603477478,8.357694625854492,-9.5367431640625e-7,-0.3985860347747803,0,17.21391484143484
2,curved,L1,17412,17412,0,2,18,false,true,0.375,30.283157348632812,19.563687562942505,8.357694625854492,-9.5367431640625e-7,0.4363124370574951,0,17.208008366404755
2,curved,L1,17412,17412,0,2,18,false,true,0.375,30.283157348632812,19.563688653285954,8.357694625854492,-9.5367431640625e-7,0.4363113467140458,0,17.208008381167403
2,curved,L1,17510,17510,0,2,18,false,true,0.375,30.283157348632812,19.9811429977417,8.357694625854492,-9.5367431640625e-7,0.01885700225830078,0,17.213660481660693
2,curved,L1,17510,17510,0,2,18,false,true,0.375,30.283157348632812,19.981144088052766,8.357694625854492,-9.5367431640625e-7,0.01885591194723446,0,17.2136604964229
2,curved,L1,17611,17611,0,2,18,false,true,0.375,30.283157348632812,20.39858712511854,8.357694625854492,-9.5367431640625e-7,-0.39858712511853867,0,17.21391484143484
2,curved,L1,17611,17611,0,2,18,false,true,0.375,30.283157348632812,20.816041588783264,8.357694625854492,-9.5367431640625e-7,-0.8160415887832642,0,17.21391484143484
2,curved,L1,17709,17709,0,2,18,false,true,0.375,30.283157348632812,20.816042679126713,8.357694625854492,-9.5367431640625e-7,-0.8160426791267135,0,17.21391484143484
2,curved,L1,17709,17709,0,2,18,false,true,0.375,30.283157348632812,21.23349702358246,8.357694625854492,-9.5367431640625e-7,-1.2334970235824585,0,17.21391484143484
2,curved,L1,17610,17610,0,2,18,false,true,0.375,30.283157348632812,20.39858603477478,8.357694625854492,-9.5367431640625e-7,-0.3985860347747803,0,17.21391484143484
2,curved,L1,17610,17610,0,2,18,false,true,0.375,30.283157348632812,20.39858712511854,8.357694625854492,-9.5367431640625e-7,-0.39858712511853867,0,17.21391484143484
2,curved,L1,17708,17708,0,2,18,false,true,0.375,30.283157348632812,20.816041588783264,8.357694625854492,-9.5367431640625e-7,-0.8160415887832642,0,17.21391484143484
2,curved,L1,17708,17708,0,2,18,false,true,0.375,30.283157348632812,20.816042679126713,8.357694625854492,-9.5367431640625e-7,-0.8160426791267135,0,17.21391484143484
2,curved,L1,17806,17806,0,2,18,false,true,0.375,30.283157348632812,21.23349702358246,8.357694625854492,-9.5367431640625e-7,-1.2334970235824585,0,17.21391484143484
2,curved,L1,17806,17806,0,2,18,false,true,0.375,30.283157348632812,21.233498113926217,8.357694625854492,-9.5367431640625e-7,-1.2334981139262169,0,17.21391484143484
2,curved,L1,17807,17807,0,2,18,false,true,0.375,30.283157348632812,21.233498113926217,8.357694625854492,-9.5367431640625e-7,-1.2334981139262169,0,17.21391484143484
2,curved,L1,17807,17807,0,2,18,false,true,0.375,30.283157348632812,21.5,8.357694625854492,-9.5367431640625e-7,-1.5,0,17.21391484143484
2,curved,L1,17135,17135,0,2,19,false,true,0.375,30.283157348632812,18.5,8.357694625854492,-9.5367431640625e-7,1.5,0,17.193606626240687
2,curved,L1,17135,17135,0,2,19,false,true,0.375,30.283157348632812,18.5,8.357694625854492,-9.5367431640625e-7,1.5,0,17.193606626240687
2,direct,G1,13661,13661,0,0,0,false,true,6.004199481361866,13.128291130065918,18.161029815673828,6.666666507720947,0,-0.48624019622802805,0,0
2,direct,G1,13675,13675,0,0,0,false,true,6.004199481361866,13.128291130065918,18.724790573120117,6.666666507720947,0,0.07752056121826101,0,0.006093891018190208
2,direct,G1,13660,13660,0,0,0,false,true,6.004199481361866,13.128291130065918,17.597270965576172,6.666666507720947,0,-1.0499990463256843,0,0
2,direct,G1,13660,13660,0,0,0,false,true,6.004199481361866,13.128291130065918,18.161029815673828,6.666666507720947,0,-0.48624019622802805,0,0
2,direct,G1,13660,13660,0,0,0,false,true,6.004199481361866,13.128291130065918,18.161029815673828,6.666666507720947,0,-0.48624019622802805,0,0
2,direct,G1,13663,13663,0,0,0,false,true,6.004199481361866,13.128291130065918,17.597270965576172,6.666666507720947,0,-1.0499990463256843,0,0
2,direct,G1,13663,13663,0,0,0,false,true,6.004199481361866,13.128291130065918,18.161029815673828,6.666666507720947,0,-0.48624019622802805,0,0
2,direct,G1,13662,13662,0,0,0,false,true,6.004199481361866,13.12829113006592,18.161029815673828,6.666666507720947,1.7763568394002505e-15,-0.48624019622802805,0,0
2,direct,G1,13662,13662,0,0,0,false,true,6.004199481361866,13.12829113006592,18.161029815673828,6.666666507720947,1.7763568394002505e-15,-0.48624019622802805,0,0
2,direct,G1,13674,13674,0,0,0,false,true,6.004199481361866,13.128291130065918,18.161029815673828,6.666666507720947,0,-0.48624019622802805,0,0
2,direct,G1,13674,13674,0,0,0,false,true,6.004199481361866,13.128291130065918,18.724790573120117,6.666666507720947,0,0.07752056121826101,0,0.006093891018190208
2,direct,G1,13674,13674,0,0,0,false,true,6.004199481361866,13.128291130065918,18.724790573120117,6.666666507720947,0,0.07752056121826101,0,0.006093891018190208
2,direct,G1,13674,13674,0,0,0,false,true,6.004199481361866,13.128291130065918,18.161029815673828,6.666666507720947,0,-0.48624019622802805,0,0
2,direct,G1,13677,13677,0,0,0,false,true,6.004199481361866,13.128291130065918,18.161029815673828,6.666666507720947,0,-0.48624019622802805,0,0
2,direct,G1,13677,13677,0,0,0,false,true,6.004199481361866,13.128291130065918,18.724790573120117,6.666666507720947,0,0.07752056121826101,0,0.006093891018190208
2,direct,G1,13676,13676,0,0,0,false,true,6.004199481361866,13.128291130065918,18.724790573120117,6.666666507720947,0,0.07752056121826101,0,0.006093891018190208
2,direct,G1,13676,13676,0,0,0,false,true,6.004199481361866,13.128291130065918,18.724790573120117,6.666666507720947,0,0.07752056121826101,0,0.006093891018190208
2,direct,G1,13692,13692,0,0,0,false,true,6.004199481361866,13.128291130065918,19.288551330566406,6.666666507720947,0,0.6412813186645501,0,0.05041112198530519
2,direct,G1,13693,13693,0,0,0,false,true,6.004199481361866,13.128291130065918,19.288551330566406,6.666666507720947,0,0.6412813186645501,0,0.05041112198530519
2,direct,G1,13693,13693,0,0,0,false,true,6.004199481361866,13.128291130065918,18.724790573120117,6.666666507720947,0,0.07752056121826101,0,0.006093891018190208
2,direct,G1,13693,13693,0,0,0,false,true,6.004199481361866,13.128291130065918,19.288551330566406,6.666666507720947,0,0.6412813186645501,0,0.05041112198530519
2,direct,G1,13695,13695,0,0,0,false,true,6.004199481361866,13.128291130065918,18.724790573120117,6.666666507720947,0,0.07752056121826101,0,0.006093891018190208
2,direct,G1,13695,13695,0,0,0,false,true,6.004199481361866,13.128291130065918,19.288551330566406,6.666666507720947,0,0.6412813186645501,0,0.05041112198530519
2,direct,G1,13694,13694,0,0,0,false,true,6.004199481361866,13.128291130065918,19.288551330566406,6.666666507720947,0,0.6412813186645501,0,0.05041112198530519
2,direct,G1,13694,13694,0,0,0,false,true,6.004199481361866,13.128291130065918,19.288551330566406,6.666666507720947,0,0.6412813186645501,0,0.05041112198530519
2,direct,G1,13691,13691,0,0,0,false,true,6.004199481361866,13.128291130065918,19.288551330566406,6.666666507720947,0,0.6412813186645501,0,0.05041112198530519
2,direct,G1,13714,13714,0,0,0,false,true,6.004199481361866,13.128291130065918,19.288551330566406,6.666666507720947,0,0.6412813186645501,0,0.05041112198530519
2,direct,G1,13717,13717,0,0,0,false,true,6.004199481361866,13.128291130065918,19.288551330566406,6.666666507720947,0,0.6412813186645501,0,0.05041112198530519
2,direct,G1,13717,13717,0,0,0,false,true,6.004199481361866,13.128291130065918,19.697269439697266,6.666666507720947,0,1.0499994277954094,0,0.08254045096670472
2,direct,G1,13715,13715,0,0,0,false,true,6.004199481361866,13.128291130065918,19.288551330566406,6.666666507720947,0,0.6412813186645501,0,0.05041112198530519
2,direct,G1,13715,13715,0,0,0,false,true,6.004199481361866,13.128291130065918,19.697269439697266,6.666666507720947,0,1.0499994277954094,0,0.08254045096670472
2,direct,G1,13715,13715,0,0,0,false,true,6.004199481361866,13.128291130065918,19.288551330566406,6.666666507720947,0,0.6412813186645501,0,0.05041112198530519
2,direct,G1,13660,13660,0,0,1,false,true,6.861946159689069,13.128291130065918,17.597270965576172,6.666666507720947,0,-1.0499990463256843,0,0
2,direct,G1,13663,13663,0,0,1,false,true,6.861946159689069,13.128291130065918,17.597270965576172,6.666666507720947,0,-1.0499990463256843,0,0
2,direct,G1,13663,13663,0,0,1,false,true,6.861946159689069,13.128291130065918,17.597270965576172,6.666666507720947,0,-1.0499990463256843,0,0
2,direct,G1,13066,13066,0,0,2,true,true,6.004199481361866,13.313706744593345,18.161029815673828,6.416666507720947,0.18541561452742705,-0.48624019622802805,-0.25,0.14661849596943724
2,direct,G1,13066,13066,0,0,2,true,true,6.004199481361866,13.312357298059284,17.684210585920823,6.416666507720947,0.1840661679933664,-0.963059425981033,-0.25,0.10779046755970055
2,direct,G1,13083,13083,0,0,2,true,true,6.004199481361866,13.313706744593345,18.18074778174045,6.416666507720947,0.18541561452742705,-0.4665222301614058,-0.25,0.1481685252058363
2,direct,G1,13083,13083,0,0,2,true,true,6.004199481361866,13.313706744593345,18.161029815673828,6.416666507720947,0.18541561452742705,-0.48624019622802805,-0.25,0.14661849596943724
2,direct,G1,13084,13084,0,0,2,true,true,6.004199481361866,13.313706744593345,18.724790573120117,6.416666507720947,0.18541561452742705,0.07752056121826101,-0.25,0.19093572693655222
2,direct,G1,13084,13084,0,0,2,true,true,6.004199481361866,13.313706744593345,18.18074778174045,6.416666507720947,0.18541561452742705,-0.4665222301614058,-0.25,0.1481685252058363
2,direct,G1,13105,13105,0,0,2,true,true,6.004199481361866,13.313706744593345,18.74450853918674,6.416666507720947,0.18541561452742705,0.09723852728488325,-0.25,0.1924857561729513
2,direct,G1,13105,13105,0,0,2,true,true,6.004199481361866,13.313706744593345,18.724790573120117,6.416666507720947,0.18541561452742705,0.07752056121826101,-0.25,0.19093572693655222
2,direct,G1,13106,13106,0,0,2,true,true,6.004199481361866,13.313706744593345,19.288551330566406,6.416666507720947,0.18541561452742705,0.6412813186645501,-0.25,0.2352529579036672
2,direct,G1,13106,13106,0,0,2,true,true,6.004199481361866,13.313706744593345,18.74450853918674,6.416666507720947,0.18541561452742705,0.09723852728488325,-0.25,0.1924857561729513
2,direct,G1,13129,13129,0,0,2,true,true,6.004199481361866,13.313706744593345,19.30826929663303,6.416666507720947,0.18541561452742705,0.6609992847311723,-0.25,0.23680298714006628
2,direct,G1,13129,13129,0,0,2,true,true,6.004199481361866,13.313706744593345,19.288551330566406,6.416666507720947,0.18541561452742705,0.6412813186645501,-0.25,0.2352529579036672
2,direct,G1,13130,13130,0,0,2,true,true,6.004199481361866,13.313706744593345,19.71675396107117,6.416666507720947,0.18541561452742705,1.0694839491693138,-0.25,0.2689139650350722
2,direct,G1,13130,13130,0,0,2,true,true,6.004199481361866,13.313706744593345,19.30826929663303,6.416666507720947,0.18541561452742705,0.6609992847311723,-0.25,0.23680298714006628
2,direct,G1,13065,13065,0,0,3,true,true,6.861946159689069,13.312167051201225,17.616987944612983,6.416666507720947,0.18387592113530715,-1.0302820672888728,-0.25,0.10231643785701872
2,direct,G1,13065,13065,0,0,3,true,true,6.861946159689069,13.31203930108744,17.606940200997517,6.416666507720947,0.18374817102152186,-1.040329810904339,-0.25,0.10139922998600924
2,direct,G1,13066,13066,0,0,3,true,true,6.861946159689069,13.312357298059286,17.684210585920823,6.416666507720947,0.18406616799336817,-0.963059425981033,-0.25,0.10779046755970231
2,direct,G1,13066,13066,0,0,3,true,true,6.861946159689069,13.312167051201225,17.616987944612983,6.416666507720947,0.18387592113530715,-1.0302820672888728,-0.25,0.10231643785701872
2,direct,G1,13660,13660,0,0,4,false,true,0.7157751439818267,13.128291130065918,17.597270965576172,6.666666507720947,0,-1.0499990463256843,0,0
2,direct,G1,13660,13660,0,0,4,false,true,0.7157751439818267,13.128291130065918,17.597270965576172,6.666666507720947,0,-1.0499990463256843,0,0
2,direct,G1,13663,13663,0,0,4,true,true,0.7157751439818267,13.30882177033665,17.606770887408533,6.432501732672752,0.18053064027073162,-1.0404991244933228,-0.23416477504819522,0.0981783463169064
2,direct,G1,13663,13663,0,0,4,true,true,0.7157751439818267,13.128291130065918,17.597270965576172,6.666666507720947,0,-1.0499990463256843,0,0
2,direct,G1,13662,13662,0,0,4,true,true,0.7157751439818267,13.311943704692474,17.606935170503643,6.428487777709961,0.1836525746265565,-1.040334841398213,-0.23817873001098633,0.10130353397213467
2,direct,G1,13662,13662,0,0,4,true,true,0.7157751439818267,13.30882177033665,17.606770887408533,6.432501732672752,0.18053064027073162,-1.0404991244933228,-0.23416477504819522,0.0981783463169064
2,direct,G1,13066,13066,0,0,4,true,true,0.7157751439818267,13.31200618887272,17.606938458559494,6.424698414063436,0.1837150588068024,-1.0403315533423623,-0.24196809365751104,0.101366083265776
2,direct,G1,13066,13066,0,0,4,true,true,0.7157751439818267,13.311943704692474,17.606935170503643,6.428487777709961,0.1836525746265565,-1.040334841398213,-0.23817873001098633,0.10130353397213467
2,direct,G1,13065,13065,0,0,5,true,true,0.7157751439818267,13.31203930108744,17.606940200997517,6.416666507720947,0.18374817102152186,-1.040329810904339,-0.25,0.10139922998600924
2,direct,G1,13065,13065,0,0,5,true,true,0.7157751439818267,13.31203930108744,17.606940200997517,6.422690318218677,0.18374817102152186,-1.040329810904339,-0.24397618950226985,0.10139922998600924
2,direct,G1,13066,13066,0,0,5,true,true,0.7157751439818267,13.31203930108744,17.606940200997514,6.422690318218677,0.18374817102152186,-1.0403298109043426,-0.24397618950226985,0.10139922998600895
2,direct,G1,13066,13066,0,0,5,true,true,0.7157751439818267,13.31200618887272,17.606938458559494,6.424698414063436,0.1837150588068024,-1.0403315533423623,-0.24196809365751104,0.101366083265776
2,direct,G1,13717,13717,0,0,6,true,true,0.718722025893542,13.128291130065918,19.697269439697266,6.666666507720947,0,1.0499994277954094,0,0.08254045096670472
2,direct,G1,13717,13717,0,0,6,true,true,0.718722025893542,13.177529624036081,19.702443699107,6.6033498222885605,0.04923849397016333,1.0551736872051443,-0.06331668543238678,0.13203332227661269
2,direct,G1,13715,13715,0,0,6,false,true,0.718722025893542,13.128291130065918,19.697269439697266,6.666666507720947,0,1.0499994277954094,0,0.08254045096670472
2,direct,G1,13715,13715,0,0,6,false,true,0.718722025893542,13.128291130065918,19.697269439697266,6.666666507720947,0,1.0499994277954094,0,0.08254045096670472
2,direct,G1,13716,13716,0,0,6,true,true,0.718722025893542,13.177529624036081,19.702443699107,6.6033498222885605,0.04923849397016333,1.0551736872051443,-0.06331668543238678,0.13203332227661269
2,direct,G1,13716,13716,0,0,6,true,true,0.718722025893542,13.313511848449707,19.71673348028218,6.428487777709961,0.18522071838378906,1.0694634683803237,-0.23817873001098633,0.26871806201330795
2,direct,G1,13130,13130,0,0,6,true,true,0.718722025893542,13.313511848449707,19.716733480282183,6.428487777709961,0.18522071838378906,1.0694634683803272,-0.23817873001098633,0.26871806201330817
2,direct,G1,13130,13130,0,0,6,true,true,0.718722025893542,13.313573193831902,19.716739926801875,6.424766922530582,0.18528206376598355,1.0694699149000186,-0.24189958519036558,0.26877972431980035
2,direct,G1,13130,13130,0,0,7,true,true,0.718722025893542,13.313573193831902,19.716739926801875,6.424766922530582,0.18528206376598355,1.0694699149000186,-0.24189958519036558,0.26877972431980035
2,direct,G1,13130,13130,0,0,7,true,true,0.718722025893542,13.313706744593345,19.71675396107117,6.416666507720947,0.18541561452742705,1.0694839491693138,-0.25,0.2689139650350722
2,direct,G1,14422,14422,0,0,8,true,true,0.6764109490059127,18.846580505371094,20.11482894072683,7.15699305623915,5.718289375305176,1.4675589288249746,0.4903265485182029,5.815958622471742
2,direct,G1,14422,14422,0,0,8,true,true,0.6764109490059127,18.846580505371094,19.987779448461367,7.157440254222927,5.718289375305176,1.3405094365595112,0.49077374650198013,5.80597126237508
2,direct,G1,14420,14420,0,0,8,true,true,0.6764109490059127,18.846580505371094,20.298179626464844,7.176299430035391,5.718289375305176,1.6509096145629876,0.5096329223144433,5.830371819169997
2,direct,G1,14420,14420,0,0,8,true,true,0.6764109490059127,18.846580505371094,20.2252779006958,7.156604290008545,5.718289375305176,1.5780078887939446,0.48993778228759766,5.824641014788644
2,direct,G1,14423,14423,0,0,8,true,true,0.6764109490059127,18.846580505371094,20.2252779006958,7.156604290008545,5.718289375305176,1.5780078887939446,0.48993778228759766,5.824641014788644
2,direct,G1,14423,14423,0,0,8,true,true,0.6764109490059127,18.846580505371094,20.11482894072683,7.15699305623915,5.718289375305176,1.4675589288249746,0.4903265485182029,5.815958622471742
2,direct,G1,14430,14430,0,0,9,true,true,0.6764109490059127,18.846580505371094,18.069773551322534,7.1584038734436035,5.718289375305176,-0.5774964605793222,0.49173736572265625,5.65519682620321
2,direct,G1,14430,14430,0,0,9,true,true,0.6764109490059127,18.846580505371094,17.89818000793457,7.1584038734436035,5.718289375305176,-0.7490900039672859,0.49173736572265625,5.641707858419719
2,direct,G1,14428,14428,0,0,9,true,true,0.6764109490059127,18.846580505371094,18.581037398673608,7.1584038734436035,5.718289375305176,-0.06623261322824803,0.49173736572265625,5.695387275270343
2,direct,G1,14428,14428,0,0,9,true,true,0.6764109490059127,18.846580505371094,18.180222511291504,7.1584038734436035,5.718289375305176,-0.4670475006103523,0.49173736572265625,5.663879218520113
2,direct,G1,14426,14426,0,0,9,true,true,0.6764109490059127,18.846580505371094,19.092301246024682,7.1584038734436035,5.718289375305176,0.4450312341228262,0.49173736572265625,5.735577724337476
2,direct,G1,14426,14426,0,0,9,true,true,0.6764109490059127,18.846580505371094,18.691486358642578,7.1584038734436035,5.718289375305176,0.044216346740721946,0.49173736572265625,5.7040696675872455
2,direct,G1,14424,14424,0,0,9,true,true,0.6764109490059127,18.846580505371094,19.603565093375757,7.1584038734436035,5.718289375305176,0.9562950814739004,0.49173736572265625,5.775768173404609
2,direct,G1,14424,14424,0,0,9,true,true,0.6764109490059127,18.846580505371094,19.202750205993652,7.1584038734436035,5.718289375305176,0.5554801940917962,0.49173736572265625,5.744260116654378
2,direct,G1,14431,14431,0,0,9,true,true,0.6764109490059127,18.846580505371094,18.180222511291504,7.1584038734436035,5.718289375305176,-0.4670475006103523,0.49173736572265625,5.663879218520113
2,direct,G1,14431,14431,0,0,9,true,true,0.6764109490059127,18.846580505371094,18.069773551322534,7.1584038734436035,5.718289375305176,-0.5774964605793222,0.49173736572265625,5.65519682620321
2,direct,G1,14429,14429,0,0,9,true,true,0.6764109490059127,18.846580505371094,18.691486358642578,7.1584038734436035,5.718289375305176,0.044216346740721946,0.49173736572265625,5.7040696675872455
2,direct,G1,14429,14429,0,0,9,true,true,0.6764109490059127,18.846580505371094,18.581037398673608,7.1584038734436035,5.718289375305176,-0.06623261322824803,0.49173736572265625,5.695387275270343
2,direct,G1,14427,14427,0,0,9,true,true,0.6764109490059127,18.846580505371094,19.202750205993652,7.1584038734436035,5.718289375305176,0.5554801940917962,0.49173736572265625,5.744260116654378
2,direct,G1,14427,14427,0,0,9,true,true,0.6764109490059127,18.846580505371094,19.092301246024682,7.1584038734436035,5.718289375305176,0.4450312341228262,0.49173736572265625,5.735577724337476
2,direct,G1,14425,14425,0,0,9,true,true,0.6764109490059127,18.846580505371094,19.714014053344727,7.1584038734436035,5.718289375305176,1.0667440414428704,0.49173736572265625,5.78445056572151
2,direct,G1,14425,14425,0,0,9,true,true,0.6764109490059127,18.846580505371094,19.603565093375757,7.1584038734436035,5.718289375305176,0.9562950814739004,0.49173736572265625,5.775768173404609
2,direct,G1,14422,14422,0,0,9,true,true,0.6764109490059127,18.846580505371094,19.987779448461367,7.157440254222927,5.718289375305176,1.3405094365595112,0.49077374650198013,5.80597126237508
2,direct,G1,14422,14422,0,0,9,true,true,0.6764109490059127,18.846580505371094,19.714014053344727,7.1584038734436035,5.718289375305176,1.0667440414428704,0.49173736572265625,5.78445056572151
2,direct,G1,13660,13660,0,0,16,false,true,0.2624998092651367,13.128291130065918,17.597270965576172,6.666666507720947,0,-1.0499990463256843,0,0
2,direct,G1,13660,13660,0,0,16,false,true,0.2624998092651367,13.128291130065918,17.597270965576172,6.666666507720947,0,-1.0499990463256843,0,0
2,direct,G1,13663,13663,0,0,16,false,true,0.2624998092651367,13.128291130065918,17.597270965576172,6.666666507720947,0,-1.0499990463256843,0,0
2,direct,G1,13663,13663,0,0,16,false,true,0.2624998092651367,13.128291130065918,17.597270965576172,6.666666507720947,0,-1.0499990463256843,0,0
2,direct,G1,13661,13661,0,0,17,false,true,0.2624998092651367,13.128291130065918,18.161029815673828,6.666666507720947,0,-0.48624019622802805,0,0
2,direct,G1,13661,13661,0,0,17,false,true,0.2624998092651367,13.128291130065918,18.161029815673828,6.666666507720947,0,-0.48624019622802805,0,0
2,direct,G1,13675,13675,0,0,17,false,true,0.2624998092651367,13.128291130065918,18.724790573120117,6.666666507720947,0,0.07752056121826101,0,0.006093891018190208
2,direct,G1,13675,13675,0,0,17,false,true,0.2624998092651367,13.128291130065918,18.724790573120117,6.666666507720947,0,0.07752056121826101,0,0.006093891018190208
2,direct,G1,13660,13660,0,0,17,false,true,0.2624998092651367,13.128291130065918,17.597270965576172,6.666666507720947,0,-1.0499990463256843,0,0
2,direct,G1,13660,13660,0,0,17,false,true,0.2624998092651367,13.128291130065918,18.161029815673828,6.666666507720947,0,-0.48624019622802805,0,0
2,direct,G1,13663,13663,0,0,17,false,true,0.2624998092651367,13.128291130065918,17.597270965576172,6.666666507720947,0,-1.0499990463256843,0,0
2,direct,G1,13663,13663,0,0,17,false,true,0.2624998092651367,13.128291130065918,18.161029815673828,6.666666507720947,0,-0.48624019622802805,0,0
2,direct,G1,13662,13662,0,0,17,false,true,0.2624998092651367,13.128291130065918,18.161029815673828,6.666666507720947,0,-0.48624019622802805,0,0
2,direct,G1,13662,13662,0,0,17,false,true,0.2624998092651367,13.128291130065918,18.161029815673825,6.666666507720947,0,-0.4862401962280316,0,0
2,direct,G1,13674,13674,0,0,17,false,true,0.2624998092651367,13.128291130065918,18.161029815673828,6.666666507720947,0,-0.48624019622802805,0,0
2,direct,G1,13674,13674,0,0,17,false,true,0.2624998092651367,13.128291130065918,18.724790573120117,6.666666507720947,0,0.07752056121826101,0,0.006093891018190208
2,direct,G1,13677,13677,0,0,17,false,true,0.2624998092651367,13.128291130065918,18.161029815673828,6.666666507720947,0,-0.48624019622802805,0,0
2,direct,G1,13677,13677,0,0,17,false,true,0.2624998092651367,13.128291130065918,18.724790573120117,6.666666507720947,0,0.07752056121826101,0,0.006093891018190208
2,direct,G1,13676,13676,0,0,17,false,true,0.2624998092651367,13.128291130065918,18.724790573120117,6.666666507720947,0,0.07752056121826101,0,0.006093891018190208
2,direct,G1,13676,13676,0,0,17,false,true,0.2624998092651367,13.128291130065918,18.724790573120117,6.666666507720947,0,0.07752056121826101,0,0.006093891018190208
2,direct,G1,13692,13692,0,0,17,false,true,0.2624998092651367,13.128291130065918,19.288551330566406,6.666666507720947,0,0.6412813186645501,0,0.05041112198530519
2,direct,G1,13692,13692,0,0,17,false,true,0.2624998092651367,13.128291130065918,19.288551330566406,6.666666507720947,0,0.6412813186645501,0,0.05041112198530519
2,direct,G1,13693,13693,0,0,17,false,true,0.2624998092651367,13.128291130065918,18.724790573120117,6.666666507720947,0,0.07752056121826101,0,0.006093891018190208
2,direct,G1,13693,13693,0,0,17,false,true,0.2624998092651367,13.128291130065918,19.288551330566406,6.666666507720947,0,0.6412813186645501,0,0.05041112198530519
2,direct,G1,13695,13695,0,0,17,false,true,0.2624998092651367,13.128291130065918,18.724790573120117,6.666666507720947,0,0.07752056121826101,0,0.006093891018190208
2,direct,G1,13695,13695,0,0,17,false,true,0.2624998092651367,13.128291130065918,19.288551330566406,6.666666507720947,0,0.6412813186645501,0,0.05041112198530519
2,direct,G1,13694,13694,0,0,17,false,true,0.2624998092651367,13.128291130065918,19.288551330566406,6.666666507720947,0,0.6412813186645501,0,0.05041112198530519
2,direct,G1,13694,13694,0,0,17,false,true,0.2624998092651367,13.128291130065918,19.288551330566406,6.666666507720947,0,0.6412813186645501,0,0.05041112198530519
2,direct,G1,13691,13691,0,0,17,false,true,0.2624998092651367,13.128291130065918,19.288551330566406,6.666666507720947,0,0.6412813186645501,0,0.05041112198530519
2,direct,G1,13691,13691,0,0,17,false,true,0.2624998092651367,13.128291130065918,19.288551330566406,6.666666507720947,0,0.6412813186645501,0,0.05041112198530519
2,direct,G1,13714,13714,0,0,17,false,true,0.2624998092651367,13.128291130065918,19.288551330566406,6.666666507720947,0,0.6412813186645501,0,0.05041112198530519
2,direct,G1,13714,13714,0,0,17,false,true,0.2624998092651367,13.128291130065918,19.288551330566406,6.666666507720947,0,0.6412813186645501,0,0.05041112198530519
2,direct,G1,13717,13717,0,0,17,false,true,0.2624998092651367,13.128291130065918,19.288551330566406,6.666666507720947,0,0.6412813186645501,0,0.05041112198530519
2,direct,G1,13717,13717,0,0,17,false,true,0.2624998092651367,13.128291130065918,19.697269439697266,6.666666507720947,0,1.0499994277954094,0,0.08254045096670472
2,direct,G1,13715,13715,0,0,17,false,true,0.2624998092651367,13.128291130065918,19.288551330566406,6.666666507720947,0,0.6412813186645501,0,0.05041112198530519
2,direct,G1,13715,13715,0,0,17,false,true,0.2624998092651367,13.128291130065918,19.697269439697266,6.666666507720947,0,1.0499994277954094,0,0.08254045096670472
2,direct,G1,14426,14426,0,0,18,true,true,0.2999999523162842,18.846580505371094,18.691486358642578,7.1584038734436035,5.718289375305176,0.044216346740721946,0.49173736572265625,5.7040696675872455
2,direct,G1,14426,14426,0,0,18,true,true,0.2999999523162842,18.846580505371094,19.092301246024682,7.1584038734436035,5.718289375305176,0.4450312341228262,0.49173736572265625,5.735577724337476
2,direct,G1,14424,14424,0,0,18,true,true,0.2999999523162842,18.846580505371094,19.202750205993652,7.1584038734436035,5.718289375305176,0.5554801940917962,0.49173736572265625,5.744260116654378
2,direct,G1,14424,14424,0,0,18,true,true,0.2999999523162842,18.846580505371094,19.603565093375757,7.1584038734436035,5.718289375305176,0.9562950814739004,0.49173736572265625,5.775768173404609
2,direct,G1,14429,14429,0,0,18,true,true,0.2999999523162842,18.846580505371094,18.588789639376046,7.1584038734436035,5.718289375305176,-0.05848037252581051,0.49173736572265625,5.695996678882044
2,direct,G1,14429,14429,0,0,18,true,true,0.2999999523162842,18.846580505371094,18.691486358642578,7.1584038734436035,5.718289375305176,0.044216346740721946,0.49173736572265625,5.7040696675872455
2,direct,G1,14427,14427,0,0,18,true,true,0.2999999523162842,18.846580505371094,19.092301246024682,7.1584038734436035,5.718289375305176,0.4450312341228262,0.49173736572265625,5.735577724337476
2,direct,G1,14427,14427,0,0,18,true,true,0.2999999523162842,18.846580505371094,19.202750205993652,7.1584038734436035,5.718289375305176,0.5554801940917962,0.49173736572265625,5.744260116654378
2,direct,G1,14425,14425,0,0,18,true,true,0.2999999523162842,18.846580505371094,19.603565093375757,7.1584038734436035,5.718289375305176,0.9562950814739004,0.49173736572265625,5.775768173404609
2,direct,G1,14425,14425,0,0,18,true,true,0.2999999523162842,18.846580505371094,19.714014053344727,7.1584038734436035,5.718289375305176,1.0667440414428704,0.49173736572265625,5.78445056572151
2,direct,G1,14422,14422,0,0,18,true,true,0.2999999523162842,18.846580505371094,19.714014053344727,7.1584038734436035,5.718289375305176,1.0667440414428704,0.49173736572265625,5.78445056572151
2,direct,G1,14422,14422,0,0,18,true,true,0.2999999523162842,18.846580505371094,20.11482894072683,7.15699305623915,5.718289375305176,1.4675589288249746,0.4903265485182029,5.815958622471742
2,direct,G1,14420,14420,0,0,18,true,true,0.2999999523162842,18.846580505371094,20.2252779006958,7.156604290008545,5.718289375305176,1.5780078887939446,0.48993778228759766,5.824641014788644
2,direct,G1,14420,14420,0,0,18,true,true,0.2999999523162842,18.846580505371094,20.298179626464844,7.176299430035391,5.718289375305176,1.6509096145629876,0.5096329223144433,5.830371819169997
2,direct,G1,14423,14423,0,0,18,true,true,0.2999999523162842,18.846580505371094,20.11482894072683,7.15699305623915,5.718289375305176,1.4675589288249746,0.4903265485182029,5.815958622471742
2,direct,G1,14423,14423,0,0,18,true,true,0.2999999523162842,18.846580505371094,20.2252779006958,7.156604290008545,5.718289375305176,1.5780078887939446,0.48993778228759766,5.824641014788644
2,direct,G1,14430,14430,0,0,19,true,true,0.2999999523162842,18.846580505371094,17.89818000793457,7.1584038734436035,5.718289375305176,-0.7490900039672859,0.49173736572265625,5.641707858419719
2,direct,G1,14430,14430,0,0,19,true,true,0.2999999523162842,18.846580505371094,18.069773551322534,7.1584038734436035,5.718289375305176,-0.5774964605793222,0.49173736572265625,5.65519682620321
2,direct,G1,14428,14428,0,0,19,true,true,0.2999999523162842,18.846580505371094,18.180222511291504,7.1584038734436035,5.718289375305176,-0.4670475006103523,0.49173736572265625,5.663879218520113
2,direct,G1,14428,14428,0,0,19,true,true,0.2999999523162842,18.846580505371094,18.581037398673608,7.1584038734436035,5.718289375305176,-0.06623261322824803,0.49173736572265625,5.695387275270343
2,direct,G1,14431,14431,0,0,19,true,true,0.2999999523162842,18.846580505371094,18.069773551322534,7.1584038734436035,5.718289375305176,-0.5774964605793222,0.49173736572265625,5.65519682620321
2,direct,G1,14431,14431,0,0,19,true,true,0.2999999523162842,18.846580505371094,18.180222511291504,7.1584038734436035,5.718289375305176,-0.4670475006103523,0.49173736572265625,5.663879218520113
2,direct,G1,14429,14429,0,0,19,true,true,0.2999999523162842,18.846580505371094,18.581037398673608,7.1584038734436035,5.718289375305176,-0.06623261322824803,0.49173736572265625,5.695387275270343
2,direct,G1,14429,14429,0,0,19,true,true,0.2999999523162842,18.846580505371094,18.588789639376046,7.1584038734436035,5.718289375305176,-0.05848037252581051,0.49173736572265625,5.695996678882044
2,direct,G1,15100,15100,0,1,0,true,true,6.861945015280071,19.939473623311507,18.471721150309225,7.230342388153076,6.811182493245589,-0.17554886159263106,0.5636758804321289,6.776305026711842
2,direct,G1,15100,15100,0,1,0,true,true,6.861945015280071,19.937838029761593,18.650013152447208,7.230342388153076,6.809546899695675,0.002743140545351963,0.5636758804321289,6.788690028194272
2,direct,G1,15101,15101,0,1,0,true,true,6.861945015280071,19.937838029761597,18.650013152447208,7.230342388153076,6.809546899695679,0.002743140545351963,0.5636758804321289,6.788690028194274
2,direct,G1,15101,15101,0,1,0,true,true,6.861945015280071,19.9360526903885,18.691486358642578,7.230342388153076,6.807761560322582,0.044216346740721946,0.5636758804321289,6.790170422229019
2,direct,G1,15098,15098,0,1,0,true,true,6.861945015280071,19.936052690388504,18.691486358642578,7.230342388153076,6.807761560322586,0.044216346740721946,0.5636758804321289,6.790170422229024
2,direct,G1,15098,15098,0,1,0,true,true,6.861945015280071,19.93246769300375,19.161276999798282,7.230342388153076,6.804176562937833,0.5140069878964262,0.5636758804321289,6.823526759300006
2,direct,G1,15099,15099,0,1,0,true,true,6.861945015280071,19.93246769300375,19.161276999798282,7.230342388153076,6.804176562937833,0.5140069878964262,0.5636758804321289,6.823526759300006
2,direct,G1,15099,15099,0,1,0,true,true,6.861945015280071,19.930785708054888,19.202750205993652,7.230342388153076,6.80249457798897,0.5554801940917962,0.5636758804321289,6.825110187923148
2,direct,G1,15096,15096,0,1,0,true,true,6.861945015280071,19.930785708054888,19.202750205993652,7.230342388153076,6.80249457798897,0.5554801940917962,0.5636758804321289,6.825110187923148
2,direct,G1,15096,15096,0,1,0,true,true,6.861945015280071,19.92763623834069,19.672540847149357,7.230342388153076,6.799345108274771,1.0252708352475004,0.5636758804321289,6.858900704900842
2,direct,G1,15094,15094,0,1,0,true,true,6.861945015280071,19.925979782553497,19.714014053344727,7.230342388153076,6.7976886524875795,1.0667440414428704,0.5636758804321289,6.8605095836842915
2,direct,G1,15094,15094,0,1,0,true,true,6.861945015280071,19.941769194159086,20.18380469450043,7.230342388153076,6.813478064093168,1.5365346825985746,0.5636758804321289,6.91318037459313
2,direct,G1,15097,15097,0,1,0,true,true,6.861945015280071,19.927636238340686,19.672540847149357,7.230342388153076,6.799345108274768,1.0252708352475004,0.5636758804321289,6.858900704900838
2,direct,G1,15097,15097,0,1,0,true,true,6.861945015280071,19.925979782553497,19.714014053344727,7.230342388153076,6.7976886524875795,1.0667440414428704,0.5636758804321289,6.8605095836842915
2,direct,G1,15095,15095,0,1,0,true,true,6.861945015280071,19.941769194159086,20.18380469450043,7.230342388153076,6.813478064093168,1.5365346825985746,0.5636758804321289,6.91318037459313
2,direct,G1,15095,15095,0,1,0,true,true,6.861945015280071,19.944601848049597,20.2252779006958,7.230342388153076,6.816310717983679,1.5780078887939446,0.5636758804321289,6.919264471262517
2,direct,G1,15092,15092,0,1,0,true,true,6.861945015280071,19.944601848049597,20.2252779006958,7.230342388153076,6.816310717983679,1.5780078887939446,0.5636758804321289,6.919264471262517
2,direct,G1,15092,15092,0,1,0,true,true,6.861945015280071,19.8733111386285,20.395501743763024,7.230342388153076,6.745020008562584,1.7482317318611678,0.5636758804321289,6.861575670429325
2,direct,G1,15091,15091,0,1,0,true,true,6.861945015280071,19.8733111386285,20.395501743763024,7.230342388153076,6.745020008562584,1.7482317318611678,0.5636758804321289,6.861575670429325
2,direct,G1,15091,15091,0,1,0,true,true,6.861945015280071,19.88676646973984,20.407488268497904,7.230342388153076,6.758475339673922,1.7602182565960476,0.5636758804321289,6.875931623956734
2,direct,G1,15312,15312,0,1,0,true,true,6.861945015280071,24.354333877563477,20.876965595887835,7.230342388153076,11.226042747497559,2.229695583985979,0.5636758804321289,11.366579514625412
2,direct,G1,15312,15312,0,1,0,true,true,6.861945015280071,24.354333877563477,20.78860278501103,7.230342388153076,11.226042747497559,2.1413327731091734,0.5636758804321289,11.359633314403409
2,direct,G1,15102,15102,0,1,1,true,true,7.719691550555581,19.94589895612033,17.95602858741695,7.230342388153076,6.817607826054413,-0.6912414244849074,0.5636758804321289,6.742171885603367
2,direct,G1,15102,15102,0,1,1,true,true,7.719691550555581,19.94394870449412,18.138749305096134,7.230342388153076,6.815657574428201,-0.5085207068057223,0.5636758804321289,6.754591344047471
2,direct,G1,15103,15103,0,1,1,true,true,7.719691550555581,19.94394870449412,18.138749305096134,7.230342388153076,6.815657574428201,-0.5085207068057223,0.5636758804321289,6.754591344047471
2,direct,G1,15103,15103,0,1,1,true,true,7.719691550555581,19.942147738179635,18.180222511291504,7.230342388153076,6.813856608113717,-0.4670475006103523,0.5636758804321289,6.75605615949924
2,direct,G1,15100,15100,0,1,1,true,true,7.719691550555581,19.94214773817964,18.180222511291504,7.230342388153076,6.813856608113721,-0.4670475006103523,0.5636758804321289,6.756056159499243
2,direct,G1,15100,15100,0,1,1,true,true,7.719691550555581,19.93947362331151,18.471721150309225,7.230342388153076,6.811182493245592,-0.17554886159263106,0.5636758804321289,6.776305026711846
2,direct,G1,15314,15314,0,1,1,true,true,7.719691550555581,24.354845157046828,20.695068541851505,7.230342388153076,11.22655402698091,2.047798529949649,0.5636758804321289,11.35279028521106
2,direct,G1,15314,15314,0,1,1,true,true,7.719691550555581,24.360636711120605,20.2252779006958,7.230342388153076,11.232345581054688,1.5780078887939446,0.5636758804321289,11.321633676520543
2,direct,G1,15316,15316,0,1,1,true,true,7.719691550555581,24.360636711120605,20.2252779006958,7.230342388153076,11.232345581054688,1.5780078887939446,0.5636758804321289,11.321633676520543
2,direct,G1,15316,15316,0,1,1,true,true,7.719691550555581,24.362252632699068,20.223333361659684,7.230342388153076,11.23396150263315,1.5760633497578276,0.5636758804321289,11.323091737336494
2,direct,G1,15317,15317,0,1,1,true,true,7.719691550555581,24.362252632699068,20.223333361659684,7.230342388153076,11.23396150263315,1.5760633497578276,0.5636758804321289,11.323091737336494
2,direct,G1,15317,15317,0,1,1,true,true,7.719691550555581,24.36239528656006,20.223161697387695,7.230342388153076,11.23410415649414,1.5758916854858391,0.5636758804321289,11.323220455219666
2,direct,G1,15364,15364,0,1,1,true,true,7.719691550555581,24.36239528656006,20.223161697387695,7.230342388153076,11.23410415649414,1.5758916854858391,0.5636758804321289,11.323220455219666
2,direct,G1,15364,15364,0,1,1,true,true,7.719691550555581,24.564868927001953,20.132552631713462,7.230342388153076,11.436577796936035,1.4852826198116063,0.5636758804321289,11.517944751769281
2,direct,G1,15312,15312,0,1,1,true,true,7.719691550555581,24.354333877563477,20.78860278501103,7.230342388153076,11.226042747497559,2.1413327731091734,0.5636758804321289,11.359633314403409
2,direct,G1,15312,15312,0,1,1,true,true,7.719691550555581,24.354333877563477,20.736541748046875,7.230342388153076,11.226042747497559,2.089271736145019,0.5636758804321289,11.355540796488576
2,direct,G1,15315,15315,0,1,1,true,true,7.719691550555581,24.354333877563477,20.736541748046875,7.230342388153076,11.226042747497559,2.089271736145019,0.5636758804321289,11.355540796488576
2,direct,G1,15315,15315,0,1,1,true,true,7.719691550555581,24.354845157046828,20.695068541851505,7.230342388153076,11.22655402698091,2.047798529949649,0.5636758804321289,11.35279028521106
2,direct,G1,14618,14618,0,1,2,true,true,6.861945015280071,24.373789900671476,20.79881314276354,6.980342388153076,11.245498770605558,2.1515431308616826,0.3136758804321289,11.379831765983157
2,direct,G1,14618,14618,0,1,2,true,true,6.861945015280071,24.373786311416893,20.879009767989356,6.980342388153076,11.245495181350975,2.2317397560874994,0.3136758804321289,11.386132444235216
2,direct,G1,14620,14620,0,1,3,true,true,7.719691550555581,24.404744165618922,20.2252779006958,6.980342388153076,11.276453035553004,1.5780078887939446,0.3136758804321289,11.365604638124474
2,direct,G1,14620,14620,0,1,3,true,true,7.719691550555581,24.388401482142132,20.501635925982303,6.980342388153076,11.260110352076214,1.8543659140804465,0.3136758804321289,11.371037031263437
2,direct,G1,14621,14621,0,1,3,true,true,7.719691550555581,24.564868927001953,20.180725883342276,6.980342388153076,11.436577796936035,1.5334558714404203,0.3136758804321289,11.521731650893907
2,direct,G1,14621,14621,0,1,3,true,true,7.719691550555581,24.404744165618922,20.2252779006958,6.980342388153076,11.276453035553004,1.5780078887939446,0.3136758804321289,11.365604638124474
2,direct,G1,14619,14619,0,1,3,true,true,7.719691550555581,24.388401482142132,20.501635925982303,6.980342388153076,11.260110352076214,1.8543659140804465,0.3136758804321289,11.371037031263437
2,direct,G1,14619,14619,0,1,3,true,true,7.719691550555581,24.373792687670157,20.736541748046875,6.980342388153076,11.24550155760424,2.089271736145019,0.3136758804321289,11.374939390258971
2,direct,G1,14618,14618,0,1,3,true,true,7.719691550555581,24.373792687670157,20.736541748046875,6.980342388153076,11.24550155760424,2.089271736145019,0.3136758804321289,11.374939390258971
2,direct,G1,14618,14618,0,1,3,true,true,7.719691550555581,24.373789900671476,20.79881314276354,6.980342388153076,11.245498770605558,2.1515431308616826,0.3136758804321289,11.379831765983157
2,direct,G1,14430,14430,0,1,4,true,true,0.7157750249372463,18.846580505371094,17.89818000793457,7.1584038734436035,5.718289375305176,-0.7490900039672859,0.49173736572265625,5.641707858419719
2,direct,G1,14430,14430,0,1,4,true,true,0.7157750249372463,19.025416347029086,17.907590747282573,7.1584038734436035,5.897125216963168,-0.7396792646192836,0.49173736572265625,5.820730061114125
2,direct,G1,14470,14470,0,1,4,true,true,0.7157750249372463,19.288551330566406,17.921437494782698,7.1584038734436035,6.160260200500488,-0.7258325171191586,0.49173736572265625,6.084139252035124
2,direct,G1,14470,14470,0,1,4,true,true,0.7157750249372463,19.558258659420808,17.93563009369667,7.1584038734436035,6.42996752935489,-0.7116399182051865,0.49173736572265625,6.354127637174821
2,direct,G1,14431,14431,0,1,4,true,true,0.7157750249372463,19.025416347029086,17.907590747282573,7.1584038734436035,5.897125216963168,-0.7396792646192836,0.49173736572265625,5.820730061114125
2,direct,G1,14431,14431,0,1,4,true,true,0.7157750249372463,19.288551330566406,17.921437494782698,7.1584038734436035,6.160260200500488,-0.7258325171191586,0.49173736572265625,6.084139252035124
2,direct,G1,14471,14471,0,1,4,true,true,0.7157750249372463,19.558258659420808,17.93563009369667,7.1584038734436035,6.42996752935489,-0.7116399182051865,0.49173736572265625,6.354127637174821
2,direct,G1,14471,14471,0,1,4,true,true,0.7157750249372463,19.852312088012695,17.951103838474054,7.1584038734436035,6.724020957946777,-0.6961661734278017,0.49173736572265625,6.648487492606013
2,direct,G1,14514,14514,0,1,4,true,true,0.7157750249372463,19.892577866108788,17.95322271318504,7.181887648539193,6.76428673604287,-0.6940472987168178,0.5152211408182454,6.688795230815181
2,direct,G1,14514,14514,0,1,4,true,true,0.7157750249372463,19.927135658627684,17.95504122101223,7.200640678405763,6.798844528561766,-0.6922287908896259,0.5339741706848153,6.723389035276484
2,direct,G1,14513,14513,0,1,4,true,true,0.7157750249372463,19.852312088012695,17.951103838474054,7.158403873443604,6.724020957946777,-0.6961661734278017,0.49173736572265714,6.648487492606013
2,direct,G1,14513,14513,0,1,4,true,true,0.7157750249372463,19.892577866108788,17.95322271318504,7.181887648539193,6.76428673604287,-0.6940472987168178,0.5152211408182454,6.688795230815181
2,direct,G1,15102,15102,0,1,4,true,true,0.7157750249372463,19.927135658627684,17.955041221012234,7.200640678405762,6.798844528561766,-0.6922287908896223,0.5339741706848145,6.723389035276484
2,direct,G1,15102,15102,0,1,4,true,true,0.7157750249372463,19.94589895612033,17.95602858741695,7.230342388153075,6.817607826054413,-0.6912414244849074,0.563675880432128,6.742171885603367
2,direct,G1,14420,14420,0,1,6,true,true,0.7187219073370645,18.985808326096972,20.312810475695738,7.180252102229009,5.857517196031054,1.6655404637938815,0.5135855945080614,5.970318922904832
2,direct,G1,14420,14420,0,1,6,true,true,0.7187219073370645,18.846580505371094,20.298179626464844,7.176299430035391,5.718289375305176,1.6509096145629876,0.5096329223144433,5.830371819169997
2,direct,G1,14421,14421,0,1,6,true,true,0.7187219073370645,19.288551330566406,20.34462442804381,7.185158693071603,6.160260200500488,1.6973544161419554,0.5184921853506559,6.274625967506907
2,direct,G1,14421,14421,0,1,6,true,true,0.7187219073370645,18.985808326096972,20.312810475695738,7.180252102229009,5.857517196031054,1.6655404637938815,0.5135855945080614,5.970318922904832
2,direct,G1,14460,14460,0,1,6,true,true,0.7187219073370645,19.43849176027475,20.360381018998407,7.188928555999457,6.310200630208833,1.7131110070965505,0.5222620482785096,6.425341024031088
2,direct,G1,14460,14460,0,1,6,true,true,0.7187219073370645,19.288551330566406,20.344624428043808,7.185158693071603,6.160260200500488,1.6973544161419518,0.5184921853506559,6.274625967506907
2,direct,G1,14461,14461,0,1,6,true,true,0.7187219073370645,19.852312088012695,20.403867606608884,7.199057154695235,6.724020957946777,1.7565975947070278,0.5323906469742878,6.841299242953072
2,direct,G1,14461,14461,0,1,6,true,true,0.7187219073370645,19.43849176027475,20.360381018998407,7.188928555999456,6.310200630208833,1.7131110070965505,0.5222620482785088,6.425341024031088
2,direct,G1,14504,14504,0,1,6,true,true,0.7187219073370645,19.854984366284295,20.4041484247693,7.200640678405762,6.726693236218377,1.7568784128674437,0.5339741706848145,6.843985326830088
2,direct,G1,14504,14504,0,1,6,true,true,0.7187219073370645,19.852312088012695,20.403867606608884,7.199057154695235,6.724020957946777,1.7565975947070278,0.5323906469742878,6.841299242953072
2,direct,G1,15092,15092,0,1,6,true,true,0.7187219073370645,19.860428895359917,20.40472056677097,7.212121342951641,6.732137765293999,1.7574505548691128,0.5454548352306938,6.849457983597685
2,direct,G1,15092,15092,0,1,6,true,true,0.7187219073370645,19.854984366284295,20.404148424769296,7.200640678405762,6.726693236218377,1.7568784128674402,0.5339741706848145,6.843985326830088
2,direct,G1,15091,15091,0,1,6,true,true,0.7187219073370645,19.886766469739843,20.407488268497904,7.230342388153076,6.758475339673925,1.7602182565960476,0.5636758804321289,6.875931623956738
2,direct,G1,15091,15091,0,1,6,true,true,0.7187219073370645,19.860428895359917,20.404720566770973,7.21212134295164,6.732137765293999,1.7574505548691164,0.5454548352306929,6.849457983597687
2,direct,G1,15312,15312,0,1,6,true,true,0.7187219073370645,24.354333877563477,20.876965595887835,7.221137927223732,11.226042747497559,2.229695583985979,0.5544714195027849,11.366579514625412
2,direct,G1,15312,15312,0,1,6,true,true,0.7187219073370645,24.354333877563477,20.876965595887835,7.230342388153076,11.226042747497559,2.229695583985979,0.5636758804321289,11.366579514625412
2,direct,G1,14618,14618,0,1,7,true,true,0.7187219073370645,24.373786311416893,20.879009767989356,6.980342388153076,11.245495181350975,2.2317397560874994,0.3136758804321289,11.386132444235216
2,direct,G1,14618,14618,0,1,7,true,true,0.7187219073370645,24.36239528656006,20.877812734476965,7.032565693959992,11.23410415649414,2.230542722575109,0.3658991862390444,11.37468257071874
2,direct,G1,14591,14591,0,1,7,true,true,0.7187219073370645,24.36239528656006,20.877812734476965,7.032565693959992,11.23410415649414,2.230542722575109,0.3658991862390444,11.37468257071874
2,direct,G1,14591,14591,0,1,7,true,true,0.7187219073370645,24.356551700865275,20.877198657341935,7.154379660216965,11.228260570799357,2.2299286454400793,0.4877131524960179,11.368808795713518
2,direct,G1,15312,15312,0,1,7,true,true,0.7187219073370645,24.354333877563477,20.876965595887835,7.200640678405762,11.226042747497559,2.229695583985979,0.5339741706848145,11.366579514625412
2,direct,G1,15312,15312,0,1,7,true,true,0.7187219073370645,24.354333877563477,20.876965595887835,7.221137927223732,11.226042747497559,2.229695583985979,0.5544714195027849,11.366579514625412
2,direct,G1,14592,14592,0,1,7,true,true,0.7187219073370645,24.35655170086528,20.877198657341935,7.154379660216965,11.22826057079936,2.2299286454400793,0.4877131524960179,11.368808795713523
2,direct,G1,14592,14592,0,1,7,true,true,0.7187219073370645,24.354333877563477,20.876965595887835,7.200640678405762,11.226042747497559,2.229695583985979,0.5339741706848145,11.366579514625412
2,direct,G1,15365,15365,0,1,8,true,true,0.7609632973390035,24.564868927001953,20.132552631713462,7.43528851591832,11.436577796936035,1.4852826198116063,0.7686220081973731,11.517944751769281
2,direct,G1,15365,15365,0,1,8,true,true,0.7609632973390035,24.564868927001953,20.132552631713462,7.566790580749512,11.436577796936035,1.4852826198116063,0.9001240730285645,11.517944751769281
2,direct,G1,16190,16190,0,1,8,true,true,0.7609632973390035,24.564868927001953,20.132552631713462,7.566790580749512,11.436577796936035,1.4852826198116063,0.9001240730285645,11.517944751769281
2,direct,G1,16190,16190,0,1,8,true,true,0.7609632973390035,24.564868927001953,20.151796342905065,7.638007063149111,11.436577796936035,1.504526331003209,0.9713405554281636,11.519457499831786
2,direct,G1,15364,15364,0,1,8,true,true,0.7609632973390035,24.564868927001953,20.132552631713462,7.230342388153076,11.436577796936035,1.4852826198116063,0.5636758804321289,11.517944751769281
2,direct,G1,15364,15364,0,1,8,true,true,0.7609632973390035,24.564868927001953,20.132552631713462,7.43528851591832,11.436577796936035,1.4852826198116063,0.7686220081973731,11.517944751769281
2,direct,G1,16191,16191,0,1,9,true,true,0.7609632973390035,24.564868927001953,18.19908905029297,7.750358699029368,11.436577796936035,-0.44818096160888743,1.0836921913084208,11.365955187095686
2,direct,G1,16191,16191,0,1,9,true,true,0.7609632973390035,24.564868927001953,18.254818722513964,7.608230419872038,11.436577796936035,-0.39245128938789264,0.941563912151091,11.3703360964139
2,direct,G1,15366,15366,0,1,9,true,true,0.7609632973390035,24.564868927001953,18.269127289582276,7.566790580749513,11.436577796936035,-0.37814272231958057,0.9001240730285653,11.37146089281592
2,direct,G1,15366,15366,0,1,9,true,true,0.7609632973390035,24.564868927001953,18.19908905029297,7.509227736139404,11.436577796936035,-0.44818096160888743,0.8425612284184565,11.365955187095686
2,direct,G1,16192,16192,0,1,9,true,true,0.7609632973390035,24.564868927001953,18.254818722513964,7.608230419872038,11.436577796936035,-0.39245128938789264,0.941563912151091,11.3703360964139
2,direct,G1,16192,16192,0,1,9,true,true,0.7609632973390035,24.564868927001953,18.269127289582276,7.566790580749512,11.436577796936035,-0.37814272231958057,0.9001240730285645,11.37146089281592
2,direct,G1,16190,16190,0,1,9,true,true,0.7609632973390035,24.564868927001953,20.151796342905065,7.638007063149111,11.436577796936035,1.504526331003209,0.9713405554281636,11.519457499831786
2,direct,G1,16190,16190,0,1,9,true,true,0.7609632973390035,24.564868927001953,20.151810962787557,7.63806116792099,11.436577796936035,1.5045409508857013,0.9713946602000432,11.519458649100692
2,direct,G1,16189,16189,0,1,9,true,true,0.7609632973390035,24.564868927001953,20.151810962787557,7.63806116792099,11.436577796936035,1.5045409508857013,0.9713946602000432,11.519458649100692
2,direct,G1,16189,16189,0,1,9,true,true,0.7609632973390035,24.564868927001953,20.173801130245568,7.765233993530273,11.436577796936035,1.526531118343712,1.0985674858093262,11.521187296079699
2,direct,G1,16986,16986,0,1,9,true,true,0.7609632973390035,24.564868927001953,20.173801130245568,7.765233993530274,11.436577796936035,1.526531118343712,1.098567485809327,11.521187296079699
2,direct,G1,16986,16986,0,1,9,true,true,0.7609632973390035,24.564868927001953,20.213941327722345,7.794018745422363,11.436577796936035,1.5666713158204892,1.127352237701416,11.524342716848434
2,direct,G1,14623,14623,0,1,10,true,true,0.7609632973390035,24.564868927001953,20.132552631713462,7.200640678405762,11.436577796936035,1.4852826198116063,0.5339741706848145,11.517944751769281
2,direct,G1,14623,14623,0,1,10,true,true,0.7609632973390035,24.564868927001953,20.173242864726113,7.099443075623197,11.436577796936035,1.5259728528242569,0.43277656790225016,11.521143410829369
2,direct,G1,15364,15364,0,1,10,true,true,0.7609632973390035,24.564868927001953,20.132552631713462,7.383989573534398,11.436577796936035,1.4852826198116063,0.7173230658134511,11.517944751769281
2,direct,G1,15364,15364,0,1,10,true,true,0.7609632973390035,24.564868927001953,20.132552631713462,7.200640678405762,11.436577796936035,1.4852826198116063,0.5339741706848145,11.517944751769281
2,direct,G1,14622,14622,0,1,10,true,true,0.7609632973390035,24.564868927001953,20.173242864726113,7.099443075623197,11.436577796936035,1.5259728528242569,0.43277656790225016,11.521143410829369
2,direct,G1,14622,14622,0,1,10,true,true,0.7609632973390035,24.564868927001953,20.17459903750345,7.07531890709976,11.436577796936035,1.5273290256015954,0.4086523993788127,11.521250019566162
2,direct,G1,14621,14621,0,1,10,true,true,0.7609632973390035,24.564868927001953,20.17459903750345,7.07531890709976,11.436577796936035,1.5273290256015954,0.4086523993788127,11.521250019566162
2,direct,G1,14621,14621,0,1,10,true,true,0.7609632973390035,24.564868927001953,20.180725883342276,6.980342388153076,11.436577796936035,1.5334558714404203,0.3136758804321289,11.521731650893907
2,direct,G1,15366,15366,0,1,11,true,true,0.7609632973390035,24.564868927001953,18.19908905029297,7.509227736139403,11.436577796936035,-0.44818096160888743,0.8425612284184556,11.365955187095686
2,direct,G1,15366,15366,0,1,11,true,true,0.7609632973390035,24.564868927001953,18.241420193755058,7.544018745422363,11.436577796936035,-0.4058498181467982,0.877352237701416,11.369282838119872
2,direct,G1,15365,15365,0,1,11,true,true,0.7609632973390035,24.564868927001953,20.132552631713462,7.544018745422363,11.436577796936035,1.4852826198116063,0.877352237701416,11.517944751769281
2,direct,G1,15365,15365,0,1,11,true,true,0.7609632973390035,24.564868927001953,20.132552631713462,7.43528851591832,11.436577796936035,1.4852826198116063,0.7686220081973731,11.517944751769281
2,direct,G1,15364,15364,0,1,11,true,true,0.7609632973390035,24.564868927001953,20.132552631713462,7.43528851591832,11.436577796936035,1.4852826198116063,0.7686220081973731,11.517944751769281
2,direct,G1,15364,15364,0,1,11,true,true,0.7609632973390035,24.564868927001953,20.132552631713462,7.383989573534398,11.436577796936035,1.4852826198116063,0.7173230658134511,11.517944751769281
2,direct,G1,14430,14430,0,1,16,true,true,0.2999999523162842,18.846580505371094,18.069773551322534,7.1584038734436035,5.718289375305176,-0.5774964605793222,0.49173736572265625,5.65519682620321
2,direct,G1,14430,14430,0,1,16,true,true,0.2999999523162842,18.846580505371094,17.89818000793457,7.1584038734436035,5.718289375305176,-0.7490900039672859,0.49173736572265625,5.641707858419719
2,direct,G1,14428,14428,0,1,16,true,true,0.2999999523162842,18.846580505371094,18.581037398673608,7.1584038734436035,5.718289375305176,-0.06623261322824803,0.49173736572265625,5.695387275270343
2,direct,G1,14428,14428,0,1,16,true,true,0.2999999523162842,18.846580505371094,18.180222511291504,7.1584038734436035,5.718289375305176,-0.4670475006103523,0.49173736572265625,5.663879218520113
2,direct,G1,14431,14431,0,1,16,true,true,0.2999999523162842,18.846580505371094,18.180222511291504,7.1584038734436035,5.718289375305176,-0.4670475006103523,0.49173736572265625,5.663879218520113
2,direct,G1,14431,14431,0,1,16,true,true,0.2999999523162842,18.846580505371094,18.069773551322534,7.1584038734436035,5.718289375305176,-0.5774964605793222,0.49173736572265625,5.65519682620321
2,direct,G1,14429,14429,0,1,16,true,true,0.2999999523162842,18.846580505371094,18.588789639376046,7.1584038734436035,5.718289375305176,-0.05848037252581051,0.49173736572265625,5.695996678882044
2,direct,G1,14429,14429,0,1,16,true,true,0.2999999523162842,18.846580505371094,18.581037398673608,7.1584038734436035,5.718289375305176,-0.06623261322824803,0.49173736572265625,5.695387275270343
2,direct,G1,14426,14426,0,1,17,true,true,0.2999999523162842,18.846580505371094,19.092301246024682,7.1584038734436035,5.718289375305176,0.4450312341228262,0.49173736572265625,5.735577724337476
2,direct,G1,14426,14426,0,1,17,true,true,0.2999999523162842,18.846580505371094,18.691486358642578,7.1584038734436035,5.718289375305176,0.044216346740721946,0.49173736572265625,5.7040696675872455
2,direct,G1,14424,14424,0,1,17,true,true,0.2999999523162842,18.846580505371094,19.603565093375757,7.1584038734436035,5.718289375305176,0.9562950814739004,0.49173736572265625,5.775768173404609
2,direct,G1,14424,14424,0,1,17,true,true,0.2999999523162842,18.846580505371094,19.202750205993652,7.1584038734436035,5.718289375305176,0.5554801940917962,0.49173736572265625,5.744260116654378
2,direct,G1,14429,14429,0,1,17,true,true,0.2999999523162842,18.846580505371094,18.691486358642578,7.1584038734436035,5.718289375305176,0.044216346740721946,0.49173736572265625,5.7040696675872455
2,direct,G1,14429,14429,0,1,17,true,true,0.2999999523162842,18.846580505371094,18.588789639376046,7.1584038734436035,5.718289375305176,-0.05848037252581051,0.49173736572265625,5.695996678882044
2,direct,G1,14427,14427,0,1,17,true,true,0.2999999523162842,18.846580505371094,19.202750205993652,7.1584038734436035,5.718289375305176,0.5554801940917962,0.49173736572265625,5.744260116654378
2,direct,G1,14427,14427,0,1,17,true,true,0.2999999523162842,18.846580505371094,19.092301246024682,7.1584038734436035,5.718289375305176,0.4450312341228262,0.49173736572265625,5.735577724337476
2,direct,G1,14425,14425,0,1,17,true,true,0.2999999523162842,18.846580505371094,19.714014053344727,7.1584038734436035,5.718289375305176,1.0667440414428704,0.49173736572265625,5.78445056572151
2,direct,G1,14425,14425,0,1,17,true,true,0.2999999523162842,18.846580505371094,19.603565093375757,7.1584038734436035,5.718289375305176,0.9562950814739004,0.49173736572265625,5.775768173404609
2,direct,G1,14422,14422,0,1,17,true,true,0.2999999523162842,18.846580505371094,20.11482894072683,7.15699305623915,5.718289375305176,1.4675589288249746,0.4903265485182029,5.815958622471742
2,direct,G1,14422,14422,0,1,17,true,true,0.2999999523162842,18.846580505371094,19.714014053344727,7.1584038734436035,5.718289375305176,1.0667440414428704,0.49173736572265625,5.78445056572151
2,direct,G1,14420,14420,0,1,17,true,true,0.2999999523162842,18.846580505371094,20.298179626464844,7.176299430035391,5.718289375305176,1.6509096145629876,0.5096329223144433,5.830371819169997
2,direct,G1,14420,14420,0,1,17,true,true,0.2999999523162842,18.846580505371094,20.2252779006958,7.156604290008545,5.718289375305176,1.5780078887939446,0.48993778228759766,5.824641014788644
2,direct,G1,14423,14423,0,1,17,true,true,0.2999999523162842,18.846580505371094,20.2252779006958,7.156604290008545,5.718289375305176,1.5780078887939446,0.48993778228759766,5.824641014788644
2,direct,G1,14423,14423,0,1,17,true,true,0.2999999523162842,18.846580505371094,20.11482894072683,7.15699305623915,5.718289375305176,1.4675589288249746,0.4903265485182029,5.815958622471742
2,direct,G1,16190,16190,0,1,18,true,true,0.33750009536743164,24.564868927001953,20.151810962787554,7.638061167920991,11.436577796936035,1.5045409508856977,0.9713946602000441,11.519458649100692
2,direct,G1,16190,16190,0,1,18,true,true,0.33750009536743164,24.564868927001953,20.14526005230707,7.613817777636772,11.436577796936035,1.497990040405213,0.9471512699158247,11.518943682053104
2,direct,G1,16189,16189,0,1,18,true,true,0.33750009536743164,24.564868927001953,20.173801130245568,7.765233993530273,11.436577796936035,1.526531118343712,1.0985674858093262,11.521187296079699
2,direct,G1,16189,16189,0,1,18,true,true,0.33750009536743164,24.564868927001953,20.151810962787557,7.6380611679209895,11.436577796936035,1.5045409508857013,0.9713946602000423,11.519458649100692
2,direct,G1,16986,16986,0,1,18,true,true,0.33750009536743164,24.564868927001953,20.213941327722345,7.794018745422362,11.436577796936035,1.5666713158204892,1.1273522377014151,11.524342716848434
2,direct,G1,16986,16986,0,1,18,true,true,0.33750009536743164,24.564868927001953,20.173801130245568,7.765233993530274,11.436577796936035,1.526531118343712,1.098567485809327,11.521187296079699
2,direct,G1,16191,16191,0,1,19,true,true,0.33750009536743164,24.564868927001953,18.254818722513964,7.608230419872038,11.436577796936035,-0.39245128938789264,0.941563912151091,11.3703360964139
2,direct,G1,16191,16191,0,1,19,true,true,0.33750009536743164,24.564868927001953,18.19908905029297,7.750358699029368,11.436577796936035,-0.44818096160888743,1.0836921913084208,11.365955187095686
2,direct,G1,15366,15366,0,1,19,true,true,0.33750009536743164,24.564868927001953,18.241420193755058,7.544018745422363,11.436577796936035,-0.4058498181467982,0.877352237701416,11.369282838119872
2,direct,G1,15366,15366,0,1,19,true,true,0.33750009536743164,24.564868927001953,18.269127289582276,7.566790580749512,11.436577796936035,-0.37814272231958057,0.9001240730285645,11.37146089281592
2,direct,G1,16192,16192,0,1,19,true,true,0.33750009536743164,24.564868927001953,18.269127289582276,7.566790580749512,11.436577796936035,-0.37814272231958057,0.9001240730285645,11.37146089281592
2,direct,G1,16192,16192,0,1,19,true,true,0.33750009536743164,24.564868927001953,18.254818722513964,7.608230419872038,11.436577796936035,-0.39245128938789264,0.941563912151091,11.3703360964139
2,direct,G1,15365,15365,0,1,19,true,true,0.33750009536743164,24.564868927001953,20.132552631713462,7.566790580749512,11.436577796936035,1.4852826198116063,0.9001240730285645,11.517944751769281
2,direct,G1,15365,15365,0,1,19,true,true,0.33750009536743164,24.564868927001953,20.132552631713462,7.544018745422363,11.436577796936035,1.4852826198116063,0.877352237701416,11.517944751769281
2,direct,G1,16190,16190,0,1,19,true,true,0.33750009536743164,24.564868927001953,20.14526005230707,7.613817777636772,11.436577796936035,1.497990040405213,0.9471512699158247,11.518943682053104
2,direct,G1,16190,16190,0,1,19,true,true,0.33750009536743164,24.564868927001953,20.132552631713462,7.566790580749512,11.436577796936035,1.4852826198116063,0.9001240730285645,11.517944751769281
2,direct,G1,16987,16987,0,2,0,true,true,7.719691550555581,24.926156044006348,18.46602737068487,7.794018745422363,11.79786491394043,-0.1812426412169863,1.127352237701416,11.747108301986719
2,direct,G1,16987,16987,0,2,0,true,true,7.719691550555581,24.77063704622429,18.317869739156496,7.794018745422363,11.642345916158373,-0.3294002727453602,1.127352237701416,11.580423895279768
2,direct,G1,17022,17022,0,2,0,true,true,7.719691550555581,25.009907858307614,18.589275241650217,7.794018745422363,11.881616728241696,-0.05799477025163924,1.127352237701416,11.840289456447142
2,direct,G1,17022,17022,0,2,0,true,true,7.719691550555581,24.926156044006348,18.46602737068487,7.794018745422363,11.79786491394043,-0.1812426412169863,1.127352237701416,11.747108301986719
2,direct,G1,17023,17023,0,2,0,true,true,7.719691550555581,25.12261388975787,18.691486358642578,7.794018745422363,11.99432275969195,0.044216346740721946,1.127352237701416,11.960681528522949
2,direct,G1,17023,17023,0,2,0,true,true,7.719691550555581,25.009907858307614,18.589275241650217,7.794018745422363,11.881616728241696,-0.05799477025163924,1.127352237701416,11.840289456447142
2,direct,G1,17020,17020,0,2,0,true,true,7.719691550555581,25.394265544061454,19.10053908900129,7.794018745422363,12.265974413995536,0.453269077099435,1.127352237701416,12.263648175700945
2,direct,G1,17020,17020,0,2,0,true,true,7.719691550555581,25.12261388975787,18.691486358642578,7.794018745422363,11.99432275969195,0.044216346740721946,1.127352237701416,11.960681528522949
2,direct,G1,17053,17053,0,2,0,true,true,7.719691550555581,25.513639848249287,19.181235363757583,7.794018745422363,12.38534871818337,0.533965351855727,1.127352237701416,12.388996603519923
2,direct,G1,17053,17053,0,2,0,true,true,7.719691550555581,25.48991584777832,19.181235363757583,7.794018745422363,12.361624717712402,0.533965351855727,1.127352237701416,12.365346018246626
2,direct,G1,17021,17021,0,2,0,true,true,7.719691550555581,25.48991584777832,19.18123536375758,7.794018745422363,12.361624717712402,0.5339653518557235,1.127352237701416,12.365346018246626
2,direct,G1,17021,17021,0,2,0,true,true,7.719691550555581,25.394265544061454,19.100539089001288,7.794018745422363,12.265974413995536,0.45326907709943143,1.127352237701416,12.263648175700945
2,direct,G1,17054,17054,0,2,0,true,true,7.719691550555581,25.513639848249287,19.202750205993652,7.794018745422363,12.38534871818337,0.5554801940917962,1.127352237701416,12.390687885185068
2,direct,G1,17054,17054,0,2,0,true,true,7.719691550555581,25.513639848249287,19.181235363757583,7.794018745422363,12.38534871818337,0.533965351855727,1.127352237701416,12.388996603519923
2,direct,G1,17052,17052,0,2,0,true,true,7.719691550555581,26.05367660522461,19.611802936352365,7.794018745422363,12.925385475158691,0.9645329244505092,1.127352237701416,12.961209102874404
2,direct,G1,17052,17052,0,2,0,true,true,7.719691550555581,25.513639848249284,19.202750205993652,7.794018745422363,12.385348718183366,0.5554801940917962,1.127352237701416,12.390687885185063
2,direct,G1,17079,17079,0,2,0,true,true,7.719691550555581,26.166382827332033,19.611802936352362,7.794018745422363,13.038091697266115,0.9645329244505056,1.127352237701416,13.073566549505076
2,direct,G1,17079,17079,0,2,0,true,true,7.719691550555581,26.05367660522461,19.611802936352362,7.794018745422363,12.925385475158691,0.9645329244505056,1.127352237701416,12.961209102874404
2,direct,G1,17017,17017,0,2,0,true,true,7.719691550555581,25.038862075456603,20.064635322293675,7.794018745422363,11.910570945390685,1.4173653103918191,1.127352237701416,11.985132123456639
2,direct,G1,17017,17017,0,2,0,true,true,7.719691550555581,25.48991584777832,19.82162504269788,7.794018745422363,12.361624717712402,1.1743550307960255,1.127352237701416,12.41568704843665
2,direct,G1,16986,16986,0,2,0,true,true,7.719691550555581,24.564868927001953,20.213941327722345,7.794018745422363,11.436577796936035,1.5666713158204892,1.127352237701416,11.524342716848434
2,direct,G1,16986,16986,0,2,0,true,true,7.719691550555581,24.926156044006348,20.064635322293675,7.794018745422363,11.79786491394043,1.4173653103918191,1.127352237701416,11.872774866893135
2,direct,G1,17018,17018,0,2,0,true,true,7.719691550555581,24.926156044006348,20.064635322293675,7.794018745422363,11.79786491394043,1.4173653103918191,1.127352237701416,11.872774866893135
2,direct,G1,17018,17018,0,2,0,true,true,7.719691550555581,25.038862075456603,20.064635322293675,7.794018745422363,11.910570945390685,1.4173653103918191,1.127352237701416,11.985132123456639
2,direct,G1,17048,17048,0,2,0,true,true,7.719691550555581,25.48991584777832,19.82162504269788,7.794018745422363,12.361624717712402,1.1743550307960255,1.127352237701416,12.41568704843665
2,direct,G1,17048,17048,0,2,0,true,true,7.719691550555581,25.940970383117186,19.81622517033709,7.794018745422363,12.812679253051268,1.1689551584352351,1.127352237701416,12.86492128726834
2,direct,G1,17049,17049,0,2,0,true,true,7.719691550555581,25.940970383117186,19.81622517033709,7.794018745422363,12.812679253051268,1.1689551584352351,1.127352237701416,12.86492128726834
2,direct,G1,17049,17049,0,2,0,true,true,7.719691550555581,26.05367660522461,19.81622517033709,7.794018745422363,12.925385475158691,1.1689551584352351,1.127352237701416,12.977278733899011
2,direct,G1,17077,17077,0,2,0,true,true,7.719691550555581,26.05367660522461,19.816225170337088,7.794018745422363,12.925385475158691,1.1689551584352316,1.127352237701416,12.977278733899011
2,direct,G1,17077,17077,0,2,0,true,true,7.719691550555581,26.166382827332033,19.714014053344727,7.794018745422363,13.038091697266115,1.0667440414428704,1.127352237701416,13.081601365017379
2,direct,G1,17080,17080,0,2,0,true,true,7.719691550555581,26.166382827332033,19.714014053344727,7.794018745422363,13.038091697266115,1.0667440414428704,1.127352237701416,13.081601365017379
2,direct,G1,17080,17080,0,2,0,true,true,7.719691550555581,26.166382827332033,19.611802936352365,7.794018745422363,13.038091697266115,0.9645329244505092,1.127352237701416,13.073566549505076
2,direct,G1,17148,17148,0,2,0,true,true,7.719691550555581,27.632252655456053,20.68729204317197,7.794018745422363,14.503961525390135,2.0400220312701123,1.127352237701416,14.619444359003564
2,direct,G1,17148,17148,0,2,0,true,true,7.719691550555581,27.576582924292644,20.736541748046875,7.794018745422363,14.448291794226726,2.089271736145019,1.127352237701416,14.567818419932788
2,direct,G1,17188,17188,0,2,0,true,true,7.719691550555581,27.83857955566501,20.634330631054514,7.794018745422363,14.710288425599092,1.9870606191526576,1.127352237701416,14.820969473101089
2,direct,G1,17188,17188,0,2,0,true,true,7.719691550555581,27.744958877563477,20.585080926179604,7.794018745422363,14.616667747497559,1.9378109142777475,1.127352237701416,14.723766990121934
2,direct,G1,17187,17187,0,2,0,true,true,7.719691550555581,28.308717727661133,20.918742612966145,7.794018745422363,15.180426597595215,2.271472601064289,1.127352237701416,15.312010401994078
2,direct,G1,17187,17187,0,2,0,true,true,7.719691550555581,27.951285396458097,20.736541748046875,7.794018745422363,14.822994266392179,2.089271736145019,1.127352237701416,14.941361355109727
2,direct,G1,17198,17198,0,2,0,true,true,7.719691550555581,28.759772263,20.96224069457475,7.794018745422363,15.63148113293408,2.314970682672893,1.127352237701416,15.765088508798588
2,direct,G1,17198,17198,0,2,0,true,true,7.719691550555581,28.308717727661133,20.91874261296615,7.794018745422363,15.180426597595215,2.2714726010642927,1.127352237701416,15.312010401994078
2,direct,G1,17208,17208,0,2,0,true,true,7.719691550555581,29.323533020446288,20.962240694574746,7.794018745422363,16.19524189038037,2.3149706826728895,1.127352237701416,16.327104678206393
2,direct,G1,17208,17208,0,2,0,true,true,7.719691550555581,28.872478485107422,20.962240694574746,7.794018745422363,15.744187355041504,2.3149706826728895,1.127352237701416,15.877445955429263
2,direct,G1,17146,17146,0,2,0,true,true,7.719691550555581,27.576582924292648,20.838752865039236,7.794018745422363,14.44829179422673,2.19148285313738,1.127352237701416,14.575853235445095
2,direct,G1,17146,17146,0,2,0,true,true,7.719691550555581,27.526022306163007,21.210264608716354,7.794018745422363,14.39773117609709,2.562994596814498,1.127352237701416,14.554653616609057
2,direct,G1,17147,17147,0,2,0,true,true,7.719691550555581,27.576582924292644,20.736541748046875,7.794018745422363,14.448291794226726,2.089271736145019,1.127352237701416,14.567818419932788
2,direct,G1,17147,17147,0,2,0,true,true,7.719691550555581,27.576582924292644,20.838752865039236,7.794018745422363,14.448291794226726,2.19148285313738,1.127352237701416,14.57585323544509
2,direct,G1,17149,17149,0,2,0,true,true,7.719691550555581,27.744958877563477,20.585080926179604,7.794018745422363,14.616667747497559,1.9378109142777475,1.127352237701416,14.723766990121934
2,direct,G1,17149,17149,0,2,0,true,true,7.719691550555581,27.63225265545605,20.687292043171965,7.794018745422363,14.503961525390132,2.0400220312701087,1.127352237701416,14.61944435900356
2,direct,G1,17189,17189,0,2,0,true,true,7.719691550555581,27.951285396458097,20.736541748046875,7.794018745422363,14.822994266392179,2.089271736145019,1.127352237701416,14.941361355109727
2,direct,G1,17189,17189,0,2,0,true,true,7.719691550555581,27.83857955566501,20.634330631054514,7.794018745422363,14.710288425599092,1.9870606191526576,1.127352237701416,14.820969473101089
2,direct,G1,17197,17197,0,2,0,true,true,7.719691550555581,28.872478485107422,20.962240694574746,7.794018745422363,15.744187355041504,2.3149706826728895,1.127352237701416,15.877445955429263
2,direct,G1,17197,17197,0,2,0,true,true,7.719691550555581,28.759772263,20.962240694574746,7.794018745422363,15.63148113293408,2.3149706826728895,1.127352237701416,15.765088508798588
2,direct,G1,17207,17207,0,2,0,true,true,7.719691550555581,29.351577291888052,20.962240694574746,7.794018745422363,16.223286161822134,2.3149706826728895,1.127352237701416,16.3550621651392
2,direct,G1,17207,17207,0,2,0,true,true,7.719691550555581,29.323533020446288,20.962240694574746,7.794018745422363,16.19524189038037,2.3149706826728895,1.127352237701416,16.327104678206393
2,direct,G1,16987,16987,0,2,1,true,true,8.577432632446289,24.77063704622429,18.317869739156492,7.794018745422363,11.642345916158373,-0.32940027274536376,1.127352237701416,11.580423895279768
2,direct,G1,16987,16987,0,2,1,true,true,8.577432632446289,24.65069542740802,18.20360546007208,7.794018745422363,11.522404297342103,-0.4436645518297766,1.127352237701416,11.451871127727353
2,direct,G1,17111,17111,0,2,1,true,true,8.577432632446289,27.054788723412635,18.330114992915604,7.794018745422363,13.926497593346717,-0.3171550189862522,1.127352237701416,13.858469741387198
2,direct,G1,17111,17111,0,2,1,true,true,8.577432632446289,27.181198120117188,18.5052773646416,7.794018745422363,14.05290699005127,-0.14199264726025618,1.127352237701416,13.998257470768273
2,direct,G1,17158,17158,0,2,1,true,true,8.577432632446289,27.181198120117188,18.5052773646416,7.794018745422363,14.05290699005127,-0.14199264726025618,1.127352237701416,13.998257470768273
2,direct,G1,17158,17158,0,2,1,true,true,8.577432632446289,27.3510915184292,18.691486358642578,7.794018745422363,14.222800388363282,0.044216346740721946,1.127352237701416,14.18226301310539
2,direct,G1,17156,17156,0,2,1,true,true,8.577432632446289,27.351091518429197,18.691486358642578,7.794018745422363,14.222800388363279,0.044216346740721946,1.127352237701416,14.182263013105386
2,direct,G1,17156,17156,0,2,1,true,true,8.577432632446289,27.72123487709251,19.181235363757583,7.794018745422363,14.592943747026592,0.533965351855727,1.127352237701416,14.589760110604542
2,direct,G1,17157,17157,0,2,1,true,true,8.577432632446289,27.721234877092513,19.181235363757583,7.794018745422363,14.592943747026595,0.533965351855727,1.127352237701416,14.589760110604548
2,direct,G1,17157,17157,0,2,1,true,true,8.577432632446289,27.721234877092513,19.202750205993652,7.794018745422363,14.592943747026595,0.5554801940917962,1.127352237701416,14.591451392269693
2,direct,G1,17153,17153,0,2,1,true,true,8.577432632446289,27.721234877092513,19.202750205993652,7.794018745422363,14.592943747026595,0.5554801940917962,1.127352237701416,14.591451392269693
2,direct,G1,17153,17153,0,2,1,true,true,8.577432632446289,27.721234877092513,19.22426504822972,7.794018745422363,14.592943747026595,0.5769950363278653,1.127352237701416,14.593142673934839
2,direct,G1,17204,17204,0,2,1,true,true,8.577432632446289,28.3324417281321,19.22426504822972,7.794018745422363,15.204150598066182,0.5769950363278653,1.127352237701416,15.202458112442988
2,direct,G1,17204,17204,0,2,1,true,true,8.577432632446289,28.55309629307183,19.304961322986017,7.794018745422363,15.424805163005914,0.6576913110841609,1.127352237701416,15.428773383790144
2,direct,G1,17203,17203,0,2,1,true,true,8.577432632446289,28.553096293071828,19.304961322986017,7.794018745422363,15.42480516300591,0.6576913110841609,1.127352237701416,15.428773383790142
2,direct,G1,17203,17203,0,2,1,true,true,8.577432632446289,28.872478485107422,19.44771267528727,7.794018745422363,15.744187355041504,0.8004426633854145,1.127352237701416,15.758388913678132
2,direct,G1,17213,17213,0,2,1,true,true,8.577432632446289,28.985184707214845,19.44771267528727,7.794018745422363,15.856893577148927,0.8004426633854145,1.127352237701416,15.870746360308807
2,direct,G1,17213,17213,0,2,1,true,true,8.577432632446289,29.43623924255371,19.488315106816852,7.794018745422363,16.307948112487793,0.8410450949149961,1.127352237701416,16.32359684007178
2,direct,G1,17221,17221,0,2,1,true,true,8.577432632446289,29.548945464661134,19.488315106816852,7.794018745422363,16.420654334595216,0.8410450949149961,1.127352237701416,16.435954286702454
2,direct,G1,17221,17221,0,2,1,true,true,8.577432632446289,30,19.488315106816852,7.794018745422363,16.871708869934082,0.8410450949149961,1.127352237701416,16.885613009479584
2,direct,G1,17154,17154,0,2,1,true,true,8.577432632446289,27.721234877092513,19.22426504822972,7.794018745422363,14.592943747026595,0.5769950363278653,1.127352237701416,14.593142673934839
2,direct,G1,17154,17154,0,2,1,true,true,8.577432632446289,27.721234877092513,19.714014053344727,7.794018745422363,14.592943747026595,1.0667440414428704,1.127352237701416,14.631641841336824
2,direct,G1,17194,17194,0,2,1,true,true,8.577432632446289,27.768682797770005,19.714014053344727,7.794018745422363,14.640391667704087,1.0667440414428704,1.127352237701416,14.67894293186736
2,direct,G1,17194,17194,0,2,1,true,true,8.577432632446289,28.308717727661133,19.22426504822972,7.794018745422363,15.180426597595215,0.5769950363278653,1.127352237701416,15.178807527169692
2,direct,G1,41520,41520,0,2,1,true,true,8.577432632446289,30,19.488315106816852,7.794018745422363,16.871708869934082,0.8410450949149961,1.127352237701416,16.885613009479584
2,direct,G1,41520,41520,0,2,1,true,true,8.577432632446289,30,19.714014053344727,7.794018745422363,16.871708869934082,1.0667440414428704,1.127352237701416,16.90335520279509
2,direct,G1,41518,41518,0,2,1,true,true,8.577432632446289,30,19.714014053344727,7.794018745422363,16.871708869934082,1.0667440414428704,1.127352237701416,16.90335520279509
2,direct,G1,41518,41518,0,2,1,true,true,8.577432632446289,30,19.905911952646836,7.794018745422363,16.871708869934082,1.2586419407449796,1.127352237701416,16.918440295918636
2,direct,G1,41527,41527,0,2,1,true,true,8.577432632446289,30,19.905911952646836,7.794018745422363,16.871708869934082,1.2586419407449796,1.127352237701416,16.918440295918636
2,direct,G1,41527,41527,0,2,1,true,true,8.577432632446289,30,20.2252779006958,7.794018745422363,16.871708869934082,1.5780078887939446,1.127352237701416,16.943545651862227
2,direct,G1,41525,41525,0,2,1,true,true,8.577432632446289,30,20.2252779006958,7.794018745422363,16.871708869934082,1.5780078887939446,1.127352237701416,16.943545651862227
2,direct,G1,41525,41525,0,2,1,true,true,8.577432632446289,30,20.544643848744766,7.794018745422363,16.871708869934082,1.8973738368429096,1.127352237701416,16.968651007805818
2,direct,G1,41522,41522,0,2,1,true,true,8.577432632446289,30,20.544643848744766,7.794018745422363,16.871708869934082,1.8973738368429096,1.127352237701416,16.968651007805818
2,direct,G1,41522,41522,0,2,1,true,true,8.577432632446289,30,20.736541748046875,7.794018745422363,16.871708869934082,2.089271736145019,1.127352237701416,16.98373610092936
2,direct,G1,41526,41526,0,2,1,true,true,8.577432632446289,30,20.736541748046875,7.794018745422363,16.871708869934082,2.089271736145019,1.127352237701416,16.98373610092936
2,direct,G1,41526,41526,0,2,1,true,true,8.577432632446289,30,20.96224069457475,7.794018745422363,16.871708869934082,2.314970682672893,1.127352237701416,17.00147829424487
2,direct,G1,17216,17216,0,2,1,true,true,8.577432632446289,29.887293777892577,20.96224069457475,7.794018745422363,16.75900264782666,2.314970682672893,1.127352237701416,16.889120847614194
2,direct,G1,17216,17216,0,2,1,true,true,8.577432632446289,29.43623924255371,20.96224069457475,7.794018745422363,16.307948112487793,2.314970682672893,1.127352237701416,16.439462124837064
2,direct,G1,17191,17191,0,2,1,true,true,8.577432632446289,27.74495887756348,19.735528895580796,7.794018745422363,14.616667747497562,1.0882588836789395,1.127352237701416,14.656983708275266
2,direct,G1,17191,17191,0,2,1,true,true,8.577432632446289,27.768682797770005,19.714014053344727,7.794018745422363,14.640391667704087,1.0667440414428704,1.127352237701416,14.67894293186736
2,direct,G1,17151,17151,0,2,1,true,true,8.577432632446289,27.72123487709251,19.714014053344727,7.794018745422363,14.592943747026592,1.0667440414428704,1.127352237701416,14.63164184133682
2,direct,G1,17151,17151,0,2,1,true,true,8.577432632446289,27.73090475126416,19.726759471659218,7.794018745422363,14.602613621198241,1.0794894597573617,1.127352237701416,14.642283708846364
2,direct,G1,17152,17152,0,2,1,true,true,8.577432632446289,27.73090475126416,19.726759471659218,7.794018745422363,14.602613621198241,1.0794894597573617,1.127352237701416,14.642283708846364
2,direct,G1,17152,17152,0,2,1,true,true,8.577432632446289,27.744958877563477,19.735528895580796,7.794018745422363,14.616667747497559,1.0882588836789395,1.127352237701416,14.656983708275263
2,direct,G1,17205,17205,0,2,1,true,true,8.577432632446289,28.308717727661133,19.22426504822972,7.794018745422363,15.180426597595215,0.5769950363278653,1.127352237701416,15.178807527169692
2,direct,G1,17205,17205,0,2,1,true,true,8.577432632446289,28.3324417281321,19.22426504822972,7.794018745422363,15.204150598066182,0.5769950363278653,1.127352237701416,15.202458112442988
2,direct,G1,17214,17214,0,2,1,true,true,8.577432632446289,28.872478485107422,19.44771267528727,7.794018745422363,15.744187355041504,0.8004426633854145,1.127352237701416,15.758388913678132
2,direct,G1,17214,17214,0,2,1,true,true,8.577432632446289,28.985184707214845,19.44771267528727,7.794018745422363,15.856893577148927,0.8004426633854145,1.127352237701416,15.870746360308807
2,direct,G1,17207,17207,0,2,1,true,true,8.577432632446289,29.43623924255371,20.96224069457475,7.794018745422363,16.307948112487793,2.314970682672893,1.127352237701416,16.439462124837064
2,direct,G1,17207,17207,0,2,1,true,true,8.577432632446289,29.351577291888052,20.96224069457475,7.794018745422363,16.223286161822134,2.314970682672893,1.127352237701416,16.3550621651392
2,direct,G1,17222,17222,0,2,1,true,true,8.577432632446289,29.43623924255371,19.488315106816852,7.794018745422363,16.307948112487793,0.8410450949149961,1.127352237701416,16.32359684007178
2,direct,G1,17222,17222,0,2,1,true,true,8.577432632446289,29.548945464661134,19.488315106816852,7.794018745422363,16.420654334595216,0.8410450949149961,1.127352237701416,16.435954286702454
2,direct,G1,17215,17215,0,2,1,true,true,8.577432632446289,30,20.96224069457475,7.794018745422363,16.871708869934082,2.314970682672893,1.127352237701416,17.00147829424487
2,direct,G1,17215,17215,0,2,1,true,true,8.577432632446289,29.887293777892577,20.96224069457475,7.794018745422363,16.75900264782666,2.314970682672893,1.127352237701416,16.889120847614194
2,direct,G1,15366,15366,0,2,2,true,true,7.719691550555581,24.564868927001953,18.241420193755058,7.544018745422363,11.436577796936035,-0.4058498181467982,0.877352237701416,11.369282838119872
2,direct,G1,15366,15366,0,2,2,true,true,7.719691550555581,24.926156044006348,18.578254703794364,7.544018745422363,11.79786491394043,-0.06901530810749179,0.877352237701416,11.755930492209334
2,direct,G1,15412,15412,0,2,2,true,true,7.719691550555581,24.989891565979708,18.65968950149178,7.544018745422363,11.86160043591379,0.012419489589923671,0.877352237701416,11.825870370308683
2,direct,G1,15412,15412,0,2,2,true,true,7.719691550555581,24.999243928191262,18.691486358642578,7.544018745422363,11.870952798125344,0.044216346740721946,0.877352237701416,11.837693341949397
2,direct,G1,15408,15408,0,2,2,true,true,7.719691550555581,24.999243928191266,18.691486358642578,7.544018745422363,11.870952798125348,0.044216346740721946,0.877352237701416,11.8376933419494
2,direct,G1,15408,15408,0,2,2,true,true,7.719691550555581,25.013504261005956,18.723283215793376,7.544018745422363,11.885213130940038,0.07601320389152022,0.877352237701416,11.854409096213777
2,direct,G1,15406,15406,0,2,2,true,true,7.719691550555581,25.15849477690565,19.202750205993652,7.544018745422363,12.03020364683973,0.5554801940917962,0.877352237701416,12.036641829399375
2,direct,G1,15406,15406,0,2,2,true,true,7.719691550555581,25.15736856938879,19.23454706314445,7.544018745422363,12.029077439322872,0.5872770512425944,0.877352237701416,12.038018657810266
2,direct,G1,15410,15410,0,2,2,true,true,7.719691550555581,24.926156044006348,18.578254703794364,7.544018745422363,11.79786491394043,-0.06901530810749179,0.877352237701416,11.755930492209334
2,direct,G1,15410,15410,0,2,2,true,true,7.719691550555581,24.934558235351037,18.57948394204442,7.544018745422363,11.80626710528512,-0.06778606985743707,0.877352237701416,11.764403312934302
2,direct,G1,15411,15411,0,2,2,true,true,7.719691550555581,24.934558235351037,18.57948394204442,7.544018745422363,11.80626710528512,-0.06778606985743707,0.877352237701416,11.764403312934302
2,direct,G1,15411,15411,0,2,2,true,true,7.719691550555581,24.98989156597971,18.65968950149178,7.544018745422363,11.861600435913793,0.012419489589923671,0.877352237701416,11.825870370308689
2,direct,G1,15409,15409,0,2,2,true,true,7.719691550555581,25.013504261005956,18.723283215793376,7.544018745422363,11.885213130940038,0.07601320389152022,0.877352237701416,11.854409096213777
2,direct,G1,15409,15409,0,2,2,true,true,7.719691550555581,25.15849477690565,19.202750205993652,7.544018745422363,12.03020364683973,0.5554801940917962,0.877352237701416,12.036641829399375
2,direct,G1,15365,15365,0,2,2,true,true,7.719691550555581,24.926156044006348,19.97087287902832,7.544018745422363,11.79786491394043,1.3236028671264641,0.877352237701416,11.865404201589904
2,direct,G1,15365,15365,0,2,2,true,true,7.719691550555581,24.564868927001953,20.132552631713462,7.544018745422363,11.436577796936035,1.4852826198116063,0.877352237701416,11.517944751769281
2,direct,G1,15404,15404,0,2,2,true,true,7.719691550555581,25.124978255432712,19.72998878621602,7.544018745422363,11.996687125366794,1.0827187743141629,0.877352237701416,12.04467524936445
2,direct,G1,15404,15404,0,2,2,true,true,7.719691550555581,24.926156044006348,19.97087287902832,7.544018745422363,11.79786491394043,1.3236028671264641,0.877352237701416,11.865404201589904
2,direct,G1,15405,15405,0,2,2,true,true,7.719691550555581,25.15586693428679,19.714014053344727,7.544018745422363,12.027575804220874,1.0667440414428704,0.877352237701416,12.07421256784822
2,direct,G1,15405,15405,0,2,2,true,true,7.719691550555581,25.124978255432712,19.72998878621602,7.544018745422363,11.996687125366794,1.0827187743141629,0.877352237701416,12.04467524936445
2,direct,G1,15407,15407,0,2,2,true,true,7.719691550555581,25.15736856938879,19.23454706314445,7.544018745422363,12.029077439322872,0.5872770512425944,0.877352237701416,12.038018657810266
2,direct,G1,15407,15407,0,2,2,true,true,7.719691550555581,25.15586693428679,19.714014053344727,7.544018745422363,12.027575804220874,1.0667440414428704,0.877352237701416,12.07421256784822
2,direct,G1,15609,15609,0,2,2,true,true,7.719691550555581,27.744958877563477,20.723306276903966,7.544018745422363,14.616667747497559,2.0760362650021094,0.877352237701416,14.734632884408919
2,direct,G1,15609,15609,0,2,2,true,true,7.719691550555581,27.76998727973212,20.695088455996565,7.544018745422363,14.641696149666203,2.047818444094709,0.877352237701416,14.757365632045932
2,direct,G1,15608,15608,0,2,2,true,true,7.719691550555581,27.76998727973212,20.695088455996565,7.544018745422363,14.641696149666203,2.047818444094709,0.877352237701416,14.757365632045932
2,direct,G1,15608,15608,0,2,2,true,true,7.719691550555581,27.78874750389088,20.72704470755243,7.544018745422363,14.660456373824964,2.079774695650574,0.877352237701416,14.778579882491737
2,direct,G1,15571,15571,0,2,2,true,true,7.719691550555581,27.73895233715548,20.732962711803474,7.544018745422363,14.610661207089564,2.0856926999016174,0.877352237701416,14.729404023874023
2,direct,G1,15571,15571,0,2,2,true,true,7.719691550555581,27.744958877563473,20.723306276903966,7.544018745422363,14.616667747497555,2.0760362650021094,0.877352237701416,14.734632884408915
2,direct,G1,15570,15570,0,2,2,true,true,7.719691550555581,27.73831972027246,20.736541748046875,7.544018745422363,14.610028590206543,2.089271736145019,0.877352237701416,14.729054712683315
2,direct,G1,15570,15570,0,2,2,true,true,7.719691550555581,27.73895233715548,20.732962711803474,7.544018745422363,14.610661207089564,2.0856926999016174,0.877352237701416,14.729404023874023
2,direct,G1,15610,15610,0,2,2,true,true,7.719691550555581,27.78874750389088,20.72704470755243,7.544018745422363,14.660456373824964,2.079774695650574,0.877352237701416,14.778579882491737
2,direct,G1,15610,15610,0,2,2,true,true,7.719691550555581,27.820881048703612,20.736541748046875,7.544018745422363,14.692589918637694,2.089271736145019,0.877352237701416,14.811360550635355
2,direct,G1,15606,15606,0,2,2,true,true,7.719691550555581,27.820881048703612,20.73654174804688,7.544018745422363,14.692589918637694,2.0892717361450224,0.877352237701416,14.811360550635355
2,direct,G1,15606,15606,0,2,2,true,true,7.719691550555581,28.308717727661133,20.94658141644256,7.544018745422363,15.180426597595215,2.2993114045407026,0.877352237701416,15.314198810227923
2,direct,G1,15568,15568,0,2,2,true,true,7.719691550555581,27.736993751489713,20.768338605197673,7.544018745422363,14.608702621423795,2.121068593295817,0.877352237701416,14.730232398000316
2,direct,G1,15568,15568,0,2,2,true,true,7.719691550555581,27.738319720272465,20.736541748046875,7.544018745422363,14.610028590206547,2.089271736145019,0.877352237701416,14.729054712683316
2,direct,G1,15618,15618,0,2,2,true,true,7.719691550555581,28.308717727661133,20.94658141644256,7.544018745422363,15.180426597595215,2.2993114045407026,0.877352237701416,15.314198810227923
2,direct,G1,15618,15618,0,2,2,true,true,7.719691550555581,28.356019285406095,20.945162448003703,7.544018745422363,15.227728155340177,2.297892436101847,0.877352237701416,15.361242445650406
2,direct,G1,15628,15628,0,2,2,true,true,7.719691550555581,28.872478485107422,21.06114835824102,7.544018745422363,15.744187355041504,2.413878346339164,0.877352237701416,15.885221086488347
2,direct,G1,15628,15628,0,2,2,true,true,7.719691550555581,28.919780042852384,21.06114835824102,7.544018745422363,15.791488912786466,2.413878346339164,0.877352237701416,15.932376267014334
2,direct,G1,15619,15619,0,2,2,true,true,7.719691550555581,28.356019285406095,20.945162448003703,7.544018745422363,15.227728155340177,2.297892436101847,0.877352237701416,15.361242445650406
2,direct,G1,15619,15619,0,2,2,true,true,7.719691550555581,28.872478485107422,21.06114835824102,7.544018745422363,15.744187355041504,2.413878346339164,0.877352237701416,15.885221086488347
2,direct,G1,15636,15636,0,2,2,true,true,7.719691550555581,29.43623924255371,21.06114835824102,7.544018745422363,16.307948112487793,2.413878346339164,0.877352237701416,16.44723725589615
2,direct,G1,15636,15636,0,2,2,true,true,7.719691550555581,29.483540800298673,21.06114835824102,7.544018745422363,16.355249670232755,2.413878346339164,0.877352237701416,16.494392436422135
2,direct,G1,15629,15629,0,2,2,true,true,7.719691550555581,28.919780042852384,21.06114835824102,7.544018745422363,15.791488912786466,2.413878346339164,0.877352237701416,15.932376267014334
2,direct,G1,15629,15629,0,2,2,true,true,7.719691550555581,29.43623924255371,21.06114835824102,7.544018745422363,16.307948112487793,2.413878346339164,0.877352237701416,16.44723725589615
2,direct,G1,15637,15637,0,2,2,true,true,7.719691550555581,29.483540800298673,21.06114835824102,7.544018745422363,16.355249670232755,2.413878346339164,0.877352237701416,16.494392436422135
2,direct,G1,15637,15637,0,2,2,true,true,7.719691550555581,29.52291864479659,21.06114835824102,7.544018745422363,16.394627514730672,2.413878346339164,0.877352237701416,16.533648424058637
2,direct,G1,15569,15569,0,2,2,true,true,7.719691550555581,27.71361808866346,21.229978237758345,7.544018745422363,14.585326958597541,2.5827082258564893,0.877352237701416,14.743218562156096
2,direct,G1,15569,15569,0,2,2,true,true,7.719691550555581,27.736993751489713,20.768338605197673,7.544018745422363,14.608702621423795,2.121068593295817,0.877352237701416,14.730232398000316
2,direct,G1,15523,15523,0,2,3,true,true,8.577432632446289,27.181198120117188,18.380370815174327,7.544018745422363,14.05290699005127,-0.26689919672752893,0.877352237701416,13.988438567396708
2,direct,G1,15523,15523,0,2,3,true,true,8.577432632446289,27.17337231831583,18.37911406036694,7.544018745422363,14.045081188249913,-0.268155951534915,0.877352237701416,13.98053818947011
2,direct,G1,15524,15524,0,2,3,true,true,8.577432632446289,27.173372318315828,18.37911406036694,7.544018745422363,14.04508118824991,-0.268155951534915,0.877352237701416,13.980538189470106
2,direct,G1,15524,15524,0,2,3,true,true,8.577432632446289,27.13486281649913,18.334328696321403,7.544018745422363,14.006571686433212,-0.3129413155804528,0.877352237701416,13.938627280086834
2,direct,G1,15579,15579,0,2,3,true,true,8.577432632446289,27.48388168660939,18.691486358642578,7.544018745422363,14.355590556543472,0.044216346740721946,0.877352237701416,14.314642254955615
2,direct,G1,15579,15579,0,2,3,true,true,8.577432632446289,27.181198120117188,18.380370815174327,7.544018745422363,14.05290699005127,-0.26689919672752893,0.877352237701416,13.988438567396708
2,direct,G1,15577,15577,0,2,3,true,true,8.577432632446289,27.744958877563477,18.937120726212363,7.544018745422363,14.616667747497559,0.28985071431050713,0.877352237701416,14.594220845162528
2,direct,G1,15577,15577,0,2,3,true,true,8.577432632446289,27.707770004913627,18.898193610824478,7.544018745422363,14.579478874847709,0.25092359892262195,0.877352237701416,14.554086995092366
2,direct,G1,15576,15576,0,2,3,true,true,8.577432632446289,27.707770004913623,18.898193610824478,7.544018745422363,14.579478874847705,0.25092359892262195,0.877352237701416,14.554086995092362
2,direct,G1,15576,15576,0,2,3,true,true,8.577432632446289,27.48388168660939,18.691486358642578,7.544018745422363,14.355590556543472,0.044216346740721946,0.877352237701416,14.314642254955615
2,direct,G1,15616,15616,0,2,3,true,true,8.577432632446289,28.26141632994959,19.1715291777527,7.544018745422363,15.133125199883672,0.5242591658508431,0.877352237701416,15.127506939607223
2,direct,G1,15616,15616,0,2,3,true,true,8.577432632446289,27.744958877563477,18.937120726212363,7.544018745422363,14.616667747497559,0.28985071431050713,0.877352237701416,14.594220845162528
2,direct,G1,15617,15617,0,2,3,true,true,8.577432632446289,28.308717727661133,19.17222994652813,7.544018745422363,15.180426597595215,0.5249599346262741,0.877352237701416,15.174717048025752
2,direct,G1,15617,15617,0,2,3,true,true,8.577432632446289,28.26141632994959,19.1715291777527,7.544018745422363,15.133125199883672,0.5242591658508431,0.877352237701416,15.127506939607223
2,direct,G1,15627,15627,0,2,3,true,true,8.577432632446289,28.45609908358923,19.202750205993652,7.544018745422363,15.327807953523312,0.5554801940917962,0.877352237701416,15.324041521886045
2,direct,G1,15627,15627,0,2,3,true,true,8.577432632446289,28.308717727661133,19.17222994652813,7.544018745422363,15.180426597595215,0.5249599346262741,0.877352237701416,15.174717048025752
2,direct,G1,15624,15624,0,2,3,true,true,8.577432632446289,28.81358478894405,19.320520009532316,7.544018745422363,15.68529365887813,0.6732499976304602,0.877352237701416,15.689678852266523
2,direct,G1,15624,15624,0,2,3,true,true,8.577432632446289,28.45609908358923,19.202750205993652,7.544018745422363,15.327807953523312,0.5554801940917962,0.877352237701416,15.324041521886045
2,direct,G1,15625,15625,0,2,3,true,true,8.577432632446289,28.872478485107422,19.359582427046945,7.544018745422363,15.744187355041504,0.7123124151450888,0.877352237701416,15.751460995204086
2,direct,G1,15625,15625,0,2,3,true,true,8.577432632446289,28.81358478894405,19.32052000953232,7.544018745422363,15.68529365887813,0.6732499976304638,0.877352237701416,15.689678852266523
2,direct,G1,15634,15634,0,2,3,true,true,8.577432632446289,29.39864438079236,19.383306559128677,7.544018745422363,16.27035325072644,0.7360365472268207,0.877352237701416,16.277863596107196
2,direct,G1,15634,15634,0,2,3,true,true,8.577432632446289,28.872478485107422,19.359582427046945,7.544018745422363,15.744187355041504,0.7123124151450888,0.877352237701416,15.751460995204086
2,direct,G1,15642,15642,0,2,3,true,true,8.577432632446289,29.952698442255038,19.38940744315058,7.544018745422363,16.82440731218912,0.7421374312487252,0.877352237701416,16.83068269789451
2,direct,G1,15642,15642,0,2,3,true,true,8.577432632446289,29.43623924255371,19.38940744315058,7.544018745422363,16.307948112487793,0.7421374312487252,0.877352237701416,16.315821709012692
2,direct,G1,41519,41519,0,2,3,true,true,8.577432632446289,30,19.564735848940025,7.544018745422363,16.871708869934082,0.9174658370381685,0.877352237701416,16.891620443722953
2,direct,G1,41519,41519,0,2,3,true,true,8.577432632446289,30,19.38940744315058,7.544018745422363,16.871708869934082,0.7421374312487252,0.877352237701416,16.877837878420493
2,direct,G1,15635,15635,0,2,3,true,true,8.577432632446289,29.43623924255371,19.38940744315058,7.544018745422363,16.307948112487793,0.7421374312487252,0.877352237701416,16.315821709012692
2,direct,G1,15635,15635,0,2,3,true,true,8.577432632446289,29.39864438079236,19.383306559128673,7.544018745422363,16.27035325072644,0.7360365472268171,0.877352237701416,16.277863596107196
2,direct,G1,15643,15643,0,2,3,true,true,8.577432632446289,30,19.38940744315058,7.544018745422363,16.871708869934082,0.7421374312487252,0.877352237701416,16.877837878420493
2,direct,G1,15643,15643,0,2,3,true,true,8.577432632446289,29.952698442255038,19.38940744315058,7.544018745422363,16.82440731218912,0.7421374312487252,0.877352237701416,16.83068269789451
2,direct,G1,41520,41520,0,2,3,true,true,8.577432632446289,30,19.714014053344727,7.544018745422363,16.871708869934082,1.0667440414428704,0.877352237701416,16.90335520279509
2,direct,G1,41520,41520,0,2,3,true,true,8.577432632446289,30,19.564735848940025,7.544018745422363,16.871708869934082,0.9174658370381685,0.877352237701416,16.891620443722953
2,direct,G1,41518,41518,0,2,3,true,true,8.577432632446289,30,20.128190290278027,7.544018745422363,16.871708869934082,1.4809202783761712,0.877352237701416,16.93591359518198
2,direct,G1,41518,41518,0,2,3,true,true,8.577432632446289,30,19.714014053344727,7.544018745422363,16.871708869934082,1.0667440414428704,0.877352237701416,16.90335520279509
2,direct,G1,41521,41521,0,2,3,true,true,8.577432632446289,30,20.2252779006958,7.544018745422363,16.871708869934082,1.5780078887939446,0.877352237701416,16.943545651862227
2,direct,G1,41521,41521,0,2,3,true,true,8.577432632446289,30,20.128190290278027,7.544018745422363,16.871708869934082,1.4809202783761712,0.877352237701416,16.93591359518198
2,direct,G1,41523,41523,0,2,3,true,true,8.577432632446289,30,20.322365511113574,7.544018745422363,16.871708869934082,1.675095499211718,0.877352237701416,16.951177708542474
2,direct,G1,41523,41523,0,2,3,true,true,8.577432632446289,30,20.2252779006958,7.544018745422363,16.871708869934082,1.5780078887939446,0.877352237701416,16.943545651862227
2,direct,G1,41522,41522,0,2,3,true,true,8.577432632446289,30,20.736541748046875,7.544018745422363,16.871708869934082,2.089271736145019,0.877352237701416,16.98373610092936
2,direct,G1,41522,41522,0,2,3,true,true,8.577432632446289,30,20.322365511113574,7.544018745422363,16.871708869934082,1.675095499211718,0.877352237701416,16.951177708542474
2,direct,G1,41526,41526,0,2,3,true,true,8.577432632446289,30,20.885819952451577,7.544018745422363,16.871708869934082,2.2385499405497207,0.877352237701416,16.9954708600015
2,direct,G1,41526,41526,0,2,3,true,true,8.577432632446289,30,20.736541748046875,7.544018745422363,16.871708869934082,2.089271736145019,0.877352237701416,16.98373610092936
2,direct,G1,41524,41524,0,2,3,true,true,8.577432632446289,30,21.06114835824102,7.544018745422363,16.871708869934082,2.413878346339164,0.877352237701416,17.009253425303957
2,direct,G1,41524,41524,0,2,3,true,true,8.577432632446289,30,20.885819952451577,7.544018745422363,16.871708869934082,2.2385499405497207,0.877352237701416,16.9954708600015
2,direct,G1,15637,15637,0,2,3,true,true,8.577432632446289,29.52291864479659,21.06114835824102,7.544018745422363,16.394627514730672,2.413878346339164,0.877352237701416,16.533648424058637
2,direct,G1,15637,15637,0,2,3,true,true,8.577432632446289,30,21.06114835824102,7.544018745422363,16.871708869934082,2.413878346339164,0.877352237701416,17.009253425303957
2,direct,G1,16191,16191,0,2,4,true,true,0.7157750374660665,24.571349422058248,18.199430070503595,7.765233993530273,11.44305829199233,-0.4478399413982608,1.0985674858093262,11.372442435508312
2,direct,G1,16191,16191,0,2,4,true,true,0.7157750374660665,24.564868927001953,18.19908905029297,7.750358699029368,11.436577796936035,-0.44818096160888743,1.0836921913084208,11.365955187095686
2,direct,G1,16987,16987,0,2,4,true,true,0.7157750374660665,24.65069542740802,18.20360546007208,7.794018745422363,11.522404297342103,-0.4436645518297766,1.127352237701416,11.451871127727353
2,direct,G1,16987,16987,0,2,4,true,true,0.7157750374660665,24.571349422058248,18.199430070503595,7.7652339935302725,11.44305829199233,-0.4478399413982608,1.0985674858093253,11.372442435508312
2,direct,G1,16257,16257,0,2,4,true,true,0.7157750374660665,27.11209998414805,18.333130857913172,7.675734165165091,13.983808854082131,-0.314139153988684,1.0090676574441435,13.915840726474242
2,direct,G1,16257,16257,0,2,4,true,true,0.7157750374660665,27.089692480458247,18.33195171780713,7.765233993530273,13.961401350392329,-0.3153182940947268,1.0985674858093262,13.893409871812702
2,direct,G1,16258,16258,0,2,4,true,true,0.7157750374660665,27.121188017980053,18.333609093477683,7.655779420229714,13.992896887914135,-0.31366091842417276,0.9891129125087668,13.924938230991785
2,direct,G1,16258,16258,0,2,4,true,true,0.7157750374660665,27.11209998414805,18.333130857913172,7.675734165165091,13.983808854082131,-0.314139153988684,1.0090676574441435,13.915840726474242
2,direct,G1,17111,17111,0,2,4,true,true,0.7157750374660665,27.089692480458247,18.33195171780713,7.7652339935302725,13.961401350392329,-0.3153182940947268,1.0985674858093253,13.893409871812702
2,direct,G1,17111,17111,0,2,4,true,true,0.7157750374660665,27.054788723412635,18.330114992915604,7.794018745422363,13.926497593346717,-0.3171550189862522,1.127352237701416,13.858469741387198
2,direct,G1,15524,15524,0,2,5,true,true,0.7157750374660665,27.134862816499133,18.334328696321403,7.544018745422363,14.006571686433215,-0.3129413155804528,0.877352237701416,13.938627280086836
2,direct,G1,15524,15524,0,2,5,true,true,0.7157750374660665,27.16171640290735,18.335741800661957,7.566790580749513,14.03342527284143,-0.3115282112398994,0.9001240730285653,13.96550885075184
2,direct,G1,16258,16258,0,2,5,true,true,0.7157750374660665,27.161716402907345,18.335741800661957,7.566790580749511,14.033425272841427,-0.3115282112398994,0.9001240730285636,13.965508850751835
2,direct,G1,16258,16258,0,2,5,true,true,0.7157750374660665,27.121188017980053,18.333609093477683,7.655779420229713,13.992896887914135,-0.31366091842417276,0.9891129125087659,13.924938230991785
2,direct,G1,17146,17146,0,2,6,true,true,0.7187219073370645,27.526022306163007,21.210264608716354,7.794018745422363,14.39773117609709,2.562994596814498,1.127352237701416,14.554653616609057
2,direct,G1,17146,17146,0,2,6,true,true,0.7187219073370645,27.609710956301686,21.21905908683238,7.765233993530273,14.481419826235769,2.5717890749305248,1.0985674858093262,14.638774621601625
2,direct,G1,16292,16292,0,2,6,true,true,0.7187219073370645,27.609710956301686,21.21905908683238,7.765233993530273,14.481419826235769,2.5717890749305248,1.0985674858093262,14.638774621601625
2,direct,G1,16292,16292,0,2,6,true,true,0.7187219073370645,27.655423244079426,21.223862793354456,7.679135850804225,14.527132114013508,2.5765927814526,1.0124693430832776,14.684723069593089
2,direct,G1,16291,16291,0,2,7,true,true,0.7187219073370645,27.71134800083956,21.229739684051772,7.5738027352781465,14.583056870773643,2.582469672149916,0.9071362275571992,14.740936746535326
2,direct,G1,16291,16291,0,2,7,true,true,0.7187219073370645,27.71356853067486,21.229973029923766,7.566790580749511,14.585277400608941,2.5827030180219097,0.9001240730285636,14.743168748139507
2,direct,G1,16292,16292,0,2,7,true,true,0.7187219073370645,27.655423244079422,21.223862793354453,7.679135850804223,14.527132114013504,2.5765927814525966,1.0124693430832759,14.684723069593087
2,direct,G1,16292,16292,0,2,7,true,true,0.7187219073370645,27.711348000839557,21.229739684051772,7.573802735278146,14.583056870773639,2.582469672149916,0.9071362275571984,14.740936746535318
2,direct,G1,15569,15569,0,2,7,true,true,0.7187219073370645,27.71356853067486,21.229973029923766,7.566790580749512,14.585277400608941,2.5827030180219097,0.9001240730285645,14.743168748139507
2,direct,G1,15569,15569,0,2,7,true,true,0.7187219073370645,27.71361808866346,21.229978237758345,7.544018745422363,14.585326958597541,2.5827082258564893,0.877352237701416,14.743218562156096
2,direct,G1,16191,16191,0,2,16,true,true,0.33750009536743164,24.564868927001953,18.19908905029297,7.750358699029368,11.436577796936035,-0.44818096160888743,1.0836921913084208,11.365955187095686
2,direct,G1,16191,16191,0,2,16,true,true,0.33750009536743164,24.564868927001953,18.254818722513964,7.608230419872038,11.436577796936035,-0.39245128938789264,0.941563912151091,11.3703360964139
2,direct,G1,15366,15366,0,2,16,true,true,0.33750009536743164,24.564868927001953,18.269127289582276,7.566790580749513,11.436577796936035,-0.37814272231958057,0.9001240730285653,11.37146089281592
2,direct,G1,15366,15366,0,2,16,true,true,0.33750009536743164,24.564868927001953,18.241420193755058,7.544018745422363,11.436577796936035,-0.4058498181467982,0.877352237701416,11.369282838119872
2,direct,G1,16192,16192,0,2,16,true,true,0.33750009536743164,24.564868927001953,18.254818722513964,7.608230419872039,11.436577796936035,-0.39245128938789264,0.9415639121510919,11.3703360964139
2,direct,G1,16192,16192,0,2,16,true,true,0.33750009536743164,24.564868927001953,18.269127289582276,7.566790580749512,11.436577796936035,-0.37814272231958057,0.9001240730285645,11.37146089281592
2,direct,G1,15365,15365,0,2,16,true,true,0.33750009536743164,24.564868927001953,20.132552631713462,7.544018745422363,11.436577796936035,1.4852826198116063,0.877352237701416,11.517944751769281
2,direct,G1,15365,15365,0,2,16,true,true,0.33750009536743164,24.564868927001953,20.132552631713462,7.566790580749512,11.436577796936035,1.4852826198116063,0.9001240730285645,11.517944751769281
2,direct,G1,16190,16190,0,2,16,true,true,0.33750009536743164,24.564868927001953,20.13255263171346,7.566790580749513,11.436577796936035,1.4852826198116027,0.9001240730285653,11.517944751769281
2,direct,G1,16190,16190,0,2,16,true,true,0.33750009536743164,24.564868927001953,20.14526005230707,7.613817777636772,11.436577796936035,1.497990040405213,0.9471512699158247,11.518943682053104
2,direct,G1,16190,16190,0,2,17,true,true,0.33750009536743164,24.564868927001953,20.145260052307073,7.613817777636771,11.436577796936035,1.4979900404052167,0.9471512699158238,11.518943682053104
2,direct,G1,16190,16190,0,2,17,true,true,0.33750009536743164,24.564868927001953,20.151810962787557,7.63806116792099,11.436577796936035,1.5045409508857013,0.9713946602000432,11.519458649100692
2,direct,G1,16189,16189,0,2,17,true,true,0.33750009536743164,24.564868927001953,20.151810962787557,7.63806116792099,11.436577796936035,1.5045409508857013,0.9713946602000432,11.519458649100692
2,direct,G1,16189,16189,0,2,17,true,true,0.33750009536743164,24.564868927001953,20.173801130245568,7.765233993530273,11.436577796936035,1.526531118343712,1.0985674858093262,11.521187296079699
2,direct,G1,16986,16986,0,2,17,true,true,0.33750009536743164,24.564868927001953,20.173801130245568,7.765233993530274,11.436577796936035,1.526531118343712,1.098567485809327,11.521187296079699
2,direct,G1,16986,16986,0,2,17,true,true,0.33750009536743164,24.564868927001953,20.213941327722345,7.794018745422363,11.436577796936035,1.5666713158204892,1.127352237701416,11.524342716848434
2,direct,L1,15280,15280,0,2,0,true,true,7.719691550555581,30.048447679920894,21.364512655129012,7.794018745422363,0.23470871503760193,-1.3645126551290119,-0.5636758804321289,17.08139864747663
2,direct,L1,15280,15280,0,2,0,true,true,7.719691550555581,30.045587506015288,21.4750348132218,7.794018745422363,0.23756888894320838,-1.4750348132218,-0.5636758804321289,17.087235470954415
2,direct,L1,15224,15224,0,2,1,true,true,8.577432632446289,30.2350174804795,18.497466757117394,7.794018745422363,0.04813891447899721,1.5025332428826061,-0.5636758804321289,17.04201263075749
2,direct,L1,15224,15224,0,2,1,true,true,8.577432632446289,30.221963398109814,18.708488351231413,7.794018745422363,0.06119299684868196,1.2915116487685872,-0.5636758804321289,17.04558735164793
2,direct,L1,15254,15254,0,2,1,true,true,8.577432632446289,30.22183871816504,18.728776454925537,7.794018745422363,0.061317676793457565,1.271223545074463,-0.5636758804321289,17.047057905285058
2,direct,L1,15254,15254,0,2,1,true,true,8.577432632446289,30.195551701319946,19.125943410319348,7.794018745422363,0.08760469363854995,0.8740565896806523,-0.5636758804321289,17.05207352786061
2,direct,L1,15225,15225,0,2,1,true,true,8.577432632446289,30.221963398109814,18.708488351231413,7.794018745422363,0.06119299684868196,1.2915116487685872,-0.5636758804321289,17.04558735164793
2,direct,L1,15225,15225,0,2,1,true,true,8.577432632446289,30.22183871816504,18.728776454925537,7.794018745422363,0.061317676793457565,1.271223545074463,-0.5636758804321289,17.047057905285058
2,direct,L1,15264,15264,0,2,1,true,true,8.577432632446289,30.162622240317983,19.563687562942505,7.794018745422363,0.12053415464051298,0.4363124370574951,-0.5636758804321289,17.053657034998217
2,direct,L1,15264,15264,0,2,1,true,true,8.577432632446289,30.130100086797498,19.960854291505093,7.794018745422363,0.15305630816099836,0.03914570849490673,-0.5636758804321289,17.05245679803355
2,direct,L1,15258,15258,0,2,1,true,true,8.577432632446289,30.19539170311572,19.14623212814331,7.794018745422363,0.08776469184277502,0.8537678718566895,-0.5636758804321289,17.05350892080929
2,direct,L1,15258,15258,0,2,1,true,true,8.577432632446289,30.16286047634629,19.5433988567059,7.794018745422363,0.12029591861220723,0.45660114329410106,-0.5636758804321289,17.052299638673336
2,direct,L1,15259,15259,0,2,1,true,true,8.577432632446289,30.162860476346292,19.5433988567059,7.794018745422363,0.12029591861220368,0.45660114329410106,-0.5636758804321289,17.052299638673336
2,direct,L1,15259,15259,0,2,1,true,true,8.577432632446289,30.162622240317983,19.563687562942505,7.794018745422363,0.12053415464051298,0.4363124370574951,-0.5636758804321289,17.053657034998217
2,direct,L1,15255,15255,0,2,1,true,true,8.577432632446289,30.195551701319946,19.125943410319348,7.794018745422363,0.08760469363854995,0.8740565896806523,-0.5636758804321289,17.05207352786061
2,direct,L1,15255,15255,0,2,1,true,true,8.577432632446289,30.19539170311572,19.14623212814331,7.794018745422363,0.08776469184277502,0.8537678718566895,-0.5636758804321289,17.05350892080929
2,direct,L1,15268,15268,0,2,1,true,true,8.577432632446289,30.129794180613292,19.9811429977417,7.794018745422363,0.15336221434520425,0.01885700225830078,-0.5636758804321289,17.053746733611472
2,direct,L1,15268,15268,0,2,1,true,true,8.577432632446289,30.099309878805983,20.378297931080656,7.794018745422363,0.18384651615251357,-0.378297931080656,-0.5636758804321289,17.054577114895576
2,direct,L1,15269,15269,0,2,1,true,true,8.577432632446289,30.099309878805983,20.378297931080656,7.794018745422363,0.18384651615251357,-0.378297931080656,-0.5636758804321289,17.054577114895576
2,direct,L1,15269,15269,0,2,1,true,true,8.577432632446289,30.098933799597095,20.39858603477478,7.794018745422363,0.18422259536140118,-0.3985860347747803,-0.5636758804321289,17.05579704723716
2,direct,L1,15265,15265,0,2,1,true,true,8.577432632446289,30.130100086797498,19.960854291505093,7.794018745422363,0.15305630816099836,0.03914570849490673,-0.5636758804321289,17.05245679803355
2,direct,L1,15265,15265,0,2,1,true,true,8.577432632446289,30.12979418061329,19.9811429977417,7.794018745422363,0.1533622143452078,0.01885700225830078,-0.5636758804321289,17.05374673361147
2,direct,L1,15276,15276,0,2,1,true,true,8.577432632446289,30.07122267023462,20.816041588783264,7.794018745422363,0.2119337247238775,-0.8160415887832642,-0.5636758804321289,17.06098785094704
2,direct,L1,15276,15276,0,2,1,true,true,8.577432632446289,30.052506372309708,21.213208317345853,7.794018745422363,0.23065002264878842,-1.2132083173458525,-0.5636758804321289,17.073550746613968
2,direct,L1,15272,15272,0,2,1,true,true,8.577432632446289,30.09893379959709,20.39858603477478,7.794018745422363,0.18422259536140473,-0.3985860347747803,-0.5636758804321289,17.055797047237157
2,direct,L1,15272,15272,0,2,1,true,true,8.577432632446289,30.071717682059976,20.795752876752978,7.794018745422363,0.21143871289852,-0.795752876752978,-0.5636758804321289,17.05988643535723
2,direct,L1,15277,15277,0,2,1,true,true,8.577432632446289,30.052506372309708,21.213208317345853,7.794018745422363,0.23065002264878842,-1.2132083173458525,-0.5636758804321289,17.073550746613968
2,direct,L1,15277,15277,0,2,1,true,true,8.577432632446289,30.051838199044322,21.23349702358246,7.794018745422363,0.23131819591417369,-1.2334970235824585,-0.5636758804321289,17.074479536165715
2,direct,L1,15273,15273,0,2,1,true,true,8.577432632446289,30.071717682059973,20.795752876752978,7.794018745422363,0.21143871289852356,-0.795752876752978,-0.5636758804321289,17.059886435357228
2,direct,L1,15273,15273,0,2,1,true,true,8.577432632446289,30.07122267023462,20.816041588783264,7.794018745422363,0.2119337247238775,-0.8160415887832642,-0.5636758804321289,17.06098785094704
2,direct,L1,15280,15280,0,2,1,true,true,8.577432632446289,30.051838199044322,21.23349702358246,7.794018745422363,0.23131819591417369,-1.2334970235824585,-0.5636758804321289,17.074479536165715
2,direct,L1,15280,15280,0,2,1,true,true,8.577432632446289,30.048447679920894,21.364512655129012,7.794018745422363,0.23470871503760193,-1.3645126551290119,-0.5636758804321289,17.08139864747663
2,direct,L1,14820,14820,0,2,2,true,true,7.719691550555581,30.028051544293582,21.473192034883883,7.544018745422363,0.25510485066491384,-1.4731920348838834,-0.8136758804321289,17.06960891441303
2,direct,L1,14820,14820,0,2,2,true,true,7.719691550555581,30.03207474909364,21.355061297893855,7.544018745422363,0.2510816458648577,-1.3550612978938545,-0.8136758804321289,17.06433341241019
2,direct,L1,14764,14764,0,2,3,true,true,8.577432632446289,30.229894102530913,18.577597289133262,7.544018745422363,0.053262292427582736,1.4224027108667379,-0.8136758804321289,17.043204168190524
2,direct,L1,14764,14764,0,2,3,true,true,8.577432632446289,30.23485162596172,18.49745802942883,7.544018745422363,0.04830476899677549,1.5025419705711691,-0.8136758804321289,17.041846603401893
2,direct,L1,14794,14794,0,2,3,true,true,8.577432632446289,30.202918396378276,18.995048386091064,7.544018745422363,0.08023799858021974,1.0049516139089363,-0.8136758804321289,17.049127768934756
2,direct,L1,14794,14794,0,2,3,true,true,8.577432632446289,30.220541954040527,18.728776454925537,7.544018745422363,0.06261444091796875,1.271223545074463,-0.8136758804321289,17.045765154067002
2,direct,L1,14765,14765,0,2,3,true,true,8.577432632446289,30.220541954040527,18.728776454925537,7.544018745422363,0.06261444091796875,1.271223545074463,-0.8136758804321289,17.045765154067002
2,direct,L1,14765,14765,0,2,3,true,true,8.577432632446289,30.229894102530913,18.577597289133262,7.544018745422363,0.053262292427582736,1.4224027108667379,-0.8136758804321289,17.043204168190524
2,direct,L1,14804,14804,0,2,3,true,true,8.577432632446289,30.13691529361956,19.82995934203398,7.544018745422363,0.14624110133893709,0.17004065796601964,-0.8136758804321289,17.048961263358148
2,direct,L1,14804,14804,0,2,3,true,true,8.577432632446289,30.158719062805176,19.563687562942505,7.544018745422363,0.12443733215332031,0.4363124370574951,-0.8136758804321289,17.04976593607852
2,direct,L1,14798,14798,0,2,3,true,true,8.577432632446289,30.171102249597933,19.412503907234786,7.544018745422363,0.11205414536056324,0.587496092765214,-0.8136758804321289,17.05022625584084
2,direct,L1,14798,14798,0,2,3,true,true,8.577432632446289,30.192912101745605,19.14623212814331,7.544018745422363,0.09024429321289062,0.8537678718566895,-0.8136758804321289,17.05103699269921
2,direct,L1,14799,14799,0,2,3,true,true,8.577432632446289,30.158719062805176,19.563687562942505,7.544018745422363,0.12443733215332031,0.4363124370574951,-0.8136758804321289,17.04976593607852
2,direct,L1,14799,14799,0,2,3,true,true,8.577432632446289,30.171102249597933,19.412503907234786,7.544018745422363,0.11205414536056324,0.587496092765214,-0.8136758804321289,17.05022625584084
2,direct,L1,14795,14795,0,2,3,true,true,8.577432632446289,30.192912101745605,19.14623212814331,7.544018745422363,0.09024429321289062,0.8537678718566895,-0.8136758804321289,17.05103699269921
2,direct,L1,14795,14795,0,2,3,true,true,8.577432632446289,30.202918396378276,18.995048386091064,7.544018745422363,0.08023799858021974,1.0049516139089363,-0.8136758804321289,17.049127768934756
2,direct,L1,14812,14812,0,2,3,true,true,8.577432632446289,30.072777914316536,20.66485788990328,7.544018745422363,0.2103784806419604,-0.6648578899032813,-0.8136758804321289,17.050653732256865
2,direct,L1,14812,14812,0,2,3,true,true,8.577432632446289,30.092494010925293,20.39858603477478,7.544018745422363,0.19066238403320312,-0.3985860347747803,-0.8136758804321289,17.04937718683837
2,direct,L1,14808,14808,0,2,3,true,true,8.577432632446289,30.104098024699574,20.247406868982505,7.544018745422363,0.17905837025892168,-0.2474068689825053,-0.8136758804321289,17.04906109772734
2,direct,L1,14808,14808,0,2,3,true,true,8.577432632446289,30.12453556060791,19.9811429977417,7.544018745422363,0.15862083435058594,0.01885700225830078,-0.8136758804321289,17.04850438668902
2,direct,L1,14809,14809,0,2,3,true,true,8.577432632446289,30.092494010925293,20.39858603477478,7.544018745422363,0.19066238403320312,-0.3985860347747803,-0.8136758804321289,17.04937718683837
2,direct,L1,14809,14809,0,2,3,true,true,8.577432632446289,30.104098024699574,20.247406868982505,7.544018745422363,0.17905837025892168,-0.2474068689825053,-0.8136758804321289,17.04906109772734
2,direct,L1,14805,14805,0,2,3,true,true,8.577432632446289,30.12453556060791,19.9811429977417,7.544018745422363,0.15862083435058594,0.01885700225830078,-0.8136758804321289,17.04850438668902
2,direct,L1,14805,14805,0,2,3,true,true,8.577432632446289,30.13691529361956,19.82995934203398,7.544018745422363,0.14624110133893709,0.17004065796601964,-0.8136758804321289,17.048961263358148
2,direct,L1,14816,14816,0,2,3,true,true,8.577432632446289,30.043339350312657,21.08231336787474,7.544018745422363,0.23981704464583942,-1.0823133678747396,-0.8136758804321289,17.054122440987637
2,direct,L1,14816,14816,0,2,3,true,true,8.577432632446289,30.062417952498176,20.816041588783264,7.544018745422363,0.22073844246031982,-0.8160415887832642,-0.8136758804321289,17.052210379884016
2,direct,L1,14817,14817,0,2,3,true,true,8.577432632446289,30.03621489063839,21.23349702358246,7.544018745422363,0.2469415043201053,-1.2334970235824585,-0.8136758804321289,17.058904574929407
2,direct,L1,14817,14817,0,2,3,true,true,8.577432632446289,30.043339350312653,21.08231336787474,7.544018745422363,0.23981704464584297,-1.0823133678747396,-0.8136758804321289,17.054122440987634
2,direct,L1,14813,14813,0,2,3,true,true,8.577432632446289,30.062417952498176,20.816041588783264,7.544018745422363,0.22073844246031982,-0.8160415887832642,-0.8136758804321289,17.052210379884016
2,direct,L1,14813,14813,0,2,3,true,true,8.577432632446289,30.07277791431654,20.66485788990328,7.544018745422363,0.21037848064195686,-0.6648578899032813,-0.8136758804321289,17.050653732256865
2,direct,L1,14820,14820,0,2,3,true,true,8.577432632446289,30.03207474909364,21.355061297893858,7.544018745422363,0.2510816458648577,-1.355061297893858,-0.8136758804321289,17.06433341241019
2,direct,L1,14820,14820,0,2,3,true,true,8.577432632446289,30.036214890638394,21.23349702358246,7.544018745422363,0.24694150432010176,-1.2334970235824585,-0.8136758804321289,17.05890457492941
2,direct,L1,15224,15224,0,2,4,true,true,0.7157750374660665,30.234997751435326,18.497465718924673,7.791913237897799,0.048158643523169786,1.5025342810753273,-0.5657813879566929,17.041992881153583
2,direct,L1,15224,15224,0,2,4,true,true,0.7157750374660665,30.2350174804795,18.497466757117394,7.794018745422363,0.04813891447899721,1.5025332428826061,-0.5636758804321289,17.04201263075749
2,direct,L1,14764,14764,0,2,5,true,true,0.7157750374660665,30.234851625961724,18.49745802942883,7.544018745422363,0.04830476899677194,1.5025419705711691,-0.8136758804321289,17.041846603401893
2,direct,L1,14764,14764,0,2,5,true,true,0.7157750374660665,30.234851625961724,18.49745802942883,7.613935607557608,0.04830476899677194,1.5025419705711691,-0.7437590182968838,17.041846603401893
2,direct,L1,14765,14765,0,2,5,true,true,0.7157750374660665,30.234851625961724,18.49745802942883,7.613935607557608,0.04830476899677194,1.5025419705711691,-0.7437590182968838,17.041846603401893
2,direct,L1,14765,14765,0,2,5,true,true,0.7157750374660665,30.234851625961724,18.49745802942883,7.776318550109863,0.04830476899677194,1.5025419705711691,-0.5813760757446289,17.041846603401893
2,direct,L1,15224,15224,0,2,5,true,true,0.7157750374660665,30.234851625961724,18.497458029428834,7.776318550109863,0.04830476899677194,1.5025419705711656,-0.5813760757446289,17.041846603401893
2,direct,L1,15224,15224,0,2,5,true,true,0.7157750374660665,30.234997751435326,18.497465718924673,7.791913237897799,0.048158643523169786,1.5025342810753273,-0.5657813879566929,17.041992881153583
2,direct,L1,15280,15280,0,2,6,true,true,0.7187219073370645,30.045587506015288,21.4750348132218,7.794018745422363,0.23756888894320838,-1.4750348132218,-0.5636758804321289,17.087235470954415
2,direct,L1,15280,15280,0,2,6,true,true,0.7187219073370645,30.04104112250689,21.474557053451445,7.783433575163634,0.24211527245160624,-1.474557053451445,-0.5742610506908585,17.08266559978103
2,direct,L1,14820,14820,0,2,7,true,true,0.7187219073370645,30.02884471985051,21.47327538627103,7.567132089926292,0.254311675107985,-1.4732753862710304,-0.7905625359282,17.07040618769769
2,direct,L1,14820,14820,0,2,7,true,true,0.7187219073370645,30.028051544293582,21.473192034883883,7.544018745422363,0.25510485066491384,-1.4731920348838834,-0.8136758804321289,17.06960891441303
2,direct,L1,14821,14821,0,2,7,true,true,0.7187219073370645,30.037985183700464,21.474235918065553,7.776318550109863,0.24517121125803243,-1.4742359180655527,-0.5813760757446289,17.07959387329044
2,direct,L1,14821,14821,0,2,7,true,true,0.7187219073370645,30.02884471985051,21.47327538627103,7.567132089926292,0.254311675107985,-1.4732753862710304,-0.7905625359282,17.07040618769769
2,direct,L1,15280,15280,0,2,7,true,true,0.7187219073370645,30.04104112250689,21.47455705345144,7.7834335751636345,0.24211527245160624,-1.4745570534514414,-0.5742610506908576,17.08266559978103
2,direct,L1,15280,15280,0,2,7,true,true,0.7187219073370645,30.037985183700464,21.47423591806555,7.776318550109864,0.24517121125803243,-1.474235918065549,-0.581376075744628,17.07959387329044
2,direct,L1,17807,17807,0,2,8,false,true,0.8455138206481934,30.283157348632812,21.5,8.357694625854492,-9.5367431640625e-7,-1.5,0,17.20811670919621
2,direct,L1,17807,17807,0,2,8,false,true,0.8455138206481934,30.283157348632812,21.5,8.357694625854492,-9.5367431640625e-7,-1.5,0,17.20811670919621
2,direct,L1,17135,17135,0,2,9,false,true,0.8455138206481934,30.283157348632812,18.728776454925537,8.357694625854492,-9.5367431640625e-7,1.271223545074463,0,17.108186781947097
2,direct,L1,17135,17135,0,2,9,false,true,0.8455138206481934,30.283157348632812,18.5,8.357694625854492,-9.5367431640625e-7,1.5,0,17.090202665708325
2,direct,L1,17228,17228,0,2,9,false,true,0.8455138206481934,30.283157348632812,18.728777545269608,8.357694625854492,-9.5367431640625e-7,1.2712224547303919,0,17.108186867659043
2,direct,L1,17228,17228,0,2,9,false,true,0.8455138206481934,30.283157348632812,18.728776454925537,8.357694625854492,-9.5367431640625e-7,1.271223545074463,0,17.108186781947097
2,direct,L1,17229,17229,0,2,9,false,true,0.8455138206481934,30.283157348632812,19.14623212814331,8.357694625854492,-9.5367431640625e-7,0.8537678718566895,0,17.14100297080765
2,direct,L1,17229,17229,0,2,9,false,true,0.8455138206481934,30.283157348632812,18.728777545269608,8.357694625854492,-9.5367431640625e-7,1.2712224547303919,0,17.108186867659043
2,direct,L1,17319,17319,0,2,9,false,true,0.8455138206481934,30.283157348632812,19.563687562942505,8.357694625854492,-9.5367431640625e-7,0.4363124370574951,0,17.173819140926117
2,direct,L1,17319,17319,0,2,9,false,true,0.8455138206481934,30.283157348632812,19.14623321848676,8.357694625854492,-9.5367431640625e-7,0.8537667815132401,0,17.141003056519544
2,direct,L1,17318,17318,0,2,9,false,true,0.8455138206481934,30.283157348632812,19.14623321848676,8.357694625854492,-9.5367431640625e-7,0.8537667815132401,0,17.141003056519544
2,direct,L1,17318,17318,0,2,9,false,true,0.8455138206481934,30.283157348632812,19.14623212814331,8.357694625854492,-9.5367431640625e-7,0.8537678718566895,0,17.14100297080765
2,direct,L1,17413,17413,0,2,9,false,true,0.8455138206481934,30.283157348632812,19.9811429977417,8.357694625854492,-9.5367431640625e-7,0.01885700225830078,0,17.206635311044586
2,direct,L1,17413,17413,0,2,9,false,true,0.8455138206481934,30.283157348632812,19.563688653285954,8.357694625854492,-9.5367431640625e-7,0.4363113467140458,0,17.17381922663801
2,direct,L1,17511,17511,0,2,9,false,true,0.8455138206481934,30.283157348632812,20.39858603477478,8.357694625854492,-9.5367431640625e-7,-0.3985860347747803,0,17.20811670919621
2,direct,L1,17511,17511,0,2,9,false,true,0.8455138206481934,30.283157348632812,19.981144088052766,8.357694625854492,-9.5367431640625e-7,0.01885591194723446,0,17.20663539675393
2,direct,L1,17412,17412,0,2,9,false,true,0.8455138206481934,30.283157348632812,19.563688653285954,8.357694625854492,-9.5367431640625e-7,0.4363113467140458,0,17.17381922663801
2,direct,L1,17412,17412,0,2,9,false,true,0.8455138206481934,30.283157348632812,19.563687562942505,8.357694625854492,-9.5367431640625e-7,0.4363124370574951,0,17.173819140926117
2,direct,L1,17510,17510,0,2,9,false,true,0.8455138206481934,30.283157348632812,19.981144088052766,8.357694625854492,-9.5367431640625e-7,0.01885591194723446,0,17.20663539675393
2,direct,L1,17510,17510,0,2,9,false,true,0.8455138206481934,30.283157348632812,19.9811429977417,8.357694625854492,-9.5367431640625e-7,0.01885700225830078,0,17.206635311044586
2,direct,L1,17611,17611,0,2,9,false,true,0.8455138206481934,30.283157348632812,20.816041588783264,8.357694625854492,-9.5367431640625e-7,-0.8160415887832642,0,17.20811670919621
2,direct,L1,17611,17611,0,2,9,false,true,0.8455138206481934,30.283157348632812,20.39858712511854,8.357694625854492,-9.5367431640625e-7,-0.39858712511853867,0,17.20811670919621
2,direct,L1,17709,17709,0,2,9,false,true,0.8455138206481934,30.283157348632812,21.23349702358246,8.357694625854492,-9.5367431640625e-7,-1.2334970235824585,0,17.20811670919621
2,direct,L1,17709,17709,0,2,9,false,true,0.8455138206481934,30.283157348632812,20.816042679126713,8.357694625854492,-9.5367431640625e-7,-0.8160426791267135,0,17.20811670919621
2,direct,L1,17610,17610,0,2,9,false,true,0.8455138206481934,30.283157348632812,20.39858712511854,8.357694625854492,-9.5367431640625e-7,-0.39858712511853867,0,17.20811670919621
2,direct,L1,17610,17610,0,2,9,false,true,0.8455138206481934,30.283157348632812,20.39858603477478,8.357694625854492,-9.5367431640625e-7,-0.3985860347747803,0,17.20811670919621
2,direct,L1,17708,17708,0,2,9,false,true,0.8455138206481934,30.283157348632812,20.816042679126713,8.357694625854492,-9.5367431640625e-7,-0.8160426791267135,0,17.20811670919621
2,direct,L1,17708,17708,0,2,9,false,true,0.8455138206481934,30.283157348632812,20.816041588783264,8.357694625854492,-9.5367431640625e-7,-0.8160415887832642,0,17.20811670919621
2,direct,L1,17806,17806,0,2,9,false,true,0.8455138206481934,30.283157348632812,21.233498113926217,8.357694625854492,-9.5367431640625e-7,-1.2334981139262169,0,17.20811670919621
2,direct,L1,17806,17806,0,2,9,false,true,0.8455138206481934,30.283157348632812,21.23349702358246,8.357694625854492,-9.5367431640625e-7,-1.2334970235824585,0,17.20811670919621
2,direct,L1,17807,17807,0,2,9,false,true,0.8455138206481934,30.283157348632812,21.5,8.357694625854492,-9.5367431640625e-7,-1.5,0,17.20811670919621
2,direct,L1,17807,17807,0,2,9,false,true,0.8455138206481934,30.283157348632812,21.233498113926217,8.357694625854492,-9.5367431640625e-7,-1.2334981139262169,0,17.20811670919621
2,direct,L1,17135,17135,0,2,18,false,true,0.375,30.283157348632812,18.5,8.357694625854492,-9.5367431640625e-7,1.5,0,17.090202665708325
2,direct,L1,17135,17135,0,2,18,false,true,0.375,30.283157348632812,18.728776454925537,8.357694625854492,-9.5367431640625e-7,1.271223545074463,0,17.108186781947097
2,direct,L1,17228,17228,0,2,18,false,true,0.375,30.283157348632812,18.728776454925537,8.357694625854492,-9.5367431640625e-7,1.271223545074463,0,17.108186781947097
2,direct,L1,17228,17228,0,2,18,false,true,0.375,30.283157348632812,18.728777545269608,8.357694625854492,-9.5367431640625e-7,1.2712224547303919,0,17.108186867659043
2,direct,L1,17229,17229,0,2,18,false,true,0.375,30.283157348632812,18.728777545269608,8.357694625854492,-9.5367431640625e-7,1.2712224547303919,0,17.108186867659043
2,direct,L1,17229,17229,0,2,18,false,true,0.375,30.283157348632812,19.14623212814331,8.357694625854492,-9.5367431640625e-7,0.8537678718566895,0,17.14100297080765
2,direct,L1,17319,17319,0,2,18,false,true,0.375,30.283157348632812,19.14623321848676,8.357694625854492,-9.5367431640625e-7,0.8537667815132401,0,17.141003056519544
2,direct,L1,17319,17319,0,2,18,false,true,0.375,30.283157348632812,19.563687562942505,8.357694625854492,-9.5367431640625e-7,0.4363124370574951,0,17.173819140926117
2,direct,L1,17318,17318,0,2,18,false,true,0.375,30.283157348632812,19.14623212814331,8.357694625854492,-9.5367431640625e-7,0.8537678718566895,0,17.14100297080765
2,direct,L1,17318,17318,0,2,18,false,true,0.375,30.283157348632812,19.14623321848676,8.357694625854492,-9.5367431640625e-7,0.8537667815132401,0,17.141003056519544
2,direct,L1,17413,17413,0,2,18,false,true,0.375,30.283157348632812,19.563688653285954,8.357694625854492,-9.5367431640625e-7,0.4363113467140458,0,17.17381922663801
2,direct,L1,17413,17413,0,2,18,false,true,0.375,30.283157348632812,19.9811429977417,8.357694625854492,-9.5367431640625e-7,0.01885700225830078,0,17.206635311044586
2,direct,L1,17511,17511,0,2,18,false,true,0.375,30.283157348632812,19.981144088052766,8.357694625854492,-9.5367431640625e-7,0.01885591194723446,0,17.20663539675393
2,direct,L1,17511,17511,0,2,18,false,true,0.375,30.283157348632812,20.39858603477478,8.357694625854492,-9.5367431640625e-7,-0.3985860347747803,0,17.20811670919621
2,direct,L1,17412,17412,0,2,18,false,true,0.375,30.283157348632812,19.563687562942505,8.357694625854492,-9.5367431640625e-7,0.4363124370574951,0,17.173819140926117
2,direct,L1,17412,17412,0,2,18,false,true,0.375,30.283157348632812,19.563688653285954,8.357694625854492,-9.5367431640625e-7,0.4363113467140458,0,17.17381922663801
2,direct,L1,17510,17510,0,2,18,false,true,0.375,30.283157348632812,19.9811429977417,8.357694625854492,-9.5367431640625e-7,0.01885700225830078,0,17.206635311044586
2,direct,L1,17510,17510,0,2,18,false,true,0.375,30.283157348632812,19.981144088052766,8.357694625854492,-9.5367431640625e-7,0.01885591194723446,0,17.20663539675393
2,direct,L1,17611,17611,0,2,18,false,true,0.375,30.283157348632812,20.39858712511854,8.357694625854492,-9.5367431640625e-7,-0.39858712511853867,0,17.20811670919621
2,direct,L1,17611,17611,0,2,18,false,true,0.375,30.283157348632812,20.816041588783264,8.357694625854492,-9.5367431640625e-7,-0.8160415887832642,0,17.20811670919621
2,direct,L1,17709,17709,0,2,18,false,true,0.375,30.283157348632812,20.816042679126713,8.357694625854492,-9.5367431640625e-7,-0.8160426791267135,0,17.20811670919621
2,direct,L1,17709,17709,0,2,18,false,true,0.375,30.283157348632812,21.23349702358246,8.357694625854492,-9.5367431640625e-7,-1.2334970235824585,0,17.20811670919621
2,direct,L1,17610,17610,0,2,18,false,true,0.375,30.283157348632812,20.39858603477478,8.357694625854492,-9.5367431640625e-7,-0.3985860347747803,0,17.20811670919621
2,direct,L1,17610,17610,0,2,18,false,true,0.375,30.283157348632812,20.39858712511854,8.357694625854492,-9.5367431640625e-7,-0.39858712511853867,0,17.20811670919621
2,direct,L1,17708,17708,0,2,18,false,true,0.375,30.283157348632812,20.816041588783264,8.357694625854492,-9.5367431640625e-7,-0.8160415887832642,0,17.20811670919621
2,direct,L1,17708,17708,0,2,18,false,true,0.375,30.283157348632812,20.816042679126713,8.357694625854492,-9.5367431640625e-7,-0.8160426791267135,0,17.20811670919621
2,direct,L1,17806,17806,0,2,18,false,true,0.375,30.283157348632812,21.23349702358246,8.357694625854492,-9.5367431640625e-7,-1.2334970235824585,0,17.20811670919621
2,direct,L1,17806,17806,0,2,18,false,true,0.375,30.283157348632812,21.233498113926217,8.357694625854492,-9.5367431640625e-7,-1.2334981139262169,0,17.20811670919621
2,direct,L1,17807,17807,0,2,18,false,true,0.375,30.283157348632812,21.233498113926217,8.357694625854492,-9.5367431640625e-7,-1.2334981139262169,0,17.20811670919621
2,direct,L1,17807,17807,0,2,18,false,true,0.375,30.283157348632812,21.5,8.357694625854492,-9.5367431640625e-7,-1.5,0,17.20811670919621
2,direct,L1,17135,17135,0,2,19,false,true,0.375,30.283157348632812,18.5,8.357694625854492,-9.5367431640625e-7,1.5,0,17.090202665708325
2,direct,L1,17135,17135,0,2,19,false,true,0.375,30.283157348632812,18.5,8.357694625854492,-9.5367431640625e-7,1.5,0,17.090202665708325
3,right bridge alignment,G1,13661,13661,0,0,0,false,true,0.37881221772178636,13.128291130065918,18.161029815673828,6.666666507720947,0,-0.48624019622802805,0,0.08260313368190397
3,right bridge alignment,G1,13661,13661,0,0,0,false,true,0.37881221772178636,13.128291130065918,18.161029815673828,6.666666507720947,0,-0.48624019622802805,0,0.08260313368190397
3,right bridge alignment,G1,13675,13675,0,0,0,false,true,0.37881221772178636,13.128291130065918,18.724790573120117,6.666666507720947,0,0.07752056121826101,0,0
3,right bridge alignment,G1,13675,13675,0,0,0,false,true,0.37881221772178636,13.128291130065918,18.724790573120117,6.666666507720947,0,0.07752056121826101,0,0
3,right bridge alignment,G1,13660,13660,0,0,0,false,true,0.37881221772178636,13.128291130065918,17.597270965576172,6.666666507720947,0,-1.0499990463256843,0,0.17837523977313802
3,right bridge alignment,G1,13660,13660,0,0,0,false,true,0.37881221772178636,13.128291130065918,18.161029815673828,6.666666507720947,0,-0.48624019622802805,0,0.08260313368190397
3,right bridge alignment,G1,13663,13663,0,0,0,false,true,0.37881221772178636,13.128291130065918,17.597270965576172,6.666666507720947,0,-1.0499990463256843,0,0.17837523977313802
3,right bridge alignment,G1,13663,13663,0,0,0,false,true,0.37881221772178636,13.128291130065918,18.161029815673828,6.666666507720947,0,-0.48624019622802805,0,0.08260313368190397
3,right bridge alignment,G1,13662,13662,0,0,0,false,true,0.37881221772178636,13.128291130065918,18.161029815673828,6.666666507720947,0,-0.48624019622802805,0,0.08260313368190397
3,right bridge alignment,G1,13662,13662,0,0,0,false,true,0.37881221772178636,13.128291130065918,18.161029815673828,6.666666507720947,0,-0.48624019622802805,0,0.08260313368190397
3,right bridge alignment,G1,13674,13674,0,0,0,false,true,0.37881221772178636,13.128291130065918,18.161029815673828,6.666666507720947,0,-0.48624019622802805,0,0.08260313368190397
3,right bridge alignment,G1,13674,13674,0,0,0,false,true,0.37881221772178636,13.128291130065918,18.724790573120117,6.666666507720947,0,0.07752056121826101,0,0
3,right bridge alignment,G1,13677,13677,0,0,0,false,true,0.37881221772178636,13.128291130065918,18.161029815673828,6.666666507720947,0,-0.48624019622802805,0,0.08260313368190397
3,right bridge alignment,G1,13677,13677,0,0,0,false,true,0.37881221772178636,13.128291130065918,18.724790573120117,6.666666507720947,0,0.07752056121826101,0,0
3,right bridge alignment,G1,13676,13676,0,0,0,false,true,0.37881221772178636,13.128291130065918,18.724790573120117,6.666666507720947,0,0.07752056121826101,0,0
3,right bridge alignment,G1,13676,13676,0,0,0,false,true,0.37881221772178636,13.128291130065918,18.724790573120117,6.666666507720947,0,0.07752056121826101,0,0
3,right bridge alignment,G1,13692,13692,0,0,0,false,true,0.37881221772178636,13.128291130065918,19.288551330566406,6.666666507720947,0,0.6412813186645501,0,0
3,right bridge alignment,G1,13692,13692,0,0,0,false,true,0.37881221772178636,13.128291130065918,19.288551330566406,6.666666507720947,0,0.6412813186645501,0,0
3,right bridge alignment,G1,13693,13693,0,0,0,false,true,0.37881221772178636,13.128291130065918,18.724790573120117,6.666666507720947,0,0.07752056121826101,0,0
3,right bridge alignment,G1,13693,13693,0,0,0,false,true,0.37881221772178636,13.128291130065918,19.288551330566406,6.666666507720947,0,0.6412813186645501,0,0
3,right bridge alignment,G1,13695,13695,0,0,0,false,true,0.37881221772178636,13.128291130065918,18.724790573120117,6.666666507720947,0,0.07752056121826101,0,0
3,right bridge alignment,G1,13695,13695,0,0,0,false,true,0.37881221772178636,13.128291130065918,19.288551330566406,6.666666507720947,0,0.6412813186645501,0,0
3,right bridge alignment,G1,13694,13694,0,0,0,false,true,0.37881221772178636,13.128291130065918,19.288551330566406,6.666666507720947,0,0.6412813186645501,0,0
3,right bridge alignment,G1,13694,13694,0,0,0,false,true,0.37881221772178636,13.128291130065918,19.288551330566406,6.666666507720947,0,0.6412813186645501,0,0
3,right bridge alignment,G1,13691,13691,0,0,0,false,true,0.37881221772178636,13.128291130065918,19.288551330566406,6.666666507720947,0,0.6412813186645501,0,0
3,right bridge alignment,G1,13691,13691,0,0,0,false,true,0.37881221772178636,13.128291130065918,19.288551330566406,6.666666507720947,0,0.6412813186645501,0,0
3,right bridge alignment,G1,13714,13714,0,0,0,false,true,0.37881221772178636,13.128291130065918,19.288551330566406,6.666666507720947,0,0.6412813186645501,0,0
3,right bridge alignment,G1,13714,13714,0,0,0,false,true,0.37881221772178636,13.128291130065918,19.288551330566406,6.666666507720947,0,0.6412813186645501,0,0
3,right bridge alignment,G1,13717,13717,0,0,0,false,true,0.37881221772178636,13.128291130065918,19.288551330566406,6.666666507720947,0,0.6412813186645501,0,0
3,right bridge alignment,G1,13717,13717,0,0,0,false,true,0.37881221772178636,13.128291130065918,19.697269439697266,6.666666507720947,0,1.0499994277954094,0,0
3,right bridge alignment,G1,13715,13715,0,0,0,false,true,0.37881221772178636,13.128291130065918,19.288551330566406,6.666666507720947,0,0.6412813186645501,0,0
3,right bridge alignment,G1,13715,13715,0,0,0,false,true,0.37881221772178636,13.128291130065918,19.697269439697266,6.666666507720947,0,1.0499994277954094,0,0
3,right bridge alignment,G1,13660,13660,0,0,1,false,true,0.23370760840456156,13.128291130065918,17.597270965576172,6.666666507720947,0,-1.0499990463256843,0,0.17837523977313802
3,right bridge alignment,G1,13660,13660,0,0,1,false,true,0.23370760840456156,13.128291130065918,17.597270965576172,6.666666507720947,0,-1.0499990463256843,0,0.17837523977313802
3,right bridge alignment,G1,13663,13663,0,0,1,false,true,0.23370760840456156,13.128291130065918,17.597270965576172,6.666666507720947,0,-1.0499990463256843,0,0.17837523977313802
3,right bridge alignment,G1,13663,13663,0,0,1,false,true,0.23370760840456156,13.128291130065918,17.597270965576172,6.666666507720947,0,-1.0499990463256843,0,0.17837523977313802
3,right bridge alignment,G1,13676,13676,0,0,2,true,true,0.37881221772178636,13.30918625007523,18.724790573120117,6.434050144254915,0.1808951200093123,0.07752056121826101,-0.23261636346603254,0.16509642726370466
3,right bridge alignment,G1,13676,13676,0,0,2,true,true,0.37881221772178636,13.30918625007523,18.633463869309743,6.434050144254915,0.1808951200093123,-0.013806142592112991,-0.23261636346603254,0.18061112963117032
3,right bridge alignment,G1,13695,13695,0,0,2,true,true,0.37881221772178636,13.30918625007523,18.737956500977877,6.434050144254915,0.1808951200093123,0.0906864890760204,-0.23261636346603254,0.16285978186228087
3,right bridge alignment,G1,13695,13695,0,0,2,true,true,0.37881221772178636,13.30918625007523,18.724790573120117,6.434050144254915,0.1808951200093123,0.07752056121826101,-0.23261636346603254,0.16509642726370466
3,right bridge alignment,G1,13694,13694,0,0,2,true,true,0.37881221772178636,13.30918625007523,19.288551330566406,6.434050144254915,0.1808951200093123,0.6412813186645501,-0.23261636346603254,0.06932399714953849
3,right bridge alignment,G1,13694,13694,0,0,2,true,true,0.37881221772178636,13.30918625007523,18.737956500977877,6.434050144254915,0.1808951200093123,0.0906864890760204,-0.23261636346603254,0.16285978186228087
3,right bridge alignment,G1,13717,13717,0,0,2,true,true,0.37881221772178636,13.30918625007523,19.301717258424166,6.434050144254915,0.1808951200093123,0.6544472465223095,-0.23261636346603254,0.06708735174811475
3,right bridge alignment,G1,13717,13717,0,0,2,true,true,0.37881221772178636,13.30918625007523,19.288551330566406,6.434050144254915,0.1808951200093123,0.6412813186645501,-0.23261636346603254,0.06932399714953849
3,right bridge alignment,G1,13716,13716,0,0,2,true,true,0.37881221772178636,13.30918625007523,19.675654105199175,6.434050144254915,0.1808951200093123,1.0283840932973192,-0.23261636346603254,0.0035624609999621508
3,right bridge alignment,G1,13716,13716,0,0,2,true,true,0.37881221772178636,13.30918625007523,19.301717258424166,6.434050144254915,0.1808951200093123,0.6544472465223095,-0.23261636346603254,0.06708735174811475
3,right bridge alignment,G1,13649,13649,0,0,3,true,true,0.23370760840456156,13.300106497661504,17.597270011901855,6.443806239555341,0.17181536759558647,-1.0500000000000007,-0.222860268165606,0.5393419041128378
3,right bridge alignment,G1,13649,13649,0,0,3,true,true,0.23370760840456156,13.273799828698452,17.559309420044187,6.440060827342301,0.14550869863253446,-1.0879605918576694,-0.22660568037864603,0.5282525605794111
3,right bridge alignment,G1,13663,13663,0,0,3,true,true,0.23370760840456156,13.300369612090256,17.632720411346128,6.44346495604287,0.17207848202433773,-1.0145496005557284,-0.22320155167807698,0.5269823341884081
3,right bridge alignment,G1,13663,13663,0,0,3,true,true,0.23370760840456156,13.300106497661506,17.597270011901855,6.443806239555341,0.17181536759558824,-1.0500000000000007,-0.222860268165606,0.5393419041128394
3,right bridge alignment,G1,13662,13662,0,0,3,true,true,0.23370760840456156,13.305652689822645,18.161029815673828,6.438594014404659,0.17736155975672752,-0.48624019622802805,-0.22807249331628832,0.3440633503407136
3,right bridge alignment,G1,13662,13662,0,0,3,true,true,0.23370760840456156,13.300369612090256,17.632720411346128,6.44346495604287,0.17207848202433773,-1.0145496005557284,-0.22320155167807698,0.5269823341884081
3,right bridge alignment,G1,13677,13677,0,0,3,true,true,0.23370760840456156,13.305827624771505,18.184418472185964,6.438369062334946,0.17753649470558663,-0.4628515397158921,-0.22829744538600139,0.3359102905289506
3,right bridge alignment,G1,13677,13677,0,0,3,true,true,0.23370760840456156,13.305652689822644,18.161029815673828,6.438594014404658,0.17736155975672574,-0.48624019622802805,-0.2280724933162892,0.34406335034071195
3,right bridge alignment,G1,13676,13676,0,0,3,true,true,0.23370760840456156,13.30918625007523,18.63346386930974,6.434050144254915,0.1808951200093123,-0.013806142592116544,-0.23261636346603254,0.18061112963117093
3,right bridge alignment,G1,13676,13676,0,0,3,true,true,0.23370760840456156,13.305827624771505,18.184418472185964,6.438369062334946,0.17753649470558663,-0.4628515397158921,-0.22829744538600139,0.3359102905289506
3,right bridge alignment,G1,13649,13649,0,0,4,true,true,0.027729345161470697,13.215012620782318,17.57464632629776,6.531612544174759,0.08672149071639979,-1.0726236856040963,-0.1350539635461887,0.46785385064110085
3,right bridge alignment,G1,13649,13649,0,0,4,true,true,0.027729345161470697,13.128294785552194,17.597270011901855,6.666661766220446,0.0000036554862763438223,-1.0500000000000007,-0.000004741500501559415,0.17837900413665467
3,right bridge alignment,G1,13660,13660,0,0,4,false,true,0.027729345161470697,13.128291130065918,17.597270965576172,6.666666507720947,0,-1.0499990463256843,0,0.17837523977313802
3,right bridge alignment,G1,13660,13660,0,0,4,false,true,0.027729345161470697,13.128291130065918,17.597270965576172,6.666666507720947,0,-1.0499990463256843,0,0.17837523977313802
3,right bridge alignment,G1,13663,13663,0,0,4,false,true,0.027729345161470697,13.128294785552194,17.597270011901855,6.666661766220446,0.0000036554862763438223,-1.0500000000000007,-0.000004741500501559415,0.17837900413665467
3,right bridge alignment,G1,13663,13663,0,0,4,false,true,0.027729345161470697,13.128291130065918,17.597270965576172,6.666666507720947,0,-1.0499990463256843,0,0.17837523977313802
3,right bridge alignment,G1,13649,13649,0,0,5,true,true,0.027729345161470697,13.273799828698452,17.559309420044187,6.440060827342301,0.14550869863253446,-1.0879605918576694,-0.22660568037864603,0.5282525605794111
3,right bridge alignment,G1,13649,13649,0,0,5,true,true,0.027729345161470697,13.215012620782318,17.57464632629776,6.531612544174759,0.08672149071639979,-1.0726236856040963,-0.1350539635461887,0.46785385064110085
3,right bridge alignment,G1,13717,13717,0,0,6,true,true,0.04520926236004132,13.128291130065918,19.697269439697266,6.666666507720947,0,1.0499994277954094,0,0
3,right bridge alignment,G1,13717,13717,0,0,6,true,true,0.04520926236004132,13.181311065118006,19.69093403589445,6.5984871976191215,0.05301993505208813,1.0436640239925943,-0.06817931010182576,0
3,right bridge alignment,G1,13715,13715,0,0,6,false,true,0.04520926236004132,13.128291130065918,19.697269439697266,6.666666507720947,0,1.0499994277954094,0,0
3,right bridge alignment,G1,13715,13715,0,0,6,false,true,0.04520926236004132,13.128291130065918,19.697269439697266,6.666666507720947,0,1.0499994277954094,0,0
3,right bridge alignment,G1,13716,13716,0,0,6,true,true,0.04520926236004132,13.181311065118006,19.69093403589445,6.5984871976191215,0.05301993505208813,1.0436640239925943,-0.06817931010182576,0
3,right bridge alignment,G1,13716,13716,0,0,6,true,true,0.04520926236004132,13.248589650716182,19.68289485201714,6.51197242640705,0.12029852065026425,1.0356248401152826,-0.15469408131389706,0
3,right bridge alignment,G1,13716,13716,0,0,7,true,true,0.04520926236004132,13.248589650716182,19.68289485201714,6.51197242640705,0.12029852065026425,1.0356248401152826,-0.15469408131389706,0
3,right bridge alignment,G1,13716,13716,0,0,7,true,true,0.04520926236004132,13.30918625007523,19.675654105199175,6.434050144254916,0.1808951200093123,1.0283840932973192,-0.23261636346603165,0.0035624609999621508
3,right bridge alignment,G1,14444,14444,0,0,81,true,true,1.1917503357435604,19.088860718728615,14.271206851853167,7.027669137261841,5.960569588662697,-4.376063160048689,0.3610026295408941,7.328595264511258
3,right bridge alignment,G1,14444,14444,0,0,81,true,true,1.1917503357435604,18.954819825853903,14.250098357416325,7.024057448394738,5.826528695787985,-4.397171654485531,0.35739094067379096,7.219377229376927
3,right bridge alignment,G1,14445,14445,0,0,81,true,true,1.1917503357435604,19.288551330566406,14.288363595945757,7.033260873964161,6.160260200500488,-4.358906415956099,0.3665943662432136,7.497893006382112
3,right bridge alignment,G1,14445,14445,0,0,81,true,true,1.1917503357435604,19.088860718728615,14.271206851853167,7.027669137261841,5.960569588662697,-4.376063160048689,0.3610026295408941,7.328595264511258
3,right bridge alignment,G1,14484,14484,0,0,81,true,true,1.1917503357435604,19.60592643870705,14.313553688153299,7.042178710226499,6.477635308641133,-4.333716323748558,0.3755122025055515,7.7679214852016045
3,right bridge alignment,G1,14484,14484,0,0,81,true,true,1.1917503357435604,19.288551330566406,14.288363595945759,7.03326087396416,6.160260200500488,-4.358906415956097,0.36659436624321273,7.497893006382111
3,right bridge alignment,G1,14485,14485,0,0,81,true,true,1.1917503357435604,19.800603764054976,14.421305747831653,7.046285152435303,6.672312633989058,-4.225964264070203,0.37961864471435547,7.884176539367285
3,right bridge alignment,G1,14485,14485,0,0,81,true,true,1.1917503357435604,19.60592643870705,14.313553688153297,7.042178710226499,6.477635308641133,-4.333716323748559,0.3755122025055515,7.767921485201605
3,right bridge alignment,G1,14447,14447,0,0,84,true,true,0.13158525474343252,19.258445908447342,14.090111255645752,6.96716701719129,6.130154778381424,-4.557158756256104,0.3005005094703428,7.562569081567624
3,right bridge alignment,G1,14447,14447,0,0,84,true,true,0.13158525474343252,19.288551330566406,14.074248062367793,6.965449285126084,6.160260200500488,-4.573021949534063,0.2987827774051368,7.596597566504668
3,right bridge alignment,G1,14486,14486,0,0,84,true,true,0.13158525474343252,19.288551330566406,14.074248062367793,6.965449285126084,6.160260200500488,-4.573021949534063,0.2987827774051368,7.596597566504668
3,right bridge alignment,G1,14486,14486,0,0,84,true,true,0.13158525474343252,19.290097858782794,14.073433163446618,6.965465400222174,6.161806728716876,-4.5738368484552385,0.2987988925012264,7.5983456241106335
3,right bridge alignment,G1,14444,14444,0,0,84,true,true,0.13158525474343252,18.954819825853903,14.250098357416327,7.024057448394738,5.826528695787985,-4.397171654485529,0.35739094067379096,7.219377229376926
3,right bridge alignment,G1,14444,14444,0,0,84,true,true,0.13158525474343252,19.258445908447342,14.090111255645752,6.96716701719129,6.130154778381424,-4.557158756256104,0.3005005094703428,7.562569081567624
3,right bridge alignment,G1,14486,14486,0,0,85,true,true,0.13158525474343252,19.290097858782794,14.073433163446618,6.965465400222174,6.161806728716876,-4.5738368484552385,0.2987988925012264,7.5983456241106335
3,right bridge alignment,G1,14486,14486,0,0,85,true,true,0.13158525474343252,19.330301036433926,14.052249245979999,6.96588432440609,6.2020099063680085,-4.595020765921857,0.29921781668514313,7.643787711576218
3,right bridge alignment,G1,14487,14487,0,0,85,true,true,0.13158525474343252,19.330301036433926,14.052249245979999,6.965884324406091,6.2020099063680085,-4.595020765921857,0.299217816685144,7.643787711576218
3,right bridge alignment,G1,14487,14487,0,0,85,true,true,0.13158525474343252,19.554649353027344,13.934035301208496,6.964110640981031,6.426358222961426,-4.71323471069336,0.29744413326008345,7.884176539367285
3,right bridge alignment,G1,14485,14485,0,0,88,true,true,1.1704593158997794,19.852312088012695,14.450009316438077,7.047394457043971,6.724020957946777,-4.197260695463779,0.380727949323024,7.911335753152051
3,right bridge alignment,G1,14485,14485,0,0,88,true,true,1.1704593158997794,19.800603764054976,14.421305747831653,7.046285152435303,6.672312633989058,-4.225964264070203,0.37961864471435547,7.884176539367285
3,right bridge alignment,G1,14528,14528,0,0,88,true,true,1.1704593158997794,20.006132036612883,14.461878497892137,7.051800356529435,6.877840906546965,-4.185391514009719,0.3851338488084881,8.044200023912655
3,right bridge alignment,G1,14528,14528,0,0,88,true,true,1.1704593158997794,19.852312088012695,14.450009316438077,7.047394457043971,6.724020957946777,-4.197260695463779,0.380727949323024,7.911335753152051
3,right bridge alignment,G1,14529,14529,0,0,88,true,true,1.1704593158997794,20.16760879649546,14.427553731090253,7.057129396282461,7.039317666429543,-4.219716280811603,0.39046288856151357,8.204286464257951
3,right bridge alignment,G1,14529,14529,0,0,88,true,true,1.1704593158997794,20.006132036612883,14.461878497892137,7.0518003565294345,6.877840906546965,-4.185391514009719,0.3851338488084872,8.044200023912655
3,right bridge alignment,G1,14529,14529,0,0,89,true,true,1.239408225534003,20.416071891784668,14.373643001885146,7.064976597436849,7.28778076171875,-4.27362701001671,0.39831008971590176,8.451092832485342
3,right bridge alignment,G1,14529,14529,0,0,89,true,true,1.239408225534003,20.16760879649546,14.427553731090253,7.057129396282461,7.039317666429543,-4.219716280811603,0.39046288856151357,8.204286464257951
3,right bridge alignment,G1,14551,14551,0,0,89,true,true,1.239408225534003,20.499648215819185,14.303254100671632,7.068326367525223,7.371357085753267,-4.344015911230224,0.4016598598042753,8.557129877137646
3,right bridge alignment,G1,14551,14551,0,0,89,true,true,1.239408225534003,20.416071891784668,14.373643001885146,7.064976597436849,7.28778076171875,-4.27362701001671,0.39831008971590176,8.451092832485342
3,right bridge alignment,G1,14553,14553,0,0,89,true,true,1.239408225534003,20.65047397346776,13.827740666551442,7.079107712893752,7.522182843401843,-4.819529345350414,0.41244120517280436,8.90199599386119
3,right bridge alignment,G1,14553,14553,0,0,89,true,true,1.239408225534003,20.630928406595086,14.090111255645752,7.07498222843223,7.502637276529168,-4.557158756256104,0.40831572071128264,8.768875779206656
3,right bridge alignment,G1,14552,14552,0,0,89,true,true,1.239408225534003,20.630928406595086,14.090111255645752,7.07498222843223,7.502637276529168,-4.557158756256104,0.40831572071128264,8.768875779206656
3,right bridge alignment,G1,14552,14552,0,0,89,true,true,1.239408225534003,20.499648215819185,14.303254100671632,7.068326367525223,7.371357085753267,-4.344015911230224,0.4016598598042753,8.557129877137646
3,right bridge alignment,G1,14554,14554,0,0,89,true,true,1.239408225534003,20.65834719312451,13.720122706776042,7.080795764923096,7.530056063058591,-4.927147305125814,0.41412925720214844,8.94558226959997
3,right bridge alignment,G1,14554,14554,0,0,89,true,true,1.239408225534003,20.65047397346776,13.827740666551442,7.079107712893752,7.522182843401843,-4.819529345350414,0.41244120517280436,8.90199599386119
3,right bridge alignment,G1,14487,14487,0,0,92,true,true,0.13612459756930978,19.554649353027344,13.934035301208496,6.964110640981031,6.426358222961426,-4.71323471069336,0.29744413326008345,7.884176539367285
3,right bridge alignment,G1,14487,14487,0,0,92,true,true,0.13612459756930978,19.852312088012695,13.785926883916996,6.9619111110224825,6.724020957946777,-4.86134312798486,0.29524460330153524,8.203861139310547
3,right bridge alignment,G1,14530,14530,0,0,92,true,true,0.13612459756930978,19.852312088012695,13.785926883916996,6.9619111110224825,6.724020957946777,-4.86134312798486,0.29524460330153524,8.203861139310547
3,right bridge alignment,G1,14530,14530,0,0,92,true,true,0.13612459756930978,20.12323494553292,13.651123460715949,6.962206180590272,6.994943815467003,-4.996146551185907,0.2955396728693245,8.506463741624598
3,right bridge alignment,G1,14533,14533,0,0,93,true,true,0.13612459756930978,20.268492641422803,13.578847408294678,6.962364384759297,7.140201511356885,-5.0684226036071784,0.29569787703835004,8.668706814005965
3,right bridge alignment,G1,14533,14533,0,0,93,true,true,0.13612459756930978,20.416071891784668,13.505416217127138,6.964264060554321,7.28778076171875,-5.141853794774718,0.2975975528333734,8.833542906522533
3,right bridge alignment,G1,14555,14555,0,0,93,true,true,0.13612459756930978,20.416071891784668,13.505416217127138,6.96426406055432,7.28778076171875,-5.141853794774718,0.2975975528333725,8.833542906522533
3,right bridge alignment,G1,14555,14555,0,0,93,true,true,0.13612459756930978,20.52962303161621,13.4489164352417,7.0181865619158215,7.401331901550293,-5.198353576660157,0.3515200541948742,8.94558226959997
3,right bridge alignment,G1,14530,14530,0,0,93,true,true,0.13612459756930978,20.12323494553292,13.651123460715949,6.962206180590271,6.994943815467003,-4.996146551185907,0.2955396728693236,8.506463741624598
3,right bridge alignment,G1,14530,14530,0,0,93,true,true,0.13612459756930978,20.268492641422803,13.578847408294678,6.962364384759297,7.140201511356885,-5.0684226036071784,0.29569787703835004,8.668706814005965
3,right bridge alignment,G1,14555,14555,0,0,96,true,true,1.2038579633859003,20.669071792589992,13.565380239889633,7.083277202968423,7.5407806625240745,-5.081889772012223,0.41661069524747596,9.009285847999818
3,right bridge alignment,G1,14555,14555,0,0,96,true,true,1.2038579633859003,20.66883090407547,13.578847408294678,7.083081659148978,7.540539774009552,-5.0684226036071784,0.41641515142803076,9.003447058474865
3,right bridge alignment,G1,14554,14554,0,0,96,true,true,1.2038579633859003,20.66883090407547,13.578847408294678,7.083081659148977,7.540539774009552,-5.0684226036071784,0.4164151514280299,9.003447058474865
3,right bridge alignment,G1,14554,14554,0,0,96,true,true,1.2038579633859003,20.65834719312451,13.720122706776042,7.080795764923096,7.530056063058591,-4.927147305125814,0.41412925720214844,8.94558226959997
3,right bridge alignment,G1,14555,14555,0,0,97,true,true,1.2803564733302693,20.67170271863969,13.38275155561018,7.085628991098862,7.543411588573772,-5.264518456291675,0.4189624833779151,9.087888084276367
3,right bridge alignment,G1,14555,14555,0,0,97,true,true,1.2803564733302693,20.669071792589992,13.565380239889633,7.083277202968422,7.5407806625240745,-5.081889772012223,0.41661069524747507,9.009285847999818
3,right bridge alignment,G1,14555,14555,0,0,100,true,true,0.13988942869467247,20.52962303161621,13.4489164352417,7.018186561915822,7.401331901550293,-5.198353576660157,0.3515200541948751,8.94558226959997
3,right bridge alignment,G1,14555,14555,0,0,100,true,true,0.13988942869467247,20.67170271863969,13.38275155561018,7.085628991098863,7.543411588573772,-5.264518456291675,0.418962483377916,9.087888084276367
3,right bridge alignment,G1,13660,13660,0,0,392,false,true,0.2624998092651367,13.128291130065918,17.597270965576172,6.666666507720947,0,-1.0499990463256843,0,0.17837523977313802
3,right bridge alignment,G1,13660,13660,0,0,392,false,true,0.2624998092651367,13.128291130065918,17.597270965576172,6.666666507720947,0,-1.0499990463256843,0,0.17837523977313802
3,right bridge alignment,G1,13663,13663,0,0,392,false,true,0.2624998092651367,13.128291130065918,17.597270965576172,6.666666507720947,0,-1.0499990463256843,0,0.17837523977313802
3,right bridge alignment,G1,13663,13663,0,0,392,false,true,0.2624998092651367,13.128291130065918,17.597270965576172,6.666666507720947,0,-1.0499990463256843,0,0.17837523977313802
3,right bridge alignment,G1,13661,13661,0,0,393,false,true,0.2624998092651367,13.128291130065918,18.161029815673828,6.666666507720947,0,-0.48624019622802805,0,0.08260313368190397
3,right bridge alignment,G1,13661,13661,0,0,393,false,true,0.2624998092651367,13.128291130065918,18.161029815673828,6.666666507720947,0,-0.48624019622802805,0,0.08260313368190397
3,right bridge alignment,G1,13675,13675,0,0,393,false,true,0.2624998092651367,13.128291130065918,18.724790573120117,6.666666507720947,0,0.07752056121826101,0,0
3,right bridge alignment,G1,13675,13675,0,0,393,false,true,0.2624998092651367,13.128291130065918,18.724790573120117,6.666666507720947,0,0.07752056121826101,0,0
3,right bridge alignment,G1,13660,13660,0,0,393,false,true,0.2624998092651367,13.128291130065918,17.597270965576172,6.666666507720947,0,-1.0499990463256843,0,0.17837523977313802
3,right bridge alignment,G1,13660,13660,0,0,393,false,true,0.2624998092651367,13.128291130065918,18.161029815673828,6.666666507720947,0,-0.48624019622802805,0,0.08260313368190397
3,right bridge alignment,G1,13663,13663,0,0,393,false,true,0.2624998092651367,13.128291130065918,17.597270965576172,6.666666507720947,0,-1.0499990463256843,0,0.17837523977313802
3,right bridge alignment,G1,13663,13663,0,0,393,false,true,0.2624998092651367,13.128291130065918,18.161029815673828,6.666666507720947,0,-0.48624019622802805,0,0.08260313368190397
3,right bridge alignment,G1,13662,13662,0,0,393,false,true,0.2624998092651367,13.128291130065918,18.161029815673828,6.666666507720947,0,-0.48624019622802805,0,0.08260313368190397
3,right bridge alignment,G1,13662,13662,0,0,393,false,true,0.2624998092651367,13.128291130065918,18.161029815673825,6.666666507720947,0,-0.4862401962280316,0,0.08260313368190457
3,right bridge alignment,G1,13674,13674,0,0,393,false,true,0.2624998092651367,13.128291130065918,18.161029815673828,6.666666507720947,0,-0.48624019622802805,0,0.08260313368190397
3,right bridge alignment,G1,13674,13674,0,0,393,false,true,0.2624998092651367,13.128291130065918,18.724790573120117,6.666666507720947,0,0.07752056121826101,0,0
3,right bridge alignment,G1,13677,13677,0,0,393,false,true,0.2624998092651367,13.128291130065918,18.161029815673828,6.666666507720947,0,-0.48624019622802805,0,0.08260313368190397
3,right bridge alignment,G1,13677,13677,0,0,393,false,true,0.2624998092651367,13.128291130065918,18.724790573120117,6.666666507720947,0,0.07752056121826101,0,0
3,right bridge alignment,G1,13676,13676,0,0,393,false,true,0.2624998092651367,13.128291130065918,18.724790573120117,6.666666507720947,0,0.07752056121826101,0,0
3,right bridge alignment,G1,13676,13676,0,0,393,false,true,0.2624998092651367,13.128291130065918,18.724790573120117,6.666666507720947,0,0.07752056121826101,0,0
3,right bridge alignment,G1,13692,13692,0,0,393,false,true,0.2624998092651367,13.128291130065918,19.288551330566406,6.666666507720947,0,0.6412813186645501,0,0
3,right bridge alignment,G1,13692,13692,0,0,393,false,true,0.2624998092651367,13.128291130065918,19.288551330566406,6.666666507720947,0,0.6412813186645501,0,0
3,right bridge alignment,G1,13693,13693,0,0,393,false,true,0.2624998092651367,13.128291130065918,18.724790573120117,6.666666507720947,0,0.07752056121826101,0,0
3,right bridge alignment,G1,13693,13693,0,0,393,false,true,0.2624998092651367,13.128291130065918,19.288551330566406,6.666666507720947,0,0.6412813186645501,0,0
3,right bridge alignment,G1,13695,13695,0,0,393,false,true,0.2624998092651367,13.128291130065918,18.724790573120117,6.666666507720947,0,0.07752056121826101,0,0
3,right bridge alignment,G1,13695,13695,0,0,393,false,true,0.2624998092651367,13.128291130065918,19.288551330566406,6.666666507720947,0,0.6412813186645501,0,0
3,right bridge alignment,G1,13694,13694,0,0,393,false,true,0.2624998092651367,13.128291130065918,19.288551330566406,6.666666507720947,0,0.6412813186645501,0,0
3,right bridge alignment,G1,13694,13694,0,0,393,false,true,0.2624998092651367,13.128291130065918,19.288551330566406,6.666666507720947,0,0.6412813186645501,0,0
3,right bridge alignment,G1,13691,13691,0,0,393,false,true,0.2624998092651367,13.128291130065918,19.288551330566406,6.666666507720947,0,0.6412813186645501,0,0
3,right bridge alignment,G1,13691,13691,0,0,393,false,true,0.2624998092651367,13.128291130065918,19.288551330566406,6.666666507720947,0,0.6412813186645501,0,0
3,right bridge alignment,G1,13714,13714,0,0,393,false,true,0.2624998092651367,13.128291130065918,19.288551330566406,6.666666507720947,0,0.6412813186645501,0,0
3,right bridge alignment,G1,13714,13714,0,0,393,false,true,0.2624998092651367,13.128291130065918,19.288551330566406,6.666666507720947,0,0.6412813186645501,0,0
3,right bridge alignment,G1,13717,13717,0,0,393,false,true,0.2624998092651367,13.128291130065918,19.288551330566406,6.666666507720947,0,0.6412813186645501,0,0
3,right bridge alignment,G1,13717,13717,0,0,393,false,true,0.2624998092651367,13.128291130065918,19.697269439697266,6.666666507720947,0,1.0499994277954094,0,0
3,right bridge alignment,G1,13715,13715,0,0,393,false,true,0.2624998092651367,13.128291130065918,19.288551330566406,6.666666507720947,0,0.6412813186645501,0,0
3,right bridge alignment,G1,13715,13715,0,0,393,false,true,0.2624998092651367,13.128291130065918,19.697269439697266,6.666666507720947,0,1.0499994277954094,0,0
3,right bridge alignment,L1,15404,15404,0,0,272,true,true,1.1689259293294094,44.43585185489296,15.383420573806456,7.872567781242574,-5.280991750148544,-4.616579426193544,-0.48512684461191835,34.01068011147442
3,right bridge alignment,L1,15404,15404,0,0,272,true,true,1.1689259293294094,44.23994541168213,15.37561436404656,7.865704331785073,-5.476898193359375,-4.624385635953439,-0.49199029406941897,33.83767226319376
3,right bridge alignment,L1,15406,15406,0,0,272,true,true,1.1689259293294094,44.1533077565236,15.37563839147315,7.8627348952817,-5.563535848517901,-4.624361608526851,-0.4949597305727922,33.762917596288816
3,right bridge alignment,L1,15406,15406,0,0,272,true,true,1.1689259293294094,44.130394011214086,15.376036184460467,7.861956960466828,-5.5864495938274175,-4.623963815539533,-0.4957376653876642,33.7433444064321
3,right bridge alignment,L1,15407,15407,0,0,272,true,true,1.1689259293294094,44.23994541168213,15.375614364046559,7.865704331785074,-5.476898193359375,-4.624385635953441,-0.4919902940694181,33.83767226319376
3,right bridge alignment,L1,15407,15407,0,0,272,true,true,1.1689259293294094,44.1533077565236,15.37563839147315,7.862734895281699,-5.563535848517901,-4.624361608526851,-0.4949597305727931,33.762917596288816
3,right bridge alignment,L1,15404,15404,0,0,273,true,true,1.3533855467729938,44.50227404263281,15.386051984312864,7.8745436668396,-5.214569562408691,-4.613948015687136,-0.4831509590148926,34.125609218990384
3,right bridge alignment,L1,15404,15404,0,0,273,true,true,1.3533855467729938,44.43585185489296,15.383420573806456,7.872567781242574,-5.280991750148544,-4.616579426193544,-0.48512684461191835,34.01068011147442
3,right bridge alignment,L1,14944,14944,0,0,274,true,true,1.1689259293294094,44.23994541168213,15.37172269821167,7.615630606908984,-5.476898193359375,-4.62827730178833,-0.7420640189455083,33.835706064033246
3,right bridge alignment,L1,14944,14944,0,0,274,true,true,1.1689259293294094,44.395584338830425,15.377686984438567,7.621078813874518,-5.321259266211079,-4.622313015561433,-0.7366158119799744,33.973033137394935
3,right bridge alignment,L1,14945,14945,0,0,274,true,true,1.1689259293294094,44.395584338830425,15.377686984438567,7.621078813874518,-5.321259266211079,-4.622313015561433,-0.7366158119799744,33.973033137394935
3,right bridge alignment,L1,14945,14945,0,0,274,true,true,1.1689259293294094,44.43664250557486,15.379260386818695,7.622516072497072,-5.280201099466645,-4.620739613181305,-0.7351785533574198,34.00926056442698
3,right bridge alignment,L1,14947,14947,0,0,274,true,true,1.1689259293294094,44.12668209675935,15.37379278065915,7.611787218349227,-5.590161508282151,-4.62620721934085,-0.745907407505265,33.73900764579816
3,right bridge alignment,L1,14947,14947,0,0,274,true,true,1.1689259293294094,44.23994541168213,15.37172269821167,7.615630606908984,-5.476898193359375,-4.62827730178833,-0.7420640189455083,33.835706064033246
3,right bridge alignment,L1,14945,14945,0,0,275,true,true,1.3533855467729938,44.43664250557486,15.379260386818693,7.622516072497073,-5.280201099466645,-4.620739613181307,-0.7351785533574189,34.009260564426974
3,right bridge alignment,L1,14945,14945,0,0,275,true,true,1.3533855467729938,44.504856258832085,15.381874426612539,7.6245436668396005,-5.211987346209419,-4.618125573387461,-0.7331509590148917,34.125487497736394
3,right bridge alignment,L1,14947,14947,0,0,278,true,true,0.11022521713550912,44.12668209675935,15.37379278065915,7.776318550109863,-5.590161508282151,-4.62620721934085,-0.5813760757446289,33.73900764579816
3,right bridge alignment,L1,14947,14947,0,0,278,true,true,0.11022521713550912,44.12668209675935,15.37379278065915,7.769377611776147,-5.590161508282151,-4.62620721934085,-0.5883170140783456,33.73900764579816
3,right bridge alignment,L1,15406,15406,0,0,278,true,true,0.11022521713550912,44.130394011214086,15.37603618446047,7.861956960466828,-5.5864495938274175,-4.623963815539531,-0.4957376653876642,33.7433444064321
3,right bridge alignment,L1,15406,15406,0,0,278,true,true,0.11022521713550912,44.12668209675935,15.373792780659151,7.776318550109863,-5.590161508282151,-4.6262072193408486,-0.5813760757446289,33.73900764579816
3,right bridge alignment,L1,14947,14947,0,0,279,true,true,0.11022521713550912,44.12668209675935,15.37379278065915,7.769377611776147,-5.590161508282151,-4.62620721934085,-0.5883170140783456,33.73900764579816
3,right bridge alignment,L1,14947,14947,0,0,279,true,true,0.11022521713550912,44.12668209675935,15.37379278065915,7.611787218349227,-5.590161508282151,-4.62620721934085,-0.745907407505265,33.73900764579816
3,right bridge alignment,L1,15401,15401,0,0,280,true,true,1.137841046932878,45.26279281259981,15.421862237808469,7.901580539807935,-4.454050792441691,-4.578137762191531,-0.4561140860465569,34.78198968181985
3,right bridge alignment,L1,15401,15401,0,0,280,true,true,1.137841046932878,45.21158319370685,15.418650217433441,7.899742910882715,-4.505260411334653,-4.581349782566559,-0.45795171497177733,34.73735446529366
3,right bridge alignment,L1,15400,15400,0,0,280,true,true,1.137841046932878,45.21158319370685,15.418650217433441,7.899742910882715,-4.505260411334653,-4.581349782566559,-0.45795171497177733,34.73735446529366
3,right bridge alignment,L1,15400,15400,0,0,280,true,true,1.137841046932878,44.970194816589355,15.403509616851807,7.891080822126882,-4.746648788452148,-4.596490383148193,-0.4666138037276104,34.52695605357991
3,right bridge alignment,L1,15402,15402,0,0,280,true,true,1.137841046932878,44.85908503837611,15.399054969543213,7.887147400697147,-4.857758566665396,-4.600945030456787,-0.47054722515734504,34.43148546827357
3,right bridge alignment,L1,15402,15402,0,0,280,true,true,1.137841046932878,44.60507678985596,15.386597123618325,7.878106641446137,-5.111766815185547,-4.6134028763816755,-0.47958798440835526,34.21198676558015
3,right bridge alignment,L1,15403,15403,0,0,280,true,true,1.137841046932878,44.970194816589355,15.403509616851807,7.891080822126883,-4.746648788452148,-4.596490383148193,-0.4666138037276095,34.52695605357991
3,right bridge alignment,L1,15403,15403,0,0,280,true,true,1.137841046932878,44.85908503837611,15.399054969543213,7.887147400697147,-4.857758566665396,-4.600945030456787,-0.47054722515734504,34.43148546827357
3,right bridge alignment,L1,15405,15405,0,0,280,true,true,1.137841046932878,44.60507678985596,15.386597123618325,7.878106641446138,-5.111766815185547,-4.6134028763816755,-0.4795879844083544,34.21198676558015
3,right bridge alignment,L1,15405,15405,0,0,280,true,true,1.137841046932878,44.50645086797418,15.38621848251562,7.8746915110356746,-5.210392737067323,-4.61378151748438,-0.48300311481881764,34.12919761265284
3,right bridge alignment,L1,15404,15404,0,0,280,true,true,1.137841046932878,44.50645086797418,15.38621848251562,7.874691511035674,-5.210392737067323,-4.61378151748438,-0.4830031148188185,34.12919761265284
3,right bridge alignment,L1,15404,15404,0,0,280,true,true,1.137841046932878,44.50227404263281,15.386051984312866,7.8745436668396,-5.214569562408691,-4.613948015687134,-0.4831509590148926,34.125609218990384
3,right bridge alignment,L1,15347,15347,0,0,281,true,true,1.325240282398049,45.4701287301877,15.495217001084914,7.909054279327393,-4.246714874853801,-4.504782998915086,-0.4486403465270996,35.03070854306678
3,right bridge alignment,L1,15347,15347,0,0,281,true,true,1.325240282398049,45.34076976776123,15.426883697509766,7.9039414309243305,-4.376073837280273,-4.573116302490234,-0.45375319493016164,34.8500271369145
3,right bridge alignment,L1,15399,15399,0,0,281,true,true,1.325240282398049,45.338862413041326,15.426718348895694,7.903882834622368,-4.377981192000178,-4.573281651104306,-0.45381179123212423,34.84833966079997
3,right bridge alignment,L1,15399,15399,0,0,281,true,true,1.325240282398049,45.33532428741455,15.426411628723145,7.90377413901612,-4.381519317626953,-4.5735883712768555,-0.4539204868383724,34.845209407982765
3,right bridge alignment,L1,15398,15398,0,0,281,true,true,1.325240282398049,45.34076976776123,15.426883697509766,7.9039414309243305,-4.376073837280273,-4.573116302490234,-0.45375319493016164,34.8500271369145
3,right bridge alignment,L1,15398,15398,0,0,281,true,true,1.325240282398049,45.338862413041326,15.426718348895694,7.903882834622368,-4.377981192000178,-4.573281651104306,-0.45381179123212423,34.84833966079997
3,right bridge alignment,L1,15401,15401,0,0,281,true,true,1.325240282398049,45.33532428741455,15.426411628723145,7.90377413901612,-4.381519317626953,-4.5735883712768555,-0.4539204868383724,34.845209407982765
3,right bridge alignment,L1,15401,15401,0,0,281,true,true,1.325240282398049,45.26279281259981,15.421862237808469,7.901580539807935,-4.454050792441691,-4.578137762191531,-0.4561140860465569,34.78198968181985
3,right bridge alignment,L1,14941,14941,0,0,282,true,true,1.137841046932878,45.10107111723124,15.411718569649297,7.645777245980145,-4.615772487810261,-4.588281430350703,-0.7119173798743468,34.64103016980225
3,right bridge alignment,L1,14941,14941,0,0,282,true,true,1.137841046932878,45.26279281259981,15.421862237808467,7.651580539807936,-4.454050792441691,-4.578137762191533,-0.706114086046556,34.78198968181985
3,right bridge alignment,L1,14940,14940,0,0,282,true,true,1.137841046932878,44.970194816589355,15.403509616851807,7.641080822126883,-4.746648788452148,-4.596490383148193,-0.7166138037276095,34.52695605357991
3,right bridge alignment,L1,14940,14940,0,0,282,true,true,1.137841046932878,45.10107111723124,15.411718569649297,7.645777245980145,-4.615772487810261,-4.588281430350703,-0.7119173798743468,34.64103016980225
3,right bridge alignment,L1,14942,14942,0,0,282,true,true,1.137841046932878,44.60507678985596,15.385715007781982,7.628087805709985,-5.111766815185547,-4.614284992218018,-0.7296068201445074,34.21150451077339
3,right bridge alignment,L1,14942,14942,0,0,282,true,true,1.137841046932878,44.748564210439206,15.392708095958318,7.633193920102462,-4.968279394602298,-4.607291904041682,-0.7245007057520301,34.33547354238016
3,right bridge alignment,L1,14943,14943,0,0,282,true,true,1.137841046932878,44.748564210439206,15.392708095958318,7.633193920102462,-4.968279394602298,-4.607291904041682,-0.7245007057520301,34.33547354238016
3,right bridge alignment,L1,14943,14943,0,0,282,true,true,1.137841046932878,44.970194816589355,15.403509616851807,7.641080822126883,-4.746648788452148,-4.596490383148193,-0.7166138037276095,34.52695605357991
3,right bridge alignment,L1,14945,14945,0,0,282,true,true,1.137841046932878,44.504856258832085,15.381874426612539,7.6245436668396,-5.211987346209419,-4.618125573387461,-0.7331509590148926,34.125487497736394
3,right bridge alignment,L1,14945,14945,0,0,282,true,true,1.137841046932878,44.60507678985596,15.385715007781982,7.628087805709984,-5.111766815185547,-4.614284992218018,-0.7296068201445083,34.21150451077339
3,right bridge alignment,L1,14939,14939,0,0,283,true,true,1.325240282398049,45.33532428741455,15.426411628723145,7.65377413901612,-4.381519317626953,-4.5735883712768555,-0.7039204868383724,34.845209407982765
3,right bridge alignment,L1,14939,14939,0,0,283,true,true,1.325240282398049,45.33715574318021,15.426570397655544,7.6538304036081,-4.379687861861292,-4.573429602344456,-0.7038642222463922,34.846829734724885
3,right bridge alignment,L1,14887,14887,0,0,283,true,true,1.325240282398049,45.34076976776123,15.426883697509766,7.6539414309243305,-4.376073837280273,-4.573116302490234,-0.7037531949301616,34.8500271369145
3,right bridge alignment,L1,14887,14887,0,0,283,true,true,1.325240282398049,45.50247721969565,15.448174804235256,7.659054279327393,-4.214366385345855,-4.551825195764744,-0.6986403465270996,35.0292862601411
3,right bridge alignment,L1,14938,14938,0,0,283,true,true,1.325240282398049,45.33715574318021,15.426570397655544,7.6538304036081,-4.379687861861292,-4.573429602344456,-0.7038642222463922,34.846829734724885
3,right bridge alignment,L1,14938,14938,0,0,283,true,true,1.325240282398049,45.34076976776123,15.426883697509766,7.6539414309243305,-4.376073837280273,-4.573116302490234,-0.7037531949301616,34.8500271369145
3,right bridge alignment,L1,14941,14941,0,0,283,true,true,1.325240282398049,45.26279281259981,15.421862237808469,7.651580539807935,-4.454050792441691,-4.578137762191531,-0.7061140860465569,34.78198968181985
3,right bridge alignment,L1,14941,14941,0,0,283,true,true,1.325240282398049,45.33532428741455,15.426411628723145,7.65377413901612,-4.381519317626953,-4.5735883712768555,-0.7039204868383724,34.845209407982765
3,right bridge alignment,L1,15344,15344,0,0,288,true,true,1.1001267400647732,45.91545965853328,15.555390227176492,7.92605785800363,-3.801383946508224,-4.444609772823508,-0.43163676785086214,35.42657391222891
3,right bridge alignment,L1,15344,15344,0,0,288,true,true,1.1001267400647732,45.700453758239746,15.529705878698888,7.917929419928423,-4.016389846801758,-4.470294121301112,-0.4397652059260695,35.237426481771024
3,right bridge alignment,L1,15346,15346,0,0,288,true,true,1.1001267400647732,45.700453758239746,15.529705878698886,7.917929419928423,-4.016389846801758,-4.470294121301114,-0.4397652059260695,35.237426481771024
3,right bridge alignment,L1,15346,15346,0,0,288,true,true,1.1001267400647732,45.47194696933279,15.49617747792504,7.90914087508774,-4.244896635708713,-4.503822522074961,-0.4485537507667523,35.03274437867781
3,right bridge alignment,L1,15345,15345,0,0,288,true,true,1.1001267400647732,46.06039838721688,15.586736800745493,7.93187446844997,-3.6564452178246256,-4.413263199254507,-0.42582015740452217,35.562317542114535
3,right bridge alignment,L1,15345,15345,0,0,288,true,true,1.1001267400647732,45.91545965853328,15.555390227176494,7.926057858003631,-3.801383946508224,-4.444609772823506,-0.43163676785086125,35.42657391222891
3,right bridge alignment,L1,15347,15347,0,0,288,true,true,1.1001267400647732,45.47194696933279,15.49617747792504,7.90914087508774,-4.244896635708713,-4.503822522074961,-0.4485537507667523,35.03274437867781
3,right bridge alignment,L1,15347,15347,0,0,288,true,true,1.1001267400647732,45.4701287301877,15.495217001084914,7.909054279327393,-4.246714874853801,-4.504782998915086,-0.4486403465270996,35.03070854306678
3,right bridge alignment,L1,15340,15340,0,0,289,true,true,1.2914452150785207,46.432298548439405,15.628037617728108,7.943565368652344,-3.2845450566020986,-4.371962382271892,-0.41412925720214844,35.900428159785626
3,right bridge alignment,L1,15340,15340,0,0,289,true,true,1.2914452150785207,46.43070125579834,15.62789843475883,7.9435160009570405,-3.286142349243164,-4.37210156524117,-0.4141786248974517,35.886280078868886
3,right bridge alignment,L1,15343,15343,0,0,289,true,true,1.2914452150785207,46.43070125579834,15.62789843475883,7.9435160009570405,-3.286142349243164,-4.37210156524117,-0.4141786248974517,35.886280078868886
3,right bridge alignment,L1,15343,15343,0,0,289,true,true,1.2914452150785207,46.268231382938225,15.608451420288672,7.938377637561108,-3.4486122221032787,-4.391548579711328,-0.41931698829338426,35.743327606973544
3,right bridge alignment,L1,15342,15342,0,0,289,true,true,1.2914452150785207,46.268231382938225,15.608451420288672,7.938377637561108,-3.4486122221032787,-4.391548579711328,-0.41931698829338426,35.743327606973544
3,right bridge alignment,L1,15342,15342,0,0,289,true,true,1.2914452150785207,46.06558322906494,15.587841986877644,7.932049154804446,-3.6512603759765625,-4.412158013122356,-0.42564547105004635,35.5671639634155
3,right bridge alignment,L1,15345,15345,0,0,289,true,true,1.2914452150785207,46.06558322906494,15.587841986877644,7.932049154804446,-3.6512603759765625,-4.412158013122356,-0.42564547105004635,35.5671639634155
3,right bridge alignment,L1,15345,15345,0,0,289,true,true,1.2914452150785207,46.06039838721688,15.586736800745491,7.931874468449969,-3.6564452178246256,-4.413263199254509,-0.42582015740452306,35.562317542114535
3,right bridge alignment,L1,14882,14882,0,0,290,true,true,1.1001267400647732,46.06558322906494,15.506643511416229,7.680131479012091,-3.6512603759765625,-4.493356488583771,-0.6775631468424015,35.5195034211024
3,right bridge alignment,L1,14882,14882,0,0,290,true,true,1.1001267400647732,46.08572012582907,15.508490460412721,7.6808793484096265,-3.631123479212434,-4.491509539587279,-0.6768152774448657,35.53689061395644
3,right bridge alignment,L1,14884,14884,0,0,290,true,true,1.1001267400647732,45.700453758239746,15.46947432723372,7.6664824434696195,-4.016389846801758,-4.530525672766281,-0.6912121823848727,35.2020727587993
3,right bridge alignment,L1,14884,14884,0,0,290,true,true,1.1001267400647732,45.80662465932379,15.478956561812865,7.670419408552816,-3.910218945717716,-4.521043438187135,-0.6872752173016758,35.293595867293234
3,right bridge alignment,L1,14886,14886,0,0,290,true,true,1.1001267400647732,45.58785439601419,15.459415934753203,7.662307053427139,-4.128989209027317,-4.540584065246797,-0.6953875724273528,35.10500689844477
3,right bridge alignment,L1,14886,14886,0,0,290,true,true,1.1001267400647732,45.700453758239746,15.469474327233721,7.66648244346962,-4.016389846801758,-4.530525672766279,-0.6912121823848718,35.2020727587993
3,right bridge alignment,L1,14885,14885,0,0,290,true,true,1.1001267400647732,45.80662465932379,15.478956561812865,7.670419408552816,-3.910218945717716,-4.521043438187135,-0.6872752173016758,35.293595867293234
3,right bridge alignment,L1,14885,14885,0,0,290,true,true,1.1001267400647732,46.06558322906494,15.506643511416229,7.680131479012091,-3.6512603759765625,-4.493356488583771,-0.6775631468424015,35.5195034211024
3,right bridge alignment,L1,14887,14887,0,0,290,true,true,1.1001267400647732,45.50247721969565,15.448174804235256,7.659054279327393,-4.214366385345855,-4.551825195764744,-0.6986403465270996,35.0292862601411
3,right bridge alignment,L1,14887,14887,0,0,290,true,true,1.1001267400647732,45.58785439601419,15.459415934753201,7.662307053427139,-4.128989209027317,-4.540584065246799,-0.6953875724273528,35.10500689844477
3,right bridge alignment,L1,14880,14880,0,0,291,true,true,1.2914452150785207,46.43070125579834,15.539192276006318,7.691555887084872,-3.286142349243164,-4.460807723993682,-0.6661387387696198,35.83421280040544
3,right bridge alignment,L1,14880,14880,0,0,291,true,true,1.2914452150785207,46.49552244250058,15.54511421057403,7.693565368652344,-3.2213211625409244,-4.454885789425971,-0.6641292572021484,35.897796667920176
3,right bridge alignment,L1,14882,14882,0,0,291,true,true,1.2914452150785207,46.08572012582907,15.50849046041272,7.6808793484096265,-3.631123479212434,-4.49150953958728,-0.6768152774448657,35.53689061395644
3,right bridge alignment,L1,14882,14882,0,0,291,true,true,1.2914452150785207,46.15898729613182,15.515183334526348,7.683150643921334,-3.5578563089096846,-4.484816665473652,-0.6745439819331578,35.60013716872606
3,right bridge alignment,L1,14883,14883,0,0,291,true,true,1.2914452150785207,46.15898729613182,15.515183334526348,7.683150643921334,-3.5578563089096846,-4.484816665473652,-0.6745439819331578,35.60013716872606
3,right bridge alignment,L1,14883,14883,0,0,291,true,true,1.2914452150785207,46.43070125579834,15.53919227600632,7.691555887084872,-3.286142349243164,-4.46080772399368,-0.6661387387696198,35.83421280040544
3,right bridge alignment,L1,15338,15338,0,0,296,true,true,1.0545777939047138,46.88818940601254,15.66598167809218,7.960777719967162,-2.8286541990289606,-4.33401832190782,-0.39691690588733053,36.27963425818269
3,right bridge alignment,L1,15338,15338,0,0,296,true,true,1.0545777939047138,46.795830726623535,15.659446925783579,7.957321870464461,-2.9210128784179688,-4.340553074216421,-0.40037275539003137,36.20353266536535
3,right bridge alignment,L1,15341,15341,0,0,296,true,true,1.0545777939047138,46.795830726623535,15.659446925783579,7.957321870464462,-2.9210128784179688,-4.340553074216421,-0.4003727553900305,36.20353266536535
3,right bridge alignment,L1,15341,15341,0,0,296,true,true,1.0545777939047138,46.620974786358694,15.645145182888937,7.950726921717633,-3.09586881868281,-4.354854817111063,-0.4069677041368589,36.058246556535
3,right bridge alignment,L1,15340,15340,0,0,296,true,true,1.0545777939047138,46.620974786358694,15.645145182888937,7.950726921717633,-3.09586881868281,-4.354854817111063,-0.4069677041368589,36.058246556535
3,right bridge alignment,L1,15340,15340,0,0,296,true,true,1.0545777939047138,46.432298548439405,15.628037617728108,7.943565368652344,-3.2845450566020986,-4.371962382271892,-0.41412925720214844,35.900428159785626
3,right bridge alignment,L1,15337,15337,0,0,297,true,true,1.2514198411871809,47.45845683325328,15.696938284000323,7.978075981140137,-2.2583867717882242,-4.303061715999677,-0.37961864471435547,36.73555472087119
3,right bridge alignment,L1,15337,15337,0,0,297,true,true,1.2514198411871809,47.327735739767,15.69204836550261,7.974164763515585,-2.3891078652745037,-4.307951634497391,-0.3835298623389072,36.63865951661972
3,right bridge alignment,L1,15336,15336,0,0,297,true,true,1.2514198411871809,47.327735739767,15.692048365502611,7.974164763515585,-2.3891078652745037,-4.307951634497389,-0.3835298623389072,36.638659516619725
3,right bridge alignment,L1,15336,15336,0,0,297,true,true,1.2514198411871809,47.16096019744873,15.681456099707075,7.969068177199161,-2.5558834075927734,-4.318543900292925,-0.388626448655331,36.50199630377455
3,right bridge alignment,L1,15339,15339,0,0,297,true,true,1.2514198411871809,47.16096019744873,15.681456099707074,7.969068177199161,-2.5558834075927734,-4.3185439002929265,-0.388626448655331,36.50199630377455
3,right bridge alignment,L1,15339,15339,0,0,297,true,true,1.2514198411871809,46.973408547348015,15.671727203577026,7.963390135077873,-2.743435057693489,-4.328272796422974,-0.39430449077661933,36.349675138953174
3,right bridge alignment,L1,15338,15338,0,0,297,true,true,1.2514198411871809,46.973408547348015,15.671727203577028,7.963390135077873,-2.743435057693489,-4.328272796422972,-0.39430449077661933,36.349675138953174
3,right bridge alignment,L1,15338,15338,0,0,297,true,true,1.2514198411871809,46.88818940601254,15.66598167809218,7.960777719967162,-2.8286541990289606,-4.33401832190782,-0.39691690588733053,36.27963425818269
3,right bridge alignment,L1,14879,14879,0,0,298,true,true,1.0545777939047138,46.864898108583546,15.572778456215906,7.707427955940676,-2.851945496457958,-4.4272215437840945,-0.6502666699138162,36.203112080266976
3,right bridge alignment,L1,14879,14879,0,0,298,true,true,1.0545777939047138,46.92397374990272,15.575902169817121,7.709609842922719,-2.7928698551387825,-4.424097830182879,-0.6480847829317735,36.251127822697605
3,right bridge alignment,L1,14878,14878,0,0,298,true,true,1.0545777939047138,46.795830726623535,15.56739879512183,7.704830272232,-2.9210128784179688,-4.4326012048781696,-0.6528643536224923,36.14589339861218
3,right bridge alignment,L1,14878,14878,0,0,298,true,true,1.0545777939047138,46.864898108583546,15.572778456215907,7.707427955940676,-2.851945496457958,-4.427221543784093,-0.6502666699138162,36.203112080266976
3,right bridge alignment,L1,14881,14881,0,0,298,true,true,1.0545777939047138,46.51300114449599,15.546718050063149,7.694229319686712,-3.2038424605455162,-4.4532819499368514,-0.6634653061677804,35.91242865201565
3,right bridge alignment,L1,14881,14881,0,0,298,true,true,1.0545777939047138,46.795830726623535,15.56739879512183,7.704830272232,-2.9210128784179688,-4.4326012048781696,-0.6528643536224923,36.14589339861218
3,right bridge alignment,L1,14880,14880,0,0,298,true,true,1.0545777939047138,46.49552244250058,15.54511421057403,7.693565368652344,-3.2213211625409244,-4.454885789425971,-0.6641292572021484,35.897796667920176
3,right bridge alignment,L1,14880,14880,0,0,298,true,true,1.0545777939047138,46.51300114449599,15.54671805006315,7.694229319686712,-3.2038424605455162,-4.45328194993685,-0.6634653061677804,35.91242865201565
3,right bridge alignment,L1,14874,14874,0,0,299,true,true,1.2514198411871809,47.526089668273926,15.607179641723635,7.727839705388319,-2.190753936767578,-4.392820358276365,-0.6298549204661734,36.73555472087119
3,right bridge alignment,L1,14874,14874,0,0,299,true,true,1.2514198411871809,47.533825767659415,15.607665423680533,7.728075981140137,-2.1830178373820885,-4.392334576319467,-0.6296186447143555,36.73555472087119
3,right bridge alignment,L1,14877,14877,0,0,299,true,true,1.2514198411871809,47.21886598881282,15.592154917213675,7.718560976857429,-2.497977616228681,-4.407845082786325,-0.6391336489970634,36.49122475305639
3,right bridge alignment,L1,14877,14877,0,0,299,true,true,1.2514198411871809,47.526089668273926,15.607179641723633,7.72783970538832,-2.190753936767578,-4.392820358276367,-0.6298549204661725,36.73555472087119
3,right bridge alignment,L1,14876,14876,0,0,299,true,true,1.2514198411871809,47.16096019744873,15.588409034873278,7.716789732532339,-2.5558834075927734,-4.411590965126722,-0.6409048933221531,36.44373151825421
3,right bridge alignment,L1,14876,14876,0,0,299,true,true,1.2514198411871809,47.21886598881282,15.592154917213675,7.718560976857429,-2.497977616228681,-4.407845082786325,-0.6391336489970634,36.49122475305639
3,right bridge alignment,L1,14879,14879,0,0,299,true,true,1.2514198411871809,46.92397374990272,15.575902169817123,7.709609842922719,-2.7928698551387825,-4.424097830182877,-0.6480847829317735,36.251127822697605
3,right bridge alignment,L1,14879,14879,0,0,299,true,true,1.2514198411871809,47.16096019744873,15.58840903487328,7.716789732532338,-2.5558834075927734,-4.41159096512672,-0.640904893322154,36.44373151825421
3,right bridge alignment,L1,15335,15335,0,0,304,true,true,0.9997810739061976,47.74272474086325,15.714240782171336,7.988930957157503,-1.9741188641782514,-4.285759217828664,-0.36876366869698884,36.9509106488326
3,right bridge alignment,L1,15335,15335,0,0,304,true,true,0.9997810739061976,47.68039173893338,15.712102105293965,7.986601483555126,-2.0364518661081235,-4.287897894706035,-0.3710931422993662,36.902916229034
3,right bridge alignment,L1,15334,15334,0,0,304,true,true,0.9997810739061976,47.68039173893338,15.712102105293964,7.986601483555126,-2.0364518661081235,-4.287897894706036,-0.3710931422993662,36.902916229034
3,right bridge alignment,L1,15334,15334,0,0,304,true,true,0.9997810739061976,47.526089668273926,15.699702631388986,7.980617126171842,-2.190753936767578,-4.300297368611014,-0.3770774996826498,36.77938610522331
3,right bridge alignment,L1,15337,15337,0,0,304,true,true,0.9997810739061976,47.526089668273926,15.699702631388988,7.9806171261718415,-2.190753936767578,-4.300297368611012,-0.3770774996826507,36.77938610522331
3,right bridge alignment,L1,15337,15337,0,0,304,true,true,0.9997810739061976,47.45845683325328,15.696938284000325,7.978075981140137,-2.2583867717882242,-4.303061715999675,-0.37961864471435547,36.73555472087119
3,right bridge alignment,L1,15331,15331,0,0,305,true,true,1.2047328091091911,48.536210309111965,15.736371098551903,8.01258659362793,-1.180633295929539,-4.263628901448097,-0.3451080322265625,37.532793414389346
3,right bridge alignment,L1,15331,15331,0,0,305,true,true,1.2047328091091911,48.38895157752828,15.73380811260144,8.008238453863928,-1.3278920275132222,-4.266191887398559,-0.349456171990564,37.44675325145742
3,right bridge alignment,L1,15330,15330,0,0,305,true,true,1.2047328091091911,48.38895157752828,15.73380811260144,8.008238453863928,-1.3278920275132222,-4.266191887398559,-0.349456171990564,37.44675325145742
3,right bridge alignment,L1,15330,15330,0,0,305,true,true,1.2047328091091911,48.25633716583252,15.728653995702075,8.004245337124365,-1.4605064392089844,-4.271346004297925,-0.35344928873012726,37.344242916621255
3,right bridge alignment,L1,15333,15333,0,0,305,true,true,1.2047328091091911,48.25633716583252,15.728653995702075,8.004245337124365,-1.4605064392089844,-4.271346004297925,-0.35344928873012726,37.344242916621255
3,right bridge alignment,L1,15333,15333,0,0,305,true,true,1.2047328091091911,48.03440225371116,15.72454011236567,7.99768538824743,-1.682441351330347,-4.27545988763433,-0.3600092376070618,37.175686907280934
3,right bridge alignment,L1,15332,15332,0,0,305,true,true,1.2047328091091911,48.03440225371116,15.724540112365668,7.99768538824743,-1.682441351330347,-4.275459887634332,-0.3600092376070618,37.175686907280934
3,right bridge alignment,L1,15332,15332,0,0,305,true,true,1.2047328091091911,47.891207695007324,15.718881802124441,7.993371167127831,-1.8256359100341797,-4.281118197875559,-0.36432345872666083,37.06493636137552
3,right bridge alignment,L1,15335,15335,0,0,305,true,true,1.2047328091091911,47.891207695007324,15.718881802124441,7.993371167127831,-1.8256359100341797,-4.281118197875559,-0.36432345872666083,37.06493636137552
3,right bridge alignment,L1,15335,15335,0,0,305,true,true,1.2047328091091911,47.74272474086325,15.714240782171334,7.988930957157503,-1.9741188641782514,-4.285759217828666,-0.36876366869698884,36.9509106488326
3,right bridge alignment,L1,14875,14875,0,0,306,true,true,0.9997811050462687,47.572954246320904,15.610122464107171,7.729572463476193,-2.1438893587205996,-4.389877535892829,-0.6281221623782995,36.7548630815787
3,right bridge alignment,L1,14875,14875,0,0,306,true,true,0.9997811050462687,47.78609502620869,15.623506462940362,7.737724107064347,-1.9307485788328123,-4.376493537059638,-0.6199705187901454,36.92300972042587
3,right bridge alignment,L1,14874,14874,0,0,306,true,true,0.9997811050462687,47.533825767659415,15.607665423680531,7.728075981140137,-2.1830178373820885,-4.3923345763194686,-0.6296186447143555,36.73555472087119
3,right bridge alignment,L1,14874,14874,0,0,306,true,true,0.9997811050462687,47.572954246320904,15.610122464107171,7.729572463476193,-2.1438893587205996,-4.389877535892829,-0.6281221623782995,36.7548630815787
3,right bridge alignment,L1,14871,14871,0,0,307,true,true,1.2047328354253388,48.28017052248407,15.640682903364345,7.752546198325599,-1.4366730825574336,-4.359317096635655,-0.605148427528893,37.303581250606584
3,right bridge alignment,L1,14871,14871,0,0,307,true,true,1.2047328354253388,48.617193677815806,15.649835888401249,7.762587070465088,-1.0996499272256983,-4.350164111598751,-0.5951075553894043,37.532793414389346
3,right bridge alignment,L1,14870,14870,0,0,307,true,true,1.2047328354253388,48.25633716583252,15.640035629272461,7.751836135283914,-1.4605064392089844,-4.359964370727539,-0.6058584905705784,37.28534362231851
3,right bridge alignment,L1,14870,14870,0,0,307,true,true,1.2047328354253388,48.28017052248407,15.640682903364343,7.752546198325599,-1.4366730825574336,-4.359317096635657,-0.605148427528893,37.303581250606584
3,right bridge alignment,L1,14873,14873,0,0,307,true,true,1.2047328354253388,47.92563119243022,15.631042979392108,7.741983164526295,-1.7912124126112872,-4.368957020607892,-0.6157114613281971,37.032275178087566
3,right bridge alignment,L1,14873,14873,0,0,307,true,true,1.2047328354253388,48.25633716583252,15.640035629272461,7.751836135283914,-1.4605064392089844,-4.359964370727539,-0.6058584905705784,37.28534362231851
3,right bridge alignment,L1,14872,14872,0,0,307,true,true,1.2047328354253388,47.891207695007324,15.630106925964355,7.740957559485076,-1.8256359100341797,-4.3698930740356445,-0.6167370663694163,37.005933044475114
3,right bridge alignment,L1,14872,14872,0,0,307,true,true,1.2047328354253388,47.92563119243022,15.631042979392108,7.741983164526295,-1.7912124126112872,-4.368957020607892,-0.6157114613281971,37.032275178087566
3,right bridge alignment,L1,14875,14875,0,0,307,true,true,1.2047328354253388,47.78609502620869,15.623506462940362,7.737724107064347,-1.9307485788328123,-4.376493537059638,-0.6199705187901454,36.92300972042587
3,right bridge alignment,L1,14875,14875,0,0,307,true,true,1.2047328354253388,47.891207695007324,15.630106925964355,7.740957559485076,-1.8256359100341797,-4.3698930740356445,-0.6167370663694163,37.005933044475114
3,right bridge alignment,L1,15328,15328,0,0,312,true,true,0.9340607181780121,48.634275875868795,15.738609717509698,8.016341907900303,-1.082567729172709,-4.261390282490302,-0.3413527179541891,37.57673088822067
3,right bridge alignment,L1,15328,15328,0,0,312,true,true,0.9340607181780121,48.621466636657715,15.738127648076361,8.01584473720876,-1.095376968383789,-4.261872351923639,-0.34184988864573285,37.567278785940495
3,right bridge alignment,L1,15331,15331,0,0,312,true,true,0.9340607181780121,48.621466636657715,15.738127648076361,8.01584473720876,-1.095376968383789,-4.261872351923639,-0.34184988864573285,37.567278785940495
3,right bridge alignment,L1,15331,15331,0,0,312,true,true,0.9340607181780121,48.536210309111965,15.736371098551903,8.01258659362793,-1.180633295929539,-4.263628901448097,-0.3451080322265625,37.532793414389346
3,right bridge alignment,L1,15326,15326,0,0,313,true,true,1.1511967953070623,49.0852970677889,15.749018051767619,8.029782369534068,-0.6315465372526035,-4.250981948232381,-0.327912256320424,37.90493142506208
3,right bridge alignment,L1,15326,15326,0,0,313,true,true,1.1511967953070623,48.98659610748291,15.746154927884563,8.026823329788014,-0.7302474975585938,-4.253845072115437,-0.33087129606647814,37.83269704053326
3,right bridge alignment,L1,15328,15328,0,0,313,true,true,1.1511967953070623,48.74268059568524,15.742343532533518,8.019609725451536,-0.9741630093562605,-4.257656467466482,-0.338084900402956,37.65648102311839
3,right bridge alignment,L1,15328,15328,0,0,313,true,true,1.1511967953070623,48.634275875868795,15.7386097175097,8.016341907900303,-1.082567729172709,-4.2613902824903,-0.3413527179541891,37.57673088822067
3,right bridge alignment,L1,15329,15329,0,0,313,true,true,1.1511967953070623,48.98659610748291,15.746154927884563,8.026823329788014,-0.7302474975585938,-4.253845072115437,-0.33087129606647814,37.83269704053326
3,right bridge alignment,L1,15329,15329,0,0,313,true,true,1.1511967953070623,48.74268059568524,15.742343532533518,8.019609725451534,-0.9741630093562605,-4.257656467466482,-0.3380849004029578,37.65648102311839
3,right bridge alignment,L1,14868,14868,0,0,314,true,true,0.9340607181780121,48.621466636657715,15.649951934814453,7.762751348047141,-1.095376968383789,-4.350048065185547,-0.5949432778073511,37.532793414389346
3,right bridge alignment,L1,14868,14868,0,0,314,true,true,0.9340607181780121,48.6345655213198,15.650257745151627,7.7632531939067375,-1.0822780837217039,-4.349742254848373,-0.5944414319477547,37.532793414389346
3,right bridge alignment,L1,14869,14869,0,0,314,true,true,0.9340607181780121,48.6345655213198,15.650257745151627,7.7632531939067375,-1.0822780837217039,-4.349742254848373,-0.5944414319477547,37.532793414389346
3,right bridge alignment,L1,14869,14869,0,0,314,true,true,0.9340607181780121,48.683884239269005,15.65140915415736,7.765142697863901,-1.0329593657724985,-4.34859084584264,-0.5925519279905913,37.55074797167529
3,right bridge alignment,L1,14871,14871,0,0,314,true,true,0.9340607181780121,48.617193677815806,15.649835888401249,7.762587070465088,-1.0996499272256983,-4.350164111598751,-0.5951075553894043,37.532793414389346
3,right bridge alignment,L1,14871,14871,0,0,314,true,true,0.9340607181780121,48.621466636657715,15.649951934814455,7.762751348047141,-1.095376968383789,-4.350048065185545,-0.5949432778073511,37.532793414389346
3,right bridge alignment,L1,14867,14867,0,0,315,true,true,1.1511967953070623,48.988691794146554,15.658515154101366,7.774228162136294,-0.7281518108949498,-4.341484845898634,-0.5834664637181985,37.77260181241097
3,right bridge alignment,L1,14867,14867,0,0,315,true,true,1.1511967953070623,48.99088665423563,15.658555791696223,7.7742932655655475,-0.7259569508058732,-4.341444208303777,-0.5834013602889447,37.77419193831226
3,right bridge alignment,L1,14866,14866,0,0,315,true,true,1.1511967953070623,48.98659610748291,15.65847635269165,7.774166000366108,-0.7302474975585938,-4.34152364730835,-0.583528625488384,37.77108353538664
3,right bridge alignment,L1,14866,14866,0,0,315,true,true,1.1511967953070623,48.988691794146554,15.658515154101366,7.774228162136294,-0.7281518108949498,-4.341484845898634,-0.5834664637181985,37.77260181241097
3,right bridge alignment,L1,14869,14869,0,0,315,true,true,1.1511967953070623,48.683884239269005,15.65140915415736,7.765142697863901,-1.0329593657724985,-4.34859084584264,-0.5925519279905913,37.55074797167529
3,right bridge alignment,L1,14869,14869,0,0,315,true,true,1.1511967953070623,48.98659610748291,15.65847635269165,7.774166000366109,-0.7302474975585938,-4.34152364730835,-0.5835286254883831,37.77108353538664
3,right bridge alignment,L1,15326,15326,0,0,316,true,true,0.10274942686772981,49.028421003908065,15.694520490651412,7.8770870910951265,-0.6884226011334391,-4.305479509348588,-0.4806075347593657,37.82616948429445
3,right bridge alignment,L1,15326,15326,0,0,316,true,true,0.10274942686772981,49.0852970677889,15.749018051767617,8.029782369534068,-0.6315465372526035,-4.250981948232383,-0.327912256320424,37.90493142506208
3,right bridge alignment,L1,14867,14867,0,0,317,true,true,0.10274942686772981,48.99088665423563,15.658555791696223,7.774293265565548,-0.7259569508058732,-4.341444208303777,-0.5834013602889438,37.77419193831226
3,right bridge alignment,L1,14867,14867,0,0,317,true,true,0.10274942686772981,48.99088665423563,15.658555791696223,7.776318550109863,-0.7259569508058732,-4.341444208303777,-0.5813760757446289,37.77419193831226
3,right bridge alignment,L1,15326,15326,0,0,317,true,true,0.10274942686772981,48.99088665423563,15.658555791696225,7.776318550109864,-0.7259569508058732,-4.341444208303775,-0.581376075744628,37.77419193831226
3,right bridge alignment,L1,15326,15326,0,0,317,true,true,0.10274942686772981,49.02842100390806,15.694520490651414,7.877087091095127,-0.6884226011334462,-4.3054795093485865,-0.4806075347593648,37.82616948429445
3,right bridge alignment,L1,15302,15302,0,0,321,true,true,1.352274991620964,49.835936686135476,16.679237842559814,8.075499547315665,0.11909308109397188,-3.3207621574401855,-0.28219507853882675,38.971365545980206
3,right bridge alignment,L1,15302,15302,0,0,321,true,true,1.352274991620964,49.826552000980016,16.601809417116943,8.072961603841582,0.10970839593851167,-3.398190582883057,-0.28473302201290984,38.95810015331516
3,right bridge alignment,L1,15299,15299,0,0,321,true,true,1.352274991620964,49.83638364964633,16.879728574236264,8.081608772277832,0.11954004460482537,-3.120271425763736,-0.27608585357666016,39.099608699541186
3,right bridge alignment,L1,15299,15299,0,0,321,true,true,1.352274991620964,49.835936686135476,16.679237842559814,8.075499547315665,0.11909308109397188,-3.3207621574401855,-0.28219507853882675,38.971365545980206
3,right bridge alignment,L1,15303,15303,0,0,321,true,true,1.352274991620964,49.826552000980016,16.601809417116943,8.072961603841582,0.10970839593851167,-3.398190582883057,-0.28473302201290984,38.95810015331516
3,right bridge alignment,L1,15303,15303,0,0,321,true,true,1.352274991620964,49.82177060988496,16.52573983108833,8.070554251261576,0.10492700484345363,-3.4742601689116697,-0.28714037459291575,38.89852240030154
3,right bridge alignment,L1,15298,15298,0,0,323,true,true,1.352274943041897,49.94417041116491,16.740140056139268,7.82945059545019,0.22732680612340772,-3.2598599438607323,-0.5282440304043021,39.058109574424634
3,right bridge alignment,L1,15298,15298,0,0,323,true,true,1.352274943041897,49.94444443086479,16.810878764818614,7.831608295440674,0.22760082582328778,-3.1891212351813856,-0.5260863304138184,39.113475440823414
3,right bridge alignment,L1,15302,15302,0,0,323,true,true,1.352274943041897,49.94171410216733,16.6600924785761,7.8269673449220365,0.22487049712582774,-3.3399075214239,-0.5307272809324557,38.99411545545461
3,right bridge alignment,L1,15302,15302,0,0,323,true,true,1.352274943041897,49.94403461679384,16.679237842559814,7.827594873117948,0.22719101175233902,-3.3207621574401855,-0.5300997527365441,39.01050517097277
3,right bridge alignment,L1,15299,15299,0,0,323,true,true,1.352274943041897,49.94403461679385,16.679237842559814,7.827594873117948,0.22719101175234613,-3.3207621574401855,-0.5300997527365441,39.01050517097278
3,right bridge alignment,L1,15299,15299,0,0,323,true,true,1.352274943041897,49.94417041116491,16.740140056139268,7.82945059545019,0.22732680612340772,-3.2598599438607323,-0.5282440304043021,39.058109574424634
3,right bridge alignment,L1,15302,15302,0,0,324,true,true,0.1211444461217402,49.84014305004253,16.54631940509447,8.024549782534931,0.12329944500102386,-3.4536805949055314,-0.33314484331956074,38.92610904821961
3,right bridge alignment,L1,15302,15302,0,0,324,true,true,0.1211444461217402,49.851029167159545,16.558513302634903,8.00337341868791,0.13418556211804145,-3.4414866973650966,-0.35432120716658133,38.942454807276455
3,right bridge alignment,L1,15303,15303,0,0,324,true,true,0.1211444461217402,49.82177060988496,16.52573983108833,8.070554251261576,0.10492700484345363,-3.4742601689116697,-0.28714037459291575,38.89852240030154
3,right bridge alignment,L1,15303,15303,0,0,324,true,true,0.1211444461217402,49.84014305004253,16.54631940509447,8.02454978253493,0.12329944500102386,-3.4536805949055314,-0.3331448433195625,38.92610904821961
3,right bridge alignment,L1,15302,15302,0,0,325,true,true,0.12114490825200902,49.85102916715954,16.558513302634903,8.003373418687909,0.13418556211803434,-3.4414866973650966,-0.3543212071665831,38.94245480727645
3,right bridge alignment,L1,15302,15302,0,0,325,true,true,0.12114490825200902,49.94171410216733,16.6600924785761,7.8269673449220365,0.22487049712582774,-3.3399075214239,-0.5307272809324557,38.99411545545461
3,right bridge alignment,L1,15299,15299,0,0,328,true,true,1.1277512107384937,49.832849371505205,16.768419481589614,8.085753230534939,0.11600576646370087,-3.231580518410386,-0.2719413953195531,39.010548294136406
3,right bridge alignment,L1,15299,15299,0,0,328,true,true,1.1277512107384937,49.83638364964633,16.879728574236267,8.08160877227783,0.11954004460482537,-3.1202714257637325,-0.27608585357666193,39.099608699541186
3,right bridge alignment,L1,15277,15277,0,0,329,true,true,1.9631746295972548,49.80795897523063,18.81152639565881,8.116119384765625,0.09111537018912941,-1.1884736043411905,-0.2415752410888672,40.587507391710204
3,right bridge alignment,L1,15277,15277,0,0,329,true,true,1.9631746295972548,49.80974074710894,18.76650297641754,8.115425113647888,0.09289714206743582,-1.2334970235824585,-0.24226951220660453,40.54937429629405
3,right bridge alignment,L1,15284,15284,0,0,329,true,true,1.9631746295972548,49.82146706343297,18.349047422409058,8.109085430197506,0.10462345839146536,-1.6509525775909424,-0.2486091956569858,40.19341410432945
3,right bridge alignment,L1,15284,15284,0,0,329,true,true,1.9631746295972548,49.822750888090646,18.31238022927262,8.108523417990387,0.10590728304914165,-1.6876197707273803,-0.24917120786410507,40.16227497812218
3,right bridge alignment,L1,15280,15280,0,0,329,true,true,1.9631746295972548,49.80974074710894,18.76650297641754,8.115425113647888,0.09289714206743582,-1.2334970235824585,-0.24226951220660453,40.54937429629405
3,right bridge alignment,L1,15280,15280,0,0,329,true,true,1.9631746295972548,49.810690768607785,18.737233206476375,8.11497800691871,0.09384716356628076,-1.2627667935236246,-0.24271661893578234,40.52448002220042
3,right bridge alignment,L1,15281,15281,0,0,329,true,true,1.9631746295972548,49.810690768607785,18.737233206476375,8.11497800691871,0.09384716356628076,-1.2627667935236246,-0.24271661893578234,40.52448002220042
3,right bridge alignment,L1,15281,15281,0,0,329,true,true,1.9631746295972548,49.821467063432976,18.349047422409058,8.109085430197506,0.10462345839147247,-1.6509525775909424,-0.2486091956569858,40.193414104329456
3,right bridge alignment,L1,15290,15290,0,0,329,true,true,1.9631746295972548,49.83527754689498,17.931604385375977,8.102703511800629,0.11843394185347478,-2.0683956146240234,-0.25499111405386365,39.88297106845127
3,right bridge alignment,L1,15290,15290,0,0,329,true,true,1.9631746295972548,49.83586149240082,17.887512834615972,8.102047238428254,0.11901788735931262,-2.112487165384028,-0.2556473874262384,39.847076017416335
3,right bridge alignment,L1,15294,15294,0,0,329,true,true,1.9631746295972548,49.84082490912705,17.514148950576782,8.096489586863562,0.12398130408554664,-2.4858510494232178,-0.26120503899092995,39.597398409117154
3,right bridge alignment,L1,15294,15294,0,0,329,true,true,1.9631746295972548,49.840210539862,17.46284181766979,8.095752247914534,0.12336693482049554,-2.5371581823302094,-0.2619423779399579,39.556981320831206
3,right bridge alignment,L1,15285,15285,0,0,329,true,true,1.9631746295972548,49.822750888090646,18.31238022927262,8.108523417990387,0.10590728304914165,-1.6876197707273803,-0.24917120786410507,40.16227497812218
3,right bridge alignment,L1,15285,15285,0,0,329,true,true,1.9631746295972548,49.835277546894986,17.931604385375977,8.102703511800629,0.11843394185348188,-2.0683956146240234,-0.25499111405386365,39.88297106845127
3,right bridge alignment,L1,15291,15291,0,0,329,true,true,1.9631746295972548,49.83586149240082,17.887512834615972,8.102047238428254,0.11901788735931262,-2.112487165384028,-0.2556473874262384,39.847076017416335
3,right bridge alignment,L1,15291,15291,0,0,329,true,true,1.9631746295972548,49.84082490912704,17.514148950576782,8.096489586863562,0.12398130408553953,-2.4858510494232178,-0.26120503899092995,39.597398409117154
3,right bridge alignment,L1,15298,15298,0,0,329,true,true,1.9631746295972548,49.83597722949351,17.096693515777588,8.090487226356494,0.11913362445200448,-2.903306484222412,-0.2672073994979982,39.2686432412483
3,right bridge alignment,L1,15298,15298,0,0,329,true,true,1.9631746295972548,49.83533995827846,17.03838951436698,8.089648095769443,0.11849635323695651,-2.9616104856330203,-0.26804653008504964,39.22275246264161
3,right bridge alignment,L1,15295,15295,0,0,329,true,true,1.9631746295972548,49.840210539862,17.46284181766979,8.095752247914534,0.12336693482049554,-2.5371581823302094,-0.2619423779399579,39.556981320831206
3,right bridge alignment,L1,15295,15295,0,0,329,true,true,1.9631746295972548,49.835977229493515,17.096693515777588,8.090487226356494,0.11913362445201159,-2.903306484222412,-0.2672073994979982,39.268643241248306
3,right bridge alignment,L1,15299,15299,0,0,329,true,true,1.9631746295972548,49.83533995827846,17.03838951436698,8.089648095769443,0.11849635323695651,-2.9616104856330203,-0.26804653008504964,39.22275246264161
3,right bridge alignment,L1,15299,15299,0,0,329,true,true,1.9631746295972548,49.832849371505205,16.768419481589614,8.085753230534939,0.11600576646370087,-3.231580518410386,-0.2719413953195531,39.010548294136406
3,right bridge alignment,L1,15298,15298,0,0,330,true,true,1.127751239863624,49.94444443086479,16.810878764818614,7.831608295440674,0.22760082582328778,-3.1891212351813856,-0.5260863304138184,39.113475440823414
3,right bridge alignment,L1,15298,15298,0,0,330,true,true,1.127751239863624,49.94281000130414,16.762179726066197,7.833423619336114,0.22596639626263482,-3.237820273933803,-0.5242710065183784,39.07445533614804
3,right bridge alignment,L1,15276,15276,0,0,331,true,true,1.9631746466163933,49.91434842168296,18.86789885445325,7.864777953296265,0.19750481664145525,-1.1321011455467485,-0.492916672558227,40.676163244814596
3,right bridge alignment,L1,15276,15276,0,0,331,true,true,1.9631746466163933,49.90976781885173,18.953304576571817,7.866119384765625,0.19292421381022962,-1.046695423428183,-0.4915752410888672,40.752650554696395
3,right bridge alignment,L1,15277,15277,0,0,331,true,true,1.9631746466163933,49.9183611055198,18.76650297641754,7.863214384557191,0.20151750047829609,-1.2334970235824585,-0.4944802412973015,40.60355697413885
3,right bridge alignment,L1,15277,15277,0,0,331,true,true,1.9631746466163933,49.914348421682966,18.86789885445325,7.864777953296265,0.19750481664146236,-1.1321011455467485,-0.492916672558227,40.676163244814596
3,right bridge alignment,L1,15284,15284,0,0,331,true,true,1.9631746466163933,49.943057217547484,18.01809170696039,7.851773728532605,0.2262136125059797,-1.9819082930396092,-0.5059208973218876,40.01546685220967
3,right bridge alignment,L1,15284,15284,0,0,331,true,true,1.9631746466163933,49.931469468320735,18.349047422409058,7.856846485108786,0.21462586327923106,-1.6509525775909424,-0.5008481407457062,40.248286183131135
3,right bridge alignment,L1,15280,15280,0,0,331,true,true,1.9631746466163933,49.92886164909271,18.442986480573467,7.858272479689049,0.21201804405120583,-1.5570135194265333,-0.49942214616544334,40.32840250916077
3,right bridge alignment,L1,15280,15280,0,0,331,true,true,1.9631746466163933,49.9183611055198,18.76650297641754,7.863214384557192,0.20151750047829609,-1.2334970235824585,-0.4944802412973006,40.60355697413885
3,right bridge alignment,L1,15281,15281,0,0,331,true,true,1.9631746466163933,49.93146946832073,18.349047422409058,7.856846485108785,0.21462586327922395,-1.6509525775909424,-0.500848140745707,40.24828618313113
3,right bridge alignment,L1,15281,15281,0,0,331,true,true,1.9631746466163933,49.92886164909271,18.442986480573467,7.858272479689049,0.21201804405120583,-1.5570135194265333,-0.49942214616544334,40.32840250916077
3,right bridge alignment,L1,15290,15290,0,0,331,true,true,1.9631746466163933,49.95038227630614,17.593352590320755,7.845417085845953,0.23353867126463257,-2.4066474096792447,-0.5122775400085393,39.67065447898149
3,right bridge alignment,L1,15290,15290,0,0,331,true,true,1.9631746466163933,49.94590246170689,17.931604385375977,7.850451808763408,0.2290588566653895,-2.0683956146240234,-0.5072428170910843,39.94602616501366
3,right bridge alignment,L1,15294,15294,0,0,331,true,true,1.9631746466163933,49.94730059416133,17.168857778033598,7.839275819125329,0.2304569891198227,-2.8311422219664024,-0.5184188067291631,39.39457801695691
3,right bridge alignment,L1,15294,15294,0,0,331,true,true,1.9631746466163933,49.95143519914645,17.514148950576782,7.84423809562209,0.23459159410494834,-2.4858510494232178,-0.5134565302324026,39.60617683552348
3,right bridge alignment,L1,15285,15285,0,0,331,true,true,1.9631746466163933,49.9459024617069,17.931604385375977,7.850451808763407,0.2290588566653966,-2.0683956146240234,-0.5072428170910852,39.94602616501366
3,right bridge alignment,L1,15285,15285,0,0,331,true,true,1.9631746466163933,49.943057217547484,18.01809170696039,7.851773728532605,0.2262136125059797,-1.9819082930396092,-0.5059208973218876,40.01546685220967
3,right bridge alignment,L1,15291,15291,0,0,331,true,true,1.9631746466163933,49.95143519914645,17.514148950576782,7.8442380956220905,0.23459159410494834,-2.4858510494232178,-0.5134565302324017,39.60617683552348
3,right bridge alignment,L1,15291,15291,0,0,331,true,true,1.9631746466163933,49.95038227630614,17.593352590320755,7.845417085845953,0.23353867126463257,-2.4066474096792447,-0.5122775400085393,39.67065447898149
3,right bridge alignment,L1,15298,15298,0,0,331,true,true,1.9631746466163933,49.94281000130414,16.762179726066197,7.833423619336114,0.22596639626263482,-3.237820273933803,-0.5242710065183784,39.07445533614804
3,right bridge alignment,L1,15298,15298,0,0,331,true,true,1.9631746466163933,49.9464662562772,17.096693515777588,7.8382381202161175,0.2296226512356938,-2.903306484222412,-0.5194565056383746,39.33774939523528
3,right bridge alignment,L1,15295,15295,0,0,331,true,true,1.9631746466163933,49.94646625627719,17.096693515777588,7.838238120216118,0.2296226512356867,-2.903306484222412,-0.5194565056383738,39.33774939523527
3,right bridge alignment,L1,15295,15295,0,0,331,true,true,1.9631746466163933,49.947300594161334,17.168857778033598,7.83927581912533,0.2304569891198298,-2.8311422219664024,-0.5184188067291622,39.39457801695691
3,right bridge alignment,L1,15277,15277,0,0,336,true,true,1.3397357773386613,49.8090127949769,18.76650297641754,8.117115380009114,0.09216918993539736,-1.2334970235824585,-0.24057924584537815,40.549011174716895
3,right bridge alignment,L1,15277,15277,0,0,336,true,true,1.3397357773386613,49.80795897523064,18.81152639565881,8.116119384765625,0.09111537018913651,-1.1884736043411905,-0.2415752410888672,40.58750739171021
3,right bridge alignment,L1,15284,15284,0,0,336,true,true,1.3397357773386613,49.81429983102344,18.333052866427387,8.126559096473724,0.09745622598193648,-1.666947133572613,-0.23113552938076865,40.17597638670806
3,right bridge alignment,L1,15284,15284,0,0,336,true,true,1.3397357773386613,49.814000062975765,18.349047422409058,8.126207495121673,0.0971564579342612,-1.6509525775909424,-0.23148713073281968,40.18968936905736
3,right bridge alignment,L1,15280,15280,0,0,336,true,true,1.3397357773386613,49.80944293522124,18.74034032463406,8.117688706255759,0.09259933017973765,-1.2596596753659384,-0.2400059195987332,40.52655051593051
3,right bridge alignment,L1,15280,15280,0,0,336,true,true,1.3397357773386613,49.8090127949769,18.76650297641754,8.117115380009114,0.09216918993539736,-1.2334970235824585,-0.24057924584537815,40.549011174716895
3,right bridge alignment,L1,15281,15281,0,0,336,true,true,1.3397357773386613,49.814000062975765,18.349047422409058,8.126207495121673,0.0971564579342612,-1.6509525775909424,-0.23148713073281968,40.18968936905736
3,right bridge alignment,L1,15281,15281,0,0,336,true,true,1.3397357773386613,49.809442935221234,18.74034032463406,8.117688706255757,0.09259933017973054,-1.2596596753659384,-0.24000591959873496,40.5265505159305
3,right bridge alignment,L1,15290,15290,0,0,336,true,true,1.3397357773386613,49.82094163319141,17.925836266225733,8.135481219709625,0.10409802814990599,-2.0741637337742667,-0.22221340614486706,39.87006035637382
3,right bridge alignment,L1,15290,15290,0,0,336,true,true,1.3397357773386613,49.820956885401614,17.931604385375977,8.135358101921348,0.10411328036011014,-2.0683956146240234,-0.2223365239331443,39.874808434429475
3,right bridge alignment,L1,15285,15285,0,0,336,true,true,1.3397357773386613,49.820956885401614,17.931604385375977,8.135358101921348,0.10411328036011014,-2.0683956146240234,-0.2223365239331443,39.874808434429475
3,right bridge alignment,L1,15285,15285,0,0,336,true,true,1.3397357773386613,49.81429983102345,18.333052866427387,8.126559096473725,0.09745622598194359,-1.666947133572613,-0.23113552938076687,40.17597638670806
3,right bridge alignment,L1,15291,15291,0,0,336,true,true,1.3397357773386613,49.820569653019945,17.782402996958115,8.138542952814229,0.10372604797844076,-2.2175970030418846,-0.21915167304026362,39.751996153235574
3,right bridge alignment,L1,15291,15291,0,0,336,true,true,1.3397357773386613,49.82094163319141,17.925836266225733,8.135481219709625,0.10409802814990599,-2.0741637337742667,-0.22221340614486706,39.87006035637382
3,right bridge alignment,L1,15276,15276,0,0,337,true,true,0.8320749654754651,49.78862646687411,19.183958411216736,8.132215416803522,0.07178286183260951,-0.8160415887832642,-0.2254792090509703,40.915824622876855
3,right bridge alignment,L1,15276,15276,0,0,337,true,true,0.8320749654754651,49.789060724035735,19.174481073768504,8.132245237702426,0.07221711899423156,-0.8255189262314957,-0.22544938815206628,40.9073074072512
3,right bridge alignment,L1,15277,15277,0,0,337,true,true,0.8320749654754651,49.78906072403573,19.174481073768504,8.132245237702424,0.07221711899422445,-0.8255189262314957,-0.22544938815206805,40.907307407251196
3,right bridge alignment,L1,15277,15277,0,0,337,true,true,0.8320749654754651,49.801791340675365,18.76650297641754,8.133883215073649,0.08494773563386104,-1.2334970235824585,-0.22381141078084354,40.54540892429427
3,right bridge alignment,L1,15273,15273,0,0,337,true,true,0.8320749654754651,49.78200649311561,19.477907365309832,8.130883617235607,0.06516288807410575,-0.5220926346901678,-0.2268110086188848,41.221512023094
3,right bridge alignment,L1,15273,15273,0,0,337,true,true,0.8320749654754651,49.788626466874106,19.183958411216736,8.13221541680352,0.07178286183260241,-0.8160415887832642,-0.22547920905097207,40.915824622876855
3,right bridge alignment,L1,15284,15284,0,0,337,true,true,0.8320749654754651,49.80979151208783,18.349047422409058,8.135857833561175,0.09294790704632305,-1.6509525775909424,-0.22183679229331688,40.187590033718294
3,right bridge alignment,L1,15284,15284,0,0,337,true,true,0.8320749654754651,49.809931989167644,18.34373730615087,8.135880651250927,0.09308838412614051,-1.6562626938491292,-0.221813974603565,40.18305781870276
3,right bridge alignment,L1,15280,15280,0,0,337,true,true,0.8320749654754651,49.801791340675365,18.76650297641754,8.13388321507365,0.08494773563386104,-1.2334970235824585,-0.22381141078084177,40.54540892429427
3,right bridge alignment,L1,15280,15280,0,0,337,true,true,0.8320749654754651,49.8019725427131,18.758941679957022,8.133916824718979,0.08512893767159824,-1.2410583200429777,-0.2237778011355136,40.53894592145184
3,right bridge alignment,L1,15281,15281,0,0,337,true,true,0.8320749654754651,49.8019725427131,18.758941679957022,8.133916824718979,0.08512893767159824,-1.2410583200429777,-0.2237778011355136,40.53894592145184
3,right bridge alignment,L1,15281,15281,0,0,337,true,true,0.8320749654754651,49.80979151208783,18.349047422409058,8.135857833561174,0.09294790704632305,-1.6509525775909424,-0.22183679229331865,40.187590033718294
3,right bridge alignment,L1,15290,15290,0,0,337,true,true,0.8320749654754651,49.81992743461842,17.931604385375977,8.137705500006971,0.1030838295769172,-2.0683956146240234,-0.21998912584752084,39.87422165776483
3,right bridge alignment,L1,15290,15290,0,0,337,true,true,0.8320749654754651,49.819941037345174,17.92840641557794,8.13772345955409,0.10309743230367019,-2.071593584422061,-0.21997116630040203,39.87160179411572
3,right bridge alignment,L1,15285,15285,0,0,337,true,true,0.8320749654754651,49.809931989167644,18.34373730615087,8.135880651250925,0.09308838412614051,-1.6562626938491292,-0.22181397460356678,40.18305781870276
3,right bridge alignment,L1,15285,15285,0,0,337,true,true,0.8320749654754651,49.81992743461843,17.931604385375977,8.137705500006971,0.1030838295769243,-2.0683956146240234,-0.21998912584752084,39.87422165776483
3,right bridge alignment,L1,15291,15291,0,0,337,true,true,0.8320749654754651,49.819941037345174,17.92840641557794,8.137723459554088,0.10309743230367019,-2.071593584422061,-0.2199711663004038,39.87160179411572
3,right bridge alignment,L1,15291,15291,0,0,337,true,true,0.8320749654754651,49.820569653019945,17.782402996958115,8.138542952814227,0.10372604797844076,-2.2175970030418846,-0.2191516730402654,39.751996153235574
3,right bridge alignment,L1,15276,15276,0,0,338,true,true,1.3397357773386613,49.90976781885173,18.953304576571817,7.866119384765625,0.19292421381022962,-1.046695423428183,-0.4915752410888672,40.752650554696395
3,right bridge alignment,L1,15276,15276,0,0,338,true,true,1.3397357773386613,49.912856473631734,18.87154968971672,7.867963001000319,0.19601286859023048,-1.1284503102832808,-0.48973162485417276,40.67891575036124
3,right bridge alignment,L1,15277,15277,0,0,338,true,true,1.3397357773386613,49.912856473631734,18.87154968971672,7.867963001000319,0.19601286859023048,-1.1284503102832808,-0.48973162485417276,40.67891575036124
3,right bridge alignment,L1,15277,15277,0,0,338,true,true,1.3397357773386613,49.915315200725765,18.76650297641754,7.870286814441262,0.19847159568426065,-1.2334970235824585,-0.4874078114132301,40.60203759710294
3,right bridge alignment,L1,15280,15280,0,0,338,true,true,1.3397357773386613,49.915315200725765,18.76650297641754,7.870286814441262,0.19847159568426065,-1.2334970235824585,-0.4874078114132301,40.60203759710294
3,right bridge alignment,L1,15280,15280,0,0,338,true,true,1.3397357773386613,49.920282938951345,18.46434755837206,7.8769082239667645,0.20343933390984148,-1.5356524416279385,-0.4807864018877277,40.34263691397103
3,right bridge alignment,L1,15281,15281,0,0,338,true,true,1.3397357773386613,49.920282938951345,18.46434755837206,7.8769082239667645,0.20343933390984148,-1.5356524416279385,-0.4807864018877277,40.34263691397103
3,right bridge alignment,L1,15281,15281,0,0,338,true,true,1.3397357773386613,49.92148236859361,18.361359814553104,7.879150357264818,0.2046387635521043,-1.6386401854468957,-0.47854426858967436,40.25397553192332
3,right bridge alignment,L1,15276,15276,0,0,339,true,true,0.8320749654754651,49.908690630873714,18.88174361411677,7.8768563454441445,0.19184702583221025,-1.1182563858832317,-0.4808382804103477,40.68660134322653
3,right bridge alignment,L1,15276,15276,0,0,339,true,true,0.8320749654754651,49.89484297158062,19.183958411216736,7.875905412024233,0.17799936653911885,-0.8160415887832642,-0.4817892138302593,40.95819962768398
3,right bridge alignment,L1,15272,15272,0,0,339,true,true,0.8320749654754651,49.89228548578338,19.29751932590158,7.8753908996403545,0.17544188074187872,-0.7024806740984211,-0.48230372621413764,41.072933959005425
3,right bridge alignment,L1,15272,15272,0,0,339,true,true,0.8320749654754651,49.88811716274734,19.358947235756997,7.875278030663399,0.1712735577058382,-0.6410527642430033,-0.4824165951910935,41.13155725912074
3,right bridge alignment,L1,15277,15277,0,0,339,true,true,0.8320749654754651,49.91228661896567,18.76650297641754,7.87731902115645,0.1954430139241694,-1.2334970235824585,-0.4803756046980423,40.60052686124979
3,right bridge alignment,L1,15277,15277,0,0,339,true,true,0.8320749654754651,49.90869063087371,18.88174361411677,7.8768563454441445,0.19184702583220314,-1.1182563858832317,-0.4808382804103477,40.68660134322652
3,right bridge alignment,L1,15273,15273,0,0,339,true,true,0.8320749654754651,49.89484297158062,19.183958411216736,7.875905412024233,0.17799936653911885,-0.8160415887832642,-0.4817892138302593,40.95819962768398
3,right bridge alignment,L1,15273,15273,0,0,339,true,true,0.8320749654754651,49.89228548578339,19.29751932590158,7.8753908996403545,0.17544188074188583,-0.7024806740984211,-0.48230372621413764,41.072933959005425
3,right bridge alignment,L1,15280,15280,0,0,339,true,true,0.8320749654754651,49.91947966370351,18.46634772212395,7.8786531986607,0.20263605866200862,-1.533652277876051,-0.47904142719379195,40.34396976528123
3,right bridge alignment,L1,15280,15280,0,0,339,true,true,0.8320749654754651,49.91228661896568,18.76650297641754,7.87731902115645,0.1954430139241765,-1.2334970235824585,-0.4803756046980423,40.6005268612498
3,right bridge alignment,L1,15281,15281,0,0,339,true,true,0.8320749654754651,49.9214823685936,18.361359814553104,7.879150357264818,0.2046387635520972,-1.6386401854468957,-0.47854426858967436,40.25397553192331
3,right bridge alignment,L1,15281,15281,0,0,339,true,true,0.8320749654754651,49.919479663703505,18.46634772212395,7.878653198660699,0.20263605866200152,-1.533652277876051,-0.47904142719379283,40.34396976528123
3,right bridge alignment,L1,15272,15272,0,0,340,true,true,0.12267395859417342,49.85655199761659,19.39433478110322,7.955371872659578,0.13970839257508771,-0.6056652188967817,-0.4023227531949143,41.1583164624032
3,right bridge alignment,L1,15272,15272,0,0,340,true,true,0.12267395859417342,49.85367748764817,19.397557379541535,7.962665689950674,0.13683388260666618,-0.602442620458465,-0.3950289359038184,41.16075331316143
3,right bridge alignment,L1,15273,15273,0,0,340,true,true,0.12267395859417342,49.85367748764817,19.397557379541535,7.962665689950673,0.13683388260666618,-0.602442620458465,-0.39502893590381927,41.16075331316143
3,right bridge alignment,L1,15273,15273,0,0,340,true,true,0.12267395859417342,49.78200649311561,19.477907365309832,8.130883617235606,0.06516288807410575,-0.5220926346901678,-0.2268110086188866,41.221512023094
3,right bridge alignment,L1,15272,15272,0,0,341,true,true,0.12267395859417342,49.88811716274734,19.358947235756997,7.875278030663399,0.1712735577058382,-0.6410527642430033,-0.4824165951910935,41.13155725912074
3,right bridge alignment,L1,15272,15272,0,0,341,true,true,0.12267395859417342,49.85655199761659,19.39433478110322,7.955371872659577,0.13970839257508771,-0.6056652188967817,-0.4023227531949152,41.1583164624032
3,right bridge alignment,L1,17903,17903,0,0,344,true,true,0.6049172774040493,49.80593960942804,17.983886655910215,8.167714081145228,0.08909600438653342,-2.016113344089785,-0.18998054470926462,39.9092065494297
3,right bridge alignment,L1,17903,17903,0,0,344,true,true,0.6049172774040493,49.79549616657919,18.349047422409058,8.169811745753599,0.0786525615376874,-1.6509525775909424,-0.1878828801008936,40.18045914120692
3,right bridge alignment,L1,17805,17805,0,0,344,true,true,0.6049172774040493,49.79530905777114,18.406222418830804,8.170258705662606,0.07846545272963823,-1.5937775811691957,-0.18743592019188604,40.22991949318495
3,right bridge alignment,L1,17805,17805,0,0,344,true,true,0.6049172774040493,49.79354483204669,18.48138947685597,8.170722055684733,0.07670122700518789,-1.5186105231440301,-0.18697257016975932,40.29418689468496
3,right bridge alignment,L1,17804,17804,0,0,344,true,true,0.6049172774040493,49.79549616657919,18.349047422409058,8.169811745753599,0.0786525615376874,-1.6509525775909424,-0.1878828801008936,40.18045914120692
3,right bridge alignment,L1,17804,17804,0,0,344,true,true,0.6049172774040493,49.79530905777114,18.406222418830804,8.170258705662608,0.07846545272963823,-1.5937775811691957,-0.18743592019188426,40.22991949318495
3,right bridge alignment,L1,18001,18001,0,0,344,true,true,0.6049172774040493,49.80990421234608,17.56047622979654,8.16461518887194,0.09306060730457943,-2.4395237702034613,-0.19307943698255237,39.60027298215476
3,right bridge alignment,L1,18001,18001,0,0,344,true,true,0.6049172774040493,49.80613052397979,17.931604385375977,8.167306991615408,0.089286918938285,-2.0683956146240234,-0.19038763423908378,39.8663575564992
3,right bridge alignment,L1,18097,18097,0,0,344,true,true,0.6049172774040493,49.80541222166815,17.166827964770956,8.16106479569955,0.08856861662664528,-2.833172035229044,-0.19662983015494184,39.304249138014576
3,right bridge alignment,L1,18097,18097,0,0,344,true,true,0.6049172774040493,49.810077895278795,17.514148950576782,8.164254836582899,0.0932342902372909,-2.4858510494232178,-0.19343978927159355,39.578167468855575
3,right bridge alignment,L1,17902,17902,0,0,344,true,true,0.6049172774040493,49.80613052397979,17.931604385375977,8.167306991615408,0.089286918938285,-2.0683956146240234,-0.19038763423908378,39.8663575564992
3,right bridge alignment,L1,17902,17902,0,0,344,true,true,0.6049172774040493,49.80593960942804,17.983886655910215,8.167714081145226,0.08909600438653342,-2.016113344089785,-0.1899805447092664,39.9092065494297
3,right bridge alignment,L1,18000,18000,0,0,344,true,true,0.6049172774040493,49.810077895278795,17.514148950576782,8.164254836582899,0.0932342902372909,-2.4858510494232178,-0.19343978927159355,39.578167468855575
3,right bridge alignment,L1,18000,18000,0,0,344,true,true,0.6049172774040493,49.809904212346076,17.56047622979654,8.16461518887194,0.09306060730457233,-2.4395237702034613,-0.19307943698255237,39.60027298215476
3,right bridge alignment,L1,17707,17707,0,0,345,true,true,0.26660354875958636,49.783172609686794,18.84666236176097,8.182216343362883,0.06632900464529001,-1.1533376382390301,-0.1754782824916088,40.60559571774584
3,right bridge alignment,L1,17707,17707,0,0,345,true,true,0.26660354875958636,49.77892160179637,18.947799599550628,8.185140609741211,0.062077996754865694,-1.0522004004493724,-0.17255401611328125,40.69540162721039
3,right bridge alignment,L1,17706,17706,0,0,345,true,true,0.26660354875958636,49.78421350953273,18.76650297641754,8.179462565913848,0.0673699044912226,-1.2334970235824585,-0.17823205994064395,40.536640642031664
3,right bridge alignment,L1,17706,17706,0,0,345,true,true,0.26660354875958636,49.783172609686794,18.84666236176097,8.182216343362883,0.06632900464529001,-1.1533376382390301,-0.1754782824916088,40.60559571774584
3,right bridge alignment,L1,17805,17805,0,0,345,true,true,0.26660354875958636,49.7935448320467,18.48138947685597,8.170722055684733,0.076701227005195,-1.5186105231440301,-0.18697257016975932,40.29418689468497
3,right bridge alignment,L1,17805,17805,0,0,345,true,true,0.26660354875958636,49.784213509532734,18.76650297641754,8.179462565913848,0.0673699044912297,-1.2334970235824585,-0.17823205994064395,40.536640642031664
3,right bridge alignment,L1,15290,15290,0,0,346,true,true,0.6049172774040493,49.91275599100448,17.931604385375977,7.926033821175098,0.195912385962977,-2.0683956146240234,-0.43166080467939416,39.92713300776788
3,right bridge alignment,L1,15290,15290,0,0,346,true,true,0.6049172774040493,49.91521196575471,17.68369171297556,7.924230396892113,0.19836836071320363,-2.316308287024441,-0.43346422896237957,39.72483503977685
3,right bridge alignment,L1,15294,15294,0,0,346,true,true,0.6049172774040493,49.91689971740789,17.514148950576782,7.922997736951722,0.20005611236638288,-2.4858510494232178,-0.4346968889027698,39.60027298215476
3,right bridge alignment,L1,15294,15294,0,0,346,true,true,0.6049172774040493,49.913698764684824,17.28905131232547,7.920915782999554,0.19685515964332012,-2.710948687674531,-0.4367788428549382,39.46734353871581
3,right bridge alignment,L1,15285,15285,0,0,346,true,true,0.6049172774040493,49.909166454315525,18.05663150687263,7.9267509083655,0.19232284927402077,-1.9433684931273696,-0.43094371748899185,40.027815744715014
3,right bridge alignment,L1,15285,15285,0,0,346,true,true,0.6049172774040493,49.91275599100449,17.931604385375977,7.926033821175098,0.1959123859629841,-2.0683956146240234,-0.43166080467939416,39.92713300776788
3,right bridge alignment,L1,15291,15291,0,0,346,true,true,0.6049172774040493,49.91521196575471,17.68369171297556,7.924230396892113,0.19836836071320363,-2.316308287024441,-0.43346422896237957,39.72483503977685
3,right bridge alignment,L1,15291,15291,0,0,346,true,true,0.6049172774040493,49.91689971740789,17.514148950576782,7.9229977369517215,0.20005611236638288,-2.4858510494232178,-0.4346968889027707,39.60027298215476
3,right bridge alignment,L1,15284,15284,0,0,347,true,true,0.26660354875958636,49.8974594848676,18.34430327128105,7.935140609741211,0.1806158798260995,-1.6556967287189508,-0.42255401611328125,40.22720934767492
3,right bridge alignment,L1,15284,15284,0,0,347,true,true,0.26660354875958636,49.9072476446971,18.10568764913858,7.928196114208085,0.19040403965559705,-1.8943123508614192,-0.4294985116464076,40.06702910119486
3,right bridge alignment,L1,15285,15285,0,0,347,true,true,0.26660354875958636,49.9072476446971,18.10568764913858,7.928196114208084,0.19040403965559705,-1.8943123508614192,-0.4294985116464085,40.06702910119486
3,right bridge alignment,L1,15285,15285,0,0,347,true,true,0.26660354875958636,49.909166454315525,18.05663150687263,7.9267509083655,0.19232284927402077,-1.9433684931273696,-0.43094371748899185,40.027815744715014
3,right bridge alignment,L1,18097,18097,0,0,350,true,true,0.07150720827990195,49.81552138170157,17.178238204176772,8.140513420104982,0.09867777666006816,-2.821761795823228,-0.21718120574950994,39.31947492093563
3,right bridge alignment,L1,18097,18097,0,0,350,true,true,0.07150720827990195,49.805412221668156,17.166827964770956,8.16106479569955,0.08856861662665239,-2.833172035229044,-0.19662983015494184,39.304249138014576
3,right bridge alignment,L1,15295,15295,0,0,350,true,true,0.07150720827990195,49.86449242886362,17.233511972741667,8.030965140433898,0.14764882382211653,-2.766488027258333,-0.32672948542059466,39.39323204131371
3,right bridge alignment,L1,15295,15295,0,0,350,true,true,0.07150720827990195,49.81552138170157,17.178238204176772,8.14051342010498,0.09867777666006816,-2.821761795823228,-0.21718120574951172,39.31947492093563
3,right bridge alignment,L1,15294,15294,0,0,351,true,true,0.07150720827990195,49.913698764684824,17.28905131232547,7.920915782999553,0.19685515964332012,-2.710948687674531,-0.43677884285493906,39.46734353871581
3,right bridge alignment,L1,15294,15294,0,0,351,true,true,0.07150720827990195,49.906483914223756,17.28090788885944,7.937030147236508,0.18964030918225205,-2.7190921111405615,-0.42066447861798384,39.45647698337739
3,right bridge alignment,L1,15295,15295,0,0,351,true,true,0.07150720827990195,49.906483914223756,17.280907888859442,7.93703014723651,0.18964030918225205,-2.719092111140558,-0.42066447861798206,39.45647698337739
3,right bridge alignment,L1,15295,15295,0,0,351,true,true,0.07150720827990195,49.86449242886362,17.233511972741667,8.030965140433898,0.14764882382211653,-2.766488027258333,-0.32672948542059466,39.39323204131371
3,right bridge alignment,L1,17707,17707,0,0,352,true,true,0.33439855227341925,49.77892160179637,18.947799599550628,8.185140609741211,0.062077996754865694,-1.0522004004493724,-0.17255401611328125,40.69540162721039
3,right bridge alignment,L1,17707,17707,0,0,352,true,true,0.33439855227341925,49.76942231918339,19.183958411216736,8.19061208580305,0.05257871414188742,-0.8160415887832642,-0.1670825400514424,40.908163140765765
3,right bridge alignment,L1,17609,17609,0,0,352,true,true,0.33439855227341925,49.7685311118114,19.285699343832643,8.193444129032986,0.05168750676989475,-0.7143006561673566,-0.16425049682150572,41.00110127897281
3,right bridge alignment,L1,17609,17609,0,0,352,true,true,0.33439855227341925,49.76378107574254,19.439073336437925,8.19720812174383,0.04693747070103882,-0.5609266635620749,-0.16048650411066134,41.17943496370541
3,right bridge alignment,L1,17608,17608,0,0,352,true,true,0.33439855227341925,49.7694223191834,19.183958411216736,8.190612085803052,0.05257871414189452,-0.8160415887832642,-0.16708254005144063,40.90816314076577
3,right bridge alignment,L1,17608,17608,0,0,352,true,true,0.33439855227341925,49.768531111811406,19.285699343832643,8.193444129032988,0.05168750676990186,-0.7143006561673566,-0.16425049682150394,41.00110127897281
3,right bridge alignment,L1,17411,17411,0,0,353,false,true,0.3376123938711791,49.74969427005476,20.16432747798338,8.21619444060511,0.03285066501325673,0.164327477983381,-0.14150018524938268,41.98298218346737
3,right bridge alignment,L1,17411,17411,0,0,353,false,true,0.3376123938711791,49.74699030333363,20.297081755932624,8.219651222229004,0.03014669829212835,0.29708175593262354,-0.13804340362548828,41.98298218346737
3,right bridge alignment,L1,17509,17509,0,0,353,true,true,0.3376123938711791,49.75783413810359,19.72464201349346,8.204624720883329,0.04099053306208589,-0.2753579865065383,-0.15306990497116324,41.683494583664256
3,right bridge alignment,L1,17509,17509,0,0,353,true,true,0.3376123938711791,49.75064290522469,20.0188570022583,8.212108311687352,0.033799300183183334,0.01885700225830078,-0.14558631416714007,41.955226022483636
3,right bridge alignment,L1,17508,17508,0,0,353,true,true,0.3376123938711791,49.7587563512867,19.60141396522522,8.201180923651206,0.041912746245195365,-0.3985860347747803,-0.1565137022032861,41.41469944301505
3,right bridge alignment,L1,17508,17508,0,0,353,true,true,0.3376123938711791,49.75783413810359,19.72464201349346,8.204624720883329,0.04099053306208589,-0.2753579865065383,-0.15306990497116324,41.683494583664256
3,right bridge alignment,L1,17410,17410,0,0,353,false,true,0.3376123938711791,49.75064290522469,20.0188570022583,8.212108311687352,0.033799300183183334,0.01885700225830078,-0.14558631416714007,41.955226022483636
3,right bridge alignment,L1,17410,17410,0,0,353,false,true,0.3376123938711791,49.74969427005477,20.16432747798338,8.21619444060511,0.032850665013263836,0.164327477983381,-0.14150018524938268,41.98298218346737
3,right bridge alignment,L1,17609,17609,0,0,353,true,true,0.3376123938711791,49.76378107574254,19.43907333643793,8.19720812174383,0.04693747070103882,-0.5609266635620713,-0.16048650411066134,41.17943496370542
3,right bridge alignment,L1,17609,17609,0,0,353,true,true,0.3376123938711791,49.7587563512867,19.60141396522522,8.201180923651206,0.041912746245195365,-0.3985860347747803,-0.1565137022032861,41.41469944301505
3,right bridge alignment,L1,15276,15276,0,0,354,true,true,0.33439865549771114,49.86815859518833,19.07922789188416,7.952206728914815,0.1513149901468296,-0.9207721081158411,-0.40548789693967713,40.85151885824087
3,right bridge alignment,L1,15276,15276,0,0,354,true,true,0.33439865549771114,49.874507303786174,18.96539109490602,7.949831759948244,0.15766369874467046,-1.0346089050939788,-0.40786286590624776,40.74966640593677
3,right bridge alignment,L1,15277,15277,0,0,354,true,true,0.33439865549771114,49.874507303786174,18.96539109490602,7.949831759948244,0.15766369874467046,-1.0346089050939788,-0.40786286590624776,40.74966640593677
3,right bridge alignment,L1,15277,15277,0,0,354,true,true,0.33439865549771114,49.88300979735939,18.76650297641754,7.945298252957999,0.16616619231788832,-1.2334970235824585,-0.41239637289649345,40.58592281633021
3,right bridge alignment,L1,15284,15284,0,0,354,true,true,0.33439865549771114,49.897276638246936,18.349047422409058,7.9352517108509995,0.18043303320543203,-1.6509525775909424,-0.42244291500349274,40.231229904514535
3,right bridge alignment,L1,15284,15284,0,0,354,true,true,0.33439865549771114,49.8974594848676,18.34430327128105,7.935140609741211,0.1806158798260995,-1.6556967287189508,-0.42255401611328125,40.22720934767492
3,right bridge alignment,L1,15280,15280,0,0,354,true,true,0.33439865549771114,49.88300979735939,18.76650297641754,7.945298252957999,0.16616619231788832,-1.2334970235824585,-0.41239637289649345,40.58592281633021
3,right bridge alignment,L1,15280,15280,0,0,354,true,true,0.33439865549771114,49.891318426108064,18.53646949769023,7.93982855179942,0.17447482106656054,-1.4635305023097693,-0.41786607405507237,40.390696889672405
3,right bridge alignment,L1,15281,15281,0,0,354,true,true,0.33439865549771114,49.891318426108064,18.53646949769023,7.93982855179942,0.17447482106656054,-1.4635305023097693,-0.41786607405507237,40.390696889672405
3,right bridge alignment,L1,15281,15281,0,0,354,true,true,0.33439865549771114,49.89727663824694,18.349047422409058,7.9352517108509995,0.18043303320543913,-1.6509525775909424,-0.42244291500349274,40.231229904514535
3,right bridge alignment,L1,15268,15268,0,0,355,true,true,0.3376124976993301,49.82858494699955,19.881297592236447,7.969651699066162,0.11174134195804442,-0.11870240776355345,-0.3880429267883301,41.84429123469947
3,right bridge alignment,L1,15268,15268,0,0,355,true,true,0.3376124976993301,49.83344645092216,19.82185949261507,7.968644503752224,0.1166028458806565,-0.17814050738493137,-0.38905012210226797,41.72106328714108
3,right bridge alignment,L1,15269,15269,0,0,355,true,true,0.3376124976993301,49.83344645092216,19.82185949261507,7.968644503752225,0.1166028458806565,-0.17814050738493137,-0.3890501221022671,41.72106328714108
3,right bridge alignment,L1,15269,15269,0,0,355,true,true,0.3376124976993301,49.83953517226139,19.60141396522522,7.96314094358596,0.1226915672198885,-0.3985860347747803,-0.3945536822685325,41.41073713832055
3,right bridge alignment,L1,15276,15276,0,0,355,true,true,0.3376124976993301,49.8623204087344,19.183958411216736,7.954385289154262,0.14547680369289395,-0.8160415887832642,-0.4033093367002305,40.945224772591956
3,right bridge alignment,L1,15276,15276,0,0,355,true,true,0.3376124976993301,49.86815859518833,19.07922789188416,7.952206728914815,0.1513149901468296,-0.9207721081158411,-0.40548789693967713,40.85151885824087
3,right bridge alignment,L1,15272,15272,0,0,355,true,true,0.3376124976993301,49.8395351722614,19.60141396522522,7.96314094358596,0.1226915672198956,-0.3985860347747803,-0.3945536822685325,41.41073713832055
3,right bridge alignment,L1,15272,15272,0,0,355,true,true,0.3376124976993301,49.85511490281382,19.393832860727066,7.959416360453424,0.13827129777231306,-0.6061671392729338,-0.3982782654010686,41.15748370899654
3,right bridge alignment,L1,15273,15273,0,0,355,true,true,0.3376124976993301,49.85511490281382,19.393832860727066,7.959416360453424,0.13827129777231306,-0.6061671392729338,-0.3982782654010686,41.15748370899654
3,right bridge alignment,L1,15273,15273,0,0,355,true,true,0.3376124976993301,49.862320408734405,19.183958411216736,7.954385289154261,0.14547680369290106,-0.8160415887832642,-0.4033093367002314,40.945224772591956
3,right bridge alignment,L1,17411,17411,0,0,360,false,true,0.13405279710976625,49.74699030333363,20.297081755932624,8.219651222229004,0.03014669829212835,0.29708175593262354,-0.13804340362548828,41.98298218346737
3,right bridge alignment,L1,17411,17411,0,0,360,false,true,0.13405279710976625,49.74511978786899,20.36242289811905,8.224008596944653,0.0282761828274829,0.3624228981190498,-0.13368602890983894,41.98298218346737
3,right bridge alignment,L1,17411,17411,0,0,361,false,true,0.25895638594575254,49.74511978786899,20.36242289811905,8.224008596944653,0.0282761828274829,0.3624228981190498,-0.13368602890983894,41.98298218346737
3,right bridge alignment,L1,17411,17411,0,0,361,false,true,0.25895638594575254,49.74358740832572,20.436312437057495,8.226067371354386,0.026743803284219325,0.4363124370574951,-0.13162725450010626,41.98298218346737
3,right bridge alignment,L1,17317,17317,0,0,361,false,true,0.25895638594575254,49.74249648697128,20.61108076994558,8.231436651902705,0.025652881929772775,0.6110807699455805,-0.1262579739517875,41.98298218346737
3,right bridge alignment,L1,17317,17317,0,0,361,false,true,0.25895638594575254,49.73839242627072,20.85376787185669,8.23838184668234,0.021548821229217197,0.8537678718566895,-0.11931277917215155,41.98298218346737
3,right bridge alignment,L1,17316,17316,0,0,361,false,true,0.25895638594575254,49.74358740832573,20.436312437057495,8.226067371354386,0.02674380328422643,0.4363124370574951,-0.13162725450010626,41.98298218346737
3,right bridge alignment,L1,17316,17316,0,0,361,false,true,0.25895638594575254,49.74249648697128,20.61108076994558,8.231436651902705,0.025652881929772775,0.6110807699455805,-0.1262579739517875,41.98298218346737
3,right bridge alignment,L1,17226,17226,0,0,361,false,true,0.25895638594575254,49.73839242627072,20.85376787185669,8.23838184668234,0.021548821229217197,0.8537678718566895,-0.11931277917215155,41.98298218346737
3,right bridge alignment,L1,17226,17226,0,0,361,false,true,0.25895638594575254,49.73830464031403,20.869521195627076,8.238867905123968,0.021461035272523077,0.8695211956270761,-0.11882672073052447,41.98298218346737
3,right bridge alignment,L1,15268,15268,0,0,362,true,true,0.13405253562155717,49.816288941395435,20.0188570022583,7.975499679604578,0.09944533635393071,0.01885700225830078,-0.3821949462499141,41.8918236961187
3,right bridge alignment,L1,15268,15268,0,0,362,true,true,0.13405253562155717,49.82858494699955,19.881297592236447,7.969651699066162,0.11174134195804442,-0.11870240776355345,-0.3880429267883301,41.84429123469947
3,right bridge alignment,L1,15265,15265,0,0,362,true,true,0.13405253562155717,49.814920943320786,20.05882473475392,7.978075896282606,0.09807733827928189,0.05882473475391947,-0.37961872957188625,41.9035049575267
3,right bridge alignment,L1,15265,15265,0,0,362,true,true,0.13405253562155717,49.816288941395435,20.0188570022583,7.975499679604578,0.09944533635393071,0.01885700225830078,-0.3821949462499141,41.8918236961187
3,right bridge alignment,L1,15264,15264,0,0,363,true,true,0.25895624857224964,49.79499695795534,20.436312437057495,7.986207920934111,0.07815335291383718,0.4363124370574951,-0.3714867049203816,41.98298218346737
3,right bridge alignment,L1,15264,15264,0,0,363,true,true,0.25895624857224964,49.81033703923258,20.256316696897255,7.983482226538496,0.0934934341910747,0.25631669689725456,-0.37421239931599626,41.95912400158775
3,right bridge alignment,L1,15258,15258,0,0,363,true,true,0.25895624857224964,49.77633182453768,20.85376787185669,7.99586533629592,0.05948821949617411,0.8537678718566895,-0.36182928955857196,41.98298218346737
3,right bridge alignment,L1,15258,15258,0,0,363,true,true,0.25895624857224964,49.79051939948826,20.68499224563548,7.993270835325733,0.07367579444675698,0.6849922456354811,-0.3644237905287593,41.98298218346737
3,right bridge alignment,L1,15259,15259,0,0,363,true,true,0.25895624857224964,49.79051939948826,20.68499224563548,7.993270835325734,0.07367579444675698,0.6849922456354811,-0.3644237905287584,41.98298218346737
3,right bridge alignment,L1,15259,15259,0,0,363,true,true,0.25895624857224964,49.794996957955334,20.436312437057495,7.9862079209341115,0.07815335291383008,0.4363124370574951,-0.3714867049203807,41.98298218346737
3,right bridge alignment,L1,15255,15255,0,0,363,true,true,0.25895624857224964,49.77496267337969,20.967579916158606,7.999231924010422,0.05811906833818625,0.9675799161586056,-0.35846270184407025,41.98298218346737
3,right bridge alignment,L1,15255,15255,0,0,363,true,true,0.25895624857224964,49.77633182453768,20.85376787185669,7.99586533629592,0.05948821949617411,0.8537678718566895,-0.36182928955857196,41.98298218346737
3,right bridge alignment,L1,15265,15265,0,0,363,true,true,0.25895624857224964,49.81033703923258,20.256316696897255,7.983482226538496,0.0934934341910747,0.25631669689725456,-0.37421239931599626,41.95912400158775
3,right bridge alignment,L1,15265,15265,0,0,363,true,true,0.25895624857224964,49.814920943320786,20.058824734753923,7.978075896282606,0.09807733827928189,0.058824734753923025,-0.37961872957188625,41.9035049575267
3,right bridge alignment,L1,17227,17227,0,0,364,false,true,0.04357409691104361,49.75131737814096,20.90432973048861,8.166818213948057,0.03447377309945665,0.9043297304886089,-0.19087641190643545,41.98298218346737
3,right bridge alignment,L1,17227,17227,0,0,364,false,true,0.04357409691104361,49.75230671634893,20.906976169228873,8.160712377004897,0.035463111307429074,0.9069761692288729,-0.19698224884959536,41.98298218346737
3,right bridge alignment,L1,17226,17226,0,0,364,false,true,0.04357409691104361,49.73830464031402,20.869521195627076,8.238867905123966,0.02146103527251597,0.8695211956270761,-0.11882672073052625,41.98298218346737
3,right bridge alignment,L1,17226,17226,0,0,364,false,true,0.04357409691104361,49.75131737814095,20.904329730488605,8.166818213948057,0.034473773099449545,0.9043297304886053,-0.19087641190643545,41.98298218346737
3,right bridge alignment,L1,17227,17227,0,0,365,false,true,0.043574180022196304,49.75230671634893,20.906976169228873,8.160712377004897,0.035463111307429074,0.9069761692288729,-0.19698224884959536,41.98298218346737
3,right bridge alignment,L1,17227,17227,0,0,365,false,true,0.043574180022196304,49.75557958459097,20.91573095625488,8.14051342010498,0.038735979549464616,0.9157309562548797,-0.21718120574951172,41.98298218346737
3,right bridge alignment,L1,15255,15255,0,0,365,true,true,0.043574180022196304,49.75557958459097,20.91573095625488,8.14051342010498,0.038735979549464616,0.9157309562548797,-0.21718120574951172,41.98298218346737
3,right bridge alignment,L1,15255,15255,0,0,365,true,true,0.043574180022196304,49.77496267337969,20.967579916158606,7.999231924010422,0.05811906833818625,0.9675799161586056,-0.35846270184407025,41.98298218346737
3,right bridge alignment,L1,17804,17804,0,0,384,false,true,0.4278705499225684,49.716843756523524,18.500030774324102,8.35769426399879,1.5148201981673992e-7,-1.4999692256758976,-3.6185570273516987e-7,40.272082841388084
3,right bridge alignment,L1,17804,17804,0,0,384,false,true,0.4278705499225684,49.71684365540848,18.499999858588918,8.357694505539369,5.036697814375657e-8,-1.500000141411082,-1.2031512319765625e-7,40.272055996218114
3,right bridge alignment,L1,17807,17807,0,0,384,false,true,0.4278705499225684,49.71684265136719,18.5,8.357694625854492,-9.5367431640625e-7,-1.5,0,40.27205561793731
3,right bridge alignment,L1,17807,17807,0,0,384,false,true,0.4278705499225684,49.71684265136719,18.5,8.357694625854492,-9.5367431640625e-7,-1.5,0,40.27205561793731
3,right bridge alignment,L1,17227,17227,0,0,385,false,true,0.16635913221316334,49.71684365966323,21.271223545074463,8.357694295713259,5.462172936177012e-8,1.271223545074463,-3.3014123346220003e-7,41.98298218346737
3,right bridge alignment,L1,17227,17227,0,0,385,false,true,0.16635913221316334,49.71684366498213,21.271222907144743,8.35769429397172,5.994062490799479e-8,1.2712229071447432,-3.318827719311912e-7,41.98298218346737
3,right bridge alignment,L1,17132,17132,0,0,385,false,true,0.16635913221316334,49.71684365966323,21.499999378034975,8.357694295713259,5.462172936177012e-8,1.4999993780349747,-3.3014123346220003e-7,41.98298218346737
3,right bridge alignment,L1,17132,17132,0,0,385,false,true,0.16635913221316334,49.71684365966323,21.271223545074463,8.357694295713259,5.462172936177012e-8,1.271223545074463,-3.3014123346220003e-7,41.98298218346737
3,right bridge alignment,L1,17135,17135,0,0,385,false,true,0.16635913221316334,49.71684265136719,21.271223545074463,8.357694625854492,-9.5367431640625e-7,1.271223545074463,0,41.98298218346737
3,right bridge alignment,L1,17135,17135,0,0,385,false,true,0.16635913221316334,49.71684265136719,21.5,8.357694625854492,-9.5367431640625e-7,1.5,0,41.98298218346737
3,right bridge alignment,L1,17228,17228,0,0,385,false,true,0.16635913221316334,49.71684265136719,21.271222454730392,8.357694625854492,-9.5367431640625e-7,1.2712224547303919,0,41.98298218346737
3,right bridge alignment,L1,17228,17228,0,0,385,false,true,0.16635913221316334,49.71684265136719,21.271223545074463,8.357694625854492,-9.5367431640625e-7,1.271223545074463,0,41.98298218346737
3,right bridge alignment,L1,17411,17411,0,0,385,false,true,0.16635913221316334,49.71684367300673,20.436312437057495,8.357694291344268,6.796522455942977e-8,0.4363124370574951,-3.3451022396491226e-7,41.98298218346737
3,right bridge alignment,L1,17411,17411,0,0,385,false,true,0.16635913221316334,49.716843683498915,20.436311787474402,8.357694287908863,7.845741123446714e-8,0.436311787474402,-3.379456288143956e-7,41.98298218346737
3,right bridge alignment,L1,17317,17317,0,0,385,false,true,0.16635913221316334,49.71684366498213,20.85376787185669,8.35769429397172,5.994062490799479e-8,0.8537678718566895,-3.318827719311912e-7,41.98298218346737
3,right bridge alignment,L1,17317,17317,0,0,385,false,true,0.16635913221316334,49.71684367300673,20.85376722887697,8.357694291344268,6.796522455942977e-8,0.8537672288769684,-3.3451022396491226e-7,41.98298218346737
3,right bridge alignment,L1,17316,17316,0,0,385,false,true,0.16635913221316334,49.71684367300673,20.85376722887697,8.357694291344268,6.796522455942977e-8,0.8537672288769684,-3.3451022396491226e-7,41.98298218346737
3,right bridge alignment,L1,17316,17316,0,0,385,false,true,0.16635913221316334,49.71684367300673,20.436312437057495,8.357694291344268,6.796522455942977e-8,0.4363124370574951,-3.3451022396491226e-7,41.98298218346737
3,right bridge alignment,L1,17226,17226,0,0,385,false,true,0.16635913221316334,49.71684366498213,21.271222907144743,8.35769429397172,5.994062490799479e-8,1.2712229071447432,-3.318827719311912e-7,41.98298218346737
3,right bridge alignment,L1,17226,17226,0,0,385,false,true,0.16635913221316334,49.71684366498213,20.85376787185669,8.35769429397172,5.994062490799479e-8,0.8537678718566895,-3.318827719311912e-7,41.98298218346737
3,right bridge alignment,L1,17229,17229,0,0,385,false,true,0.16635913221316334,49.71684265136719,20.85376787185669,8.357694625854492,-9.5367431640625e-7,0.8537678718566895,0,41.98298218346737
3,right bridge alignment,L1,17229,17229,0,0,385,false,true,0.16635913221316334,49.71684265136719,21.271222454730392,8.357694625854492,-9.5367431640625e-7,1.2712224547303919,0,41.98298218346737
3,right bridge alignment,L1,17319,17319,0,0,385,false,true,0.16635913221316334,49.71684265136719,20.436312437057495,8.357694625854492,-9.5367431640625e-7,0.4363124370574951,0,41.98298218346737
3,right bridge alignment,L1,17319,17319,0,0,385,false,true,0.16635913221316334,49.71684265136719,20.85376678151324,8.357694625854492,-9.5367431640625e-7,0.8537667815132401,0,41.98298218346737
3,right bridge alignment,L1,17318,17318,0,0,385,false,true,0.16635913221316334,49.71684265136719,20.85376678151324,8.357694625854492,-9.5367431640625e-7,0.8537667815132401,0,41.98298218346737
3,right bridge alignment,L1,17318,17318,0,0,385,false,true,0.16635913221316334,49.71684265136719,20.85376787185669,8.357694625854492,-9.5367431640625e-7,0.8537678718566895,0,41.98298218346737
3,right bridge alignment,L1,17509,17509,0,0,385,false,true,0.16635913221316334,49.716843683498915,20.0188570022583,8.357694287908863,7.845741123446714e-8,0.01885700225830078,-3.379456288143956e-7,41.98298218346737
3,right bridge alignment,L1,17509,17509,0,0,385,false,true,0.16635913221316334,49.71684369669706,20.01885634438835,8.357694283587461,9.165555781009971e-8,0.018856344388350266,-3.422670307173803e-7,41.98298218346737
3,right bridge alignment,L1,17508,17508,0,0,385,false,true,0.16635913221316334,49.71684369669706,20.01885634438835,8.357694283587461,9.165555781009971e-8,0.018856344388350266,-3.422670307173803e-7,41.98298218346737
3,right bridge alignment,L1,17508,17508,0,0,385,false,true,0.16635913221316334,49.71684369669706,19.60141396522522,8.357694283587461,9.165555781009971e-8,-0.3985860347747803,-3.422670307173803e-7,41.41675531243771
3,right bridge alignment,L1,17410,17410,0,0,385,false,true,0.16635913221316334,49.716843683498915,20.436311787474402,8.357694287908863,7.845741123446714e-8,0.436311787474402,-3.379456288143956e-7,41.98298218346737
3,right bridge alignment,L1,17410,17410,0,0,385,false,true,0.16635913221316334,49.716843683498915,20.0188570022583,8.357694287908863,7.845741123446714e-8,0.01885700225830078,-3.379456288143956e-7,41.98298218346737
3,right bridge alignment,L1,17413,17413,0,0,385,false,true,0.16635913221316334,49.71684265136719,20.0188570022583,8.357694625854492,-9.5367431640625e-7,0.01885700225830078,0,41.98298218346737
3,right bridge alignment,L1,17413,17413,0,0,385,false,true,0.16635913221316334,49.71684265136719,20.436311346714046,8.357694625854492,-9.5367431640625e-7,0.4363113467140458,0,41.98298218346737
3,right bridge alignment,L1,17511,17511,0,0,385,false,true,0.16635913221316334,49.71684265136719,19.60141396522522,8.357694625854492,-9.5367431640625e-7,-0.3985860347747803,0,41.416755363712475
3,right bridge alignment,L1,17511,17511,0,0,385,false,true,0.16635913221316334,49.71684265136719,20.018855911947234,8.357694625854492,-9.5367431640625e-7,0.01885591194723446,0,41.98298218346737
3,right bridge alignment,L1,17412,17412,0,0,385,false,true,0.16635913221316334,49.71684265136719,20.436311346714046,8.357694625854492,-9.5367431640625e-7,0.4363113467140458,0,41.98298218346737
3,right bridge alignment,L1,17412,17412,0,0,385,false,true,0.16635913221316334,49.71684265136719,20.436312437057495,8.357694625854492,-9.5367431640625e-7,0.4363124370574951,0,41.98298218346737
3,right bridge alignment,L1,17510,17510,0,0,385,false,true,0.16635913221316334,49.71684265136719,20.018855911947234,8.357694625854492,-9.5367431640625e-7,0.01885591194723446,0,41.98298218346737
3,right bridge alignment,L1,17510,17510,0,0,385,false,true,0.16635913221316334,49.71684265136719,20.0188570022583,8.357694625854492,-9.5367431640625e-7,0.01885700225830078,0,41.98298218346737
3,right bridge alignment,L1,17707,17707,0,0,385,false,true,0.16635913221316334,49.71684371459238,19.183958411216736,8.35769427772809,1.0955087503816685e-7,-0.8160415887832642,-3.481264023719177e-7,40.88718694098917
3,right bridge alignment,L1,17707,17707,0,0,385,false,true,0.16635913221316334,49.71684373974239,19.183957726236216,8.35769426949335,1.3470088333633612e-7,-0.8160422737637845,-3.563611414847401e-7,40.887186322914125
3,right bridge alignment,L1,17609,17609,0,0,385,false,true,0.16635913221316334,49.71684369669706,19.60141396522522,8.357694283587461,9.165555781009971e-8,-0.3985860347747803,-3.422670307173803e-7,41.41675531243771
3,right bridge alignment,L1,17609,17609,0,0,385,false,true,0.16635913221316334,49.71684371459238,19.601413296072934,8.35769427772809,1.0955087503816685e-7,-0.39858670392706586,-3.481264023719177e-7,41.41675464321312
3,right bridge alignment,L1,17706,17706,0,0,385,false,true,0.16635913221316334,49.71684373974239,19.183957726236216,8.35769426949335,1.3470088333633612e-7,-0.8160422737637845,-3.563611414847401e-7,40.887186322914125
3,right bridge alignment,L1,17706,17706,0,0,385,false,true,0.16635913221316334,49.71684373974239,18.76650297641754,8.35769426949335,1.3470088333633612e-7,-1.2334970235824585,-3.563611414847401e-7,40.50303483749895
3,right bridge alignment,L1,17608,17608,0,0,385,false,true,0.16635913221316334,49.71684371459238,19.601413296072934,8.35769427772809,1.0955087503816685e-7,-0.39858670392706586,-3.481264023719177e-7,41.41675464321312
3,right bridge alignment,L1,17608,17608,0,0,385,false,true,0.16635913221316334,49.71684371459238,19.183958411216736,8.35769427772809,1.0955087503816685e-7,-0.8160415887832642,-3.481264023719177e-7,40.88718694098917
3,right bridge alignment,L1,17611,17611,0,0,385,false,true,0.16635913221316334,49.71684265136719,19.183958411216736,8.357694625854492,-9.5367431640625e-7,-0.8160415887832642,0,40.88718651681617
3,right bridge alignment,L1,17611,17611,0,0,385,false,true,0.16635913221316334,49.71684265136719,19.60141287488146,8.357694625854492,-9.5367431640625e-7,-0.39858712511853867,0,41.4167542746812
3,right bridge alignment,L1,17709,17709,0,0,385,false,true,0.16635913221316334,49.71684265136719,18.76650297641754,8.357694625854492,-9.5367431640625e-7,-1.2334970235824585,0,40.503034294588915
3,right bridge alignment,L1,17709,17709,0,0,385,false,true,0.16635913221316334,49.71684265136719,19.183957320873287,8.357694625854492,-9.5367431640625e-7,-0.8160426791267135,0,40.8871855170007
3,right bridge alignment,L1,17610,17610,0,0,385,false,true,0.16635913221316334,49.71684265136719,19.60141287488146,8.357694625854492,-9.5367431640625e-7,-0.39858712511853867,0,41.4167542746812
3,right bridge alignment,L1,17610,17610,0,0,385,false,true,0.16635913221316334,49.71684265136719,19.60141396522522,8.357694625854492,-9.5367431640625e-7,-0.3985860347747803,0,41.416755363712475
3,right bridge alignment,L1,17708,17708,0,0,385,false,true,0.16635913221316334,49.71684265136719,19.183957320873287,8.357694625854492,-9.5367431640625e-7,-0.8160426791267135,0,40.8871855170007
3,right bridge alignment,L1,17708,17708,0,0,385,false,true,0.16635913221316334,49.71684265136719,19.183958411216736,8.357694625854492,-9.5367431640625e-7,-0.8160415887832642,0,40.88718651681617
3,right bridge alignment,L1,17805,17805,0,0,385,false,true,0.16635913221316334,49.71684373974239,18.76650297641754,8.35769426949335,1.3470088333633612e-7,-1.2334970235824585,-3.563611414847401e-7,40.50303483749895
3,right bridge alignment,L1,17805,17805,0,0,385,false,true,0.16635913221316334,49.716843756523524,18.766502280875436,8.35769426399879,1.5148201981673992e-7,-1.2334977191245642,-3.6185570273516987e-7,40.503034243042045
3,right bridge alignment,L1,17804,17804,0,0,385,false,true,0.16635913221316334,49.716843756523524,18.766502280875436,8.35769426399879,1.5148201981673992e-7,-1.2334977191245642,-3.6185570273516987e-7,40.503034243042045
3,right bridge alignment,L1,17804,17804,0,0,385,false,true,0.16635913221316334,49.716843756523524,18.500030774324102,8.35769426399879,1.5148201981673992e-7,-1.4999692256758976,-3.6185570273516987e-7,40.272082841388084
3,right bridge alignment,L1,17806,17806,0,0,385,false,true,0.16635913221316334,49.71684265136719,18.766501886073783,8.357694625854492,-9.5367431640625e-7,-1.2334981139262169,0,40.503033349585735
3,right bridge alignment,L1,17806,17806,0,0,385,false,true,0.16635913221316334,49.71684265136719,18.76650297641754,8.357694625854492,-9.5367431640625e-7,-1.2334970235824585,0,40.503034294588915
3,right bridge alignment,L1,17807,17807,0,0,385,false,true,0.16635913221316334,49.71684265136719,18.5,8.357694625854492,-9.5367431640625e-7,-1.5,0,40.27205561793731
3,right bridge alignment,L1,17807,17807,0,0,385,false,true,0.16635913221316334,49.71684265136719,18.766501886073783,8.357694625854492,-9.5367431640625e-7,-1.2334981139262169,0,40.503033349585735
3,right bridge alignment,L1,15268,15268,0,0,386,true,true,0.4278705499225684,49.78735140715056,19.9590659414773,8.08834918288887,0.07050780210905572,-0.04093405852270138,-0.2693454429656228,41.90427376001543
3,right bridge alignment,L1,15268,15268,0,0,386,true,true,0.4278705499225684,49.78272776283648,20.0188570022583,8.08846456674287,0.0658841577949758,0.01885700225830078,-0.26923005911162257,41.924237790256115
3,right bridge alignment,L1,15269,15269,0,0,386,true,true,0.4278705499225684,49.793276561157725,19.60141396522522,8.090285869164882,0.07643295611622136,-0.3985860347747803,-0.26740875668961017,41.41300618247997
3,right bridge alignment,L1,15269,15269,0,0,386,true,true,0.4278705499225684,49.78735140715057,19.9590659414773,8.088349182888871,0.07050780210906282,-0.04093405852270138,-0.269345442965621,41.90427376001542
3,right bridge alignment,L1,15265,15265,0,0,386,true,true,0.4278705499225684,49.78272776283649,20.0188570022583,8.088464566742871,0.06588415779498291,0.01885700225830078,-0.2692300591116208,41.92423779025611
3,right bridge alignment,L1,15265,15265,0,0,386,true,true,0.4278705499225684,49.77965388562079,20.249049631036023,8.087128663730578,0.06281028057928495,0.24904963103602284,-0.27056596212391426,41.98298218346737
3,right bridge alignment,L1,15276,15276,0,0,386,true,true,0.4278705499225684,49.80789985058008,19.12838124645593,8.092027003094993,0.09105624553857439,-0.8716187535440696,-0.2656676227594996,40.87255096900623
3,right bridge alignment,L1,15276,15276,0,0,386,true,true,0.4278705499225684,49.80532253770369,19.183958411216736,8.091926292190072,0.0884789326621842,-0.8160415887832642,-0.2657683336644201,40.92248550937108
3,right bridge alignment,L1,15272,15272,0,0,386,true,true,0.4278705499225684,49.79724486712635,19.543781213759353,8.0902336903804,0.08040126208484821,-0.4562187862406475,-0.26746093547409266,41.289117292827
3,right bridge alignment,L1,15272,15272,0,0,386,true,true,0.4278705499225684,49.793276561157725,19.60141396522522,8.090285869164882,0.07643295611622136,-0.3985860347747803,-0.26740875668961017,41.41300618247997
3,right bridge alignment,L1,15277,15277,0,0,386,true,true,0.4278705499225684,49.81925265439656,18.76650297641754,8.093338967853942,0.10240904935505313,-1.2334970235824585,-0.26435565800055016,40.55411908461729
3,right bridge alignment,L1,15277,15277,0,0,386,true,true,0.4278705499225684,49.80789985058008,19.12838124645593,8.092027003094993,0.09105624553857439,-0.8716187535440696,-0.2656676227594996,40.87255096900623
3,right bridge alignment,L1,15273,15273,0,0,386,true,true,0.4278705499225684,49.80532253770369,19.183958411216736,8.091926292190074,0.0884789326621842,-0.8160415887832642,-0.2657683336644183,40.92248550937108
3,right bridge alignment,L1,15273,15273,0,0,386,true,true,0.4278705499225684,49.797244867126345,19.543781213759353,8.0902336903804,0.08040126208484111,-0.4562187862406475,-0.26746093547409266,41.289117292827
3,right bridge alignment,L1,15280,15280,0,0,386,true,true,0.4278705499225684,49.82053995019014,18.712708641528252,8.09358238609823,0.10369634514863435,-1.287291358471748,-0.26411223975626186,40.50813756099325
3,right bridge alignment,L1,15280,15280,0,0,386,true,true,0.4278705499225684,49.81925265439656,18.76650297641754,8.093338967853942,0.10240904935505313,-1.2334970235824585,-0.26435565800055016,40.55411908461729
3,right bridge alignment,L1,15281,15281,0,0,386,true,true,0.4278705499225684,49.82484817090157,18.484788297536173,8.094752232431693,0.1080045658600639,-1.5152117024638265,-0.262942393422799,40.31274758431048
3,right bridge alignment,L1,15281,15281,0,0,386,true,true,0.4278705499225684,49.82053995019013,18.712708641528252,8.093582386098232,0.10369634514862724,-1.287291358471748,-0.2641122397562601,40.50813756099324
3,right bridge alignment,L1,15254,15254,0,0,387,true,true,0.16635913221316334,49.759766242496546,21.217495662225552,8.093640373301126,0.042922637455042434,1.2174956622255522,-0.26405425255336645,41.98298218346737
3,right bridge alignment,L1,15254,15254,0,0,387,true,true,0.16635913221316334,49.756122792777276,21.271223545074463,8.094833329462826,0.039279187735772325,1.271223545074463,-0.2628612963916659,41.98298218346737
3,right bridge alignment,L1,15225,15225,0,0,387,true,true,0.16635913221316334,49.75612279277727,21.271223545074463,8.094833329462826,0.03927918773576522,1.271223545074463,-0.2628612963916659,41.98298218346737
3,right bridge alignment,L1,15225,15225,0,0,387,true,true,0.16635913221316334,49.75482984098888,21.47656769213473,8.095256674073454,0.03798623594737904,1.4765676921347293,-0.26243795178103824,41.98298218346737
3,right bridge alignment,L1,15264,15264,0,0,387,true,true,0.16635913221316334,49.77753491514241,20.375915857172078,8.08782246742856,0.060691310100907,0.3759158571720782,-0.2698721584259314,41.98298218346737
3,right bridge alignment,L1,15264,15264,0,0,387,true,true,0.16635913221316334,49.7722044444251,20.436312437057495,8.089567796272636,0.05536083938359582,0.4363124370574951,-0.2681268295818562,41.98298218346737
3,right bridge alignment,L1,15258,15258,0,0,387,true,true,0.16635913221316334,49.767638464662866,20.797085510527445,8.091062811741836,0.05079485962136232,0.7970855105274453,-0.2666318141126567,41.98298218346737
3,right bridge alignment,L1,15258,15258,0,0,387,true,true,0.16635913221316334,49.762772518175815,20.85376787185669,8.092656043786054,0.045928913134311244,0.8537678718566895,-0.26503858206843844,41.98298218346737
3,right bridge alignment,L1,15259,15259,0,0,387,true,true,0.16635913221316334,49.7722044444251,20.436312437057495,8.089567796272636,0.05536083938359582,0.4363124370574951,-0.2681268295818562,41.98298218346737
3,right bridge alignment,L1,15259,15259,0,0,387,true,true,0.16635913221316334,49.767638464662866,20.797085510527445,8.091062811741837,0.05079485962136232,0.7970855105274453,-0.2666318141126549,41.98298218346737
3,right bridge alignment,L1,15255,15255,0,0,387,true,true,0.16635913221316334,49.762772518175815,20.85376787185669,8.092656043786054,0.045928913134311244,0.8537678718566895,-0.26503858206843844,41.98298218346737
3,right bridge alignment,L1,15255,15255,0,0,387,true,true,0.16635913221316334,49.759766242496546,21.217495662225556,8.093640373301126,0.042922637455042434,1.2174956622255557,-0.26405425255336645,41.98298218346737
3,right bridge alignment,L1,15265,15265,0,0,387,true,true,0.16635913221316334,49.77965388562079,20.249049631036023,8.087128663730578,0.06281028057928495,0.24904963103602284,-0.27056596212391426,41.98298218346737
3,right bridge alignment,L1,15265,15265,0,0,387,true,true,0.16635913221316334,49.77753491514241,20.375915857172078,8.08782246742856,0.060691310100907,0.3759158571720782,-0.2698721584259314,41.98298218346737
3,right bridge alignment,L1,17132,17132,0,0,388,false,true,0.01547994233081604,49.7168443746817,21.49999893697753,8.357689974043582,7.696401951307053e-7,1.49999893697753,-0.000004651810909805931,41.98298218346737
3,right bridge alignment,L1,17132,17132,0,0,388,false,true,0.01547994233081604,49.71684365966323,21.499999378034975,8.357694295713259,5.462172936177012e-8,1.4999993780349747,-3.3014123346220003e-7,41.98298218346737
3,right bridge alignment,L1,17135,17135,0,0,388,false,true,0.01547994233081604,49.71684265136719,21.5,8.357694625854492,-9.5367431640625e-7,1.5,0,41.98298218346737
3,right bridge alignment,L1,17135,17135,0,0,388,false,true,0.01547994233081604,49.71684265136719,21.5,8.357694625854492,-9.5367431640625e-7,1.5,0,41.98298218346737
3,right bridge alignment,L1,15225,15225,0,0,389,true,true,0.01547994233081604,49.75482984098888,21.47656769213473,8.095256674073454,0.03798623594737904,1.4765676921347293,-0.26243795178103824,41.98298218346737
3,right bridge alignment,L1,15225,15225,0,0,389,true,true,0.01547994233081604,49.75150159272984,21.478620714183336,8.14051342010498,0.03465798768833395,1.4786207141833358,-0.21718120574951172,41.98298218346737
3,right bridge alignment,L1,17133,17133,0,0,389,false,true,0.01547994233081604,49.75150159272984,21.47862071418334,8.14051342010498,0.03465798768833395,1.4786207141833394,-0.21718120574951172,41.98298218346737
3,right bridge alignment,L1,17133,17133,0,0,389,false,true,0.01547994233081604,49.73399429015546,21.48942005227333,8.25403353259886,0.017150685113954012,1.4894200522733314,-0.10366109325563144,41.98298218346737
3,right bridge alignment,L1,17132,17132,0,0,389,false,true,0.01547994233081604,49.73399429015546,21.48942005227333,8.25403353259886,0.017150685113954012,1.4894200522733314,-0.10366109325563144,41.98298218346737
3,right bridge alignment,L1,17132,17132,0,0,389,false,true,0.01547994233081604,49.7168443746817,21.499998936977526,8.357689974043582,7.696401951307053e-7,1.4999989369775264,-0.000004651810909805931,41.98298218346737
3,right bridge alignment,L1,17135,17135,0,0,389,false,true,0.01547994233081604,49.71684265136719,21.5,8.357694625854492,-9.5367431640625e-7,1.5,0,41.98298218346737
3,right bridge alignment,L1,17135,17135,0,0,389,false,true,0.01547994233081604,49.71684265136719,21.5,8.357694625854492,-9.5367431640625e-7,1.5,0,41.98298218346737
3,right bridge alignment,L1,17804,17804,0,0,390,false,true,0.03635459376460379,49.71684365540848,18.499999858588918,8.357694505539369,5.036697814375657e-8,-1.500000141411082,-1.2031512319765625e-7,40.272055996218114
3,right bridge alignment,L1,17804,17804,0,0,390,false,true,0.03635459376460379,49.716844277580904,18.499999770960972,8.357693019312542,6.725394001705354e-7,-1.5000002290390277,-0.0000016065419501387623,40.27205623062668
3,right bridge alignment,L1,17807,17807,0,0,390,false,true,0.03635459376460379,49.71684265136719,18.5,8.357694625854492,-9.5367431640625e-7,-1.5,0,40.27205561793731
3,right bridge alignment,L1,17807,17807,0,0,390,false,true,0.03635459376460379,49.71684265136719,18.5,8.357694625854492,-9.5367431640625e-7,-1.5,0,40.27205561793731
3,right bridge alignment,L1,15281,15281,0,0,391,true,true,0.03635459376460379,49.804831937108425,18.487607421912596,8.140513420104979,0.0879883320669208,-1.512392578087404,-0.2171812057495135,40.305206303865376
3,right bridge alignment,L1,15281,15281,0,0,391,true,true,0.03635459376460379,49.82484817090157,18.484788297536173,8.094752232431693,0.1080045658600639,-1.5152117024638265,-0.262942393422799,40.31274758431048
3,right bridge alignment,L1,17805,17805,0,0,391,true,true,0.03635459376460379,49.77672198634655,18.491566480756127,8.214658944429402,0.05987838130504741,-1.508433519243873,-0.14303568142508993,40.29461564909065
3,right bridge alignment,L1,17805,17805,0,0,391,true,true,0.03635459376460379,49.804831937108425,18.4876074219126,8.140513420104979,0.0879883320669208,-1.5123925780874004,-0.2171812057495135,40.305206303865376
3,right bridge alignment,L1,17804,17804,0,0,391,true,true,0.03635459376460379,49.716844277580904,18.499999770960972,8.35769301931254,6.725394001705354e-7,-1.5000002290390277,-0.0000016065419519151192,40.27205623062668
3,right bridge alignment,L1,17804,17804,0,0,391,true,true,0.03635459376460379,49.77672198634655,18.491566480756127,8.214658944429402,0.05987838130504741,-1.508433519243873,-0.14303568142508993,40.29461564909065
3,right bridge alignment,L1,17807,17807,0,0,391,false,true,0.03635459376460379,49.71684265136719,18.5,8.357694625854492,-9.5367431640625e-7,-1.5,0,40.27205561793731
3,right bridge alignment,L1,17807,17807,0,0,391,false,true,0.03635459376460379,49.71684265136719,18.5,8.357694625854492,-9.5367431640625e-7,-1.5,0,40.27205561793731
3,right bridge alignment,L1,17135,17135,0,0,394,false,true,0.375,49.71684265136719,21.5,8.357694625854492,-9.5367431640625e-7,1.5,0,41.98298218346737
3,right bridge alignment,L1,17135,17135,0,0,394,false,true,0.375,49.71684265136719,21.271223545074463,8.357694625854492,-9.5367431640625e-7,1.271223545074463,0,41.98298218346737
3,right bridge alignment,L1,17228,17228,0,0,394,false,true,0.375,49.71684265136719,21.271223545074463,8.357694625854492,-9.5367431640625e-7,1.271223545074463,0,41.98298218346737
3,right bridge alignment,L1,17228,17228,0,0,394,false,true,0.375,49.71684265136719,21.271222454730392,8.357694625854492,-9.5367431640625e-7,1.2712224547303919,0,41.98298218346737
3,right bridge alignment,L1,17229,17229,0,0,394,false,true,0.375,49.71684265136719,21.271222454730392,8.357694625854492,-9.5367431640625e-7,1.2712224547303919,0,41.98298218346737
3,right bridge alignment,L1,17229,17229,0,0,394,false,true,0.375,49.71684265136719,20.85376787185669,8.357694625854492,-9.5367431640625e-7,0.8537678718566895,0,41.98298218346737
3,right bridge alignment,L1,17319,17319,0,0,394,false,true,0.375,49.71684265136719,20.85376678151324,8.357694625854492,-9.5367431640625e-7,0.8537667815132401,0,41.98298218346737
3,right bridge alignment,L1,17319,17319,0,0,394,false,true,0.375,49.71684265136719,20.436312437057495,8.357694625854492,-9.5367431640625e-7,0.4363124370574951,0,41.98298218346737
3,right bridge alignment,L1,17318,17318,0,0,394,false,true,0.375,49.71684265136719,20.85376787185669,8.357694625854492,-9.5367431640625e-7,0.8537678718566895,0,41.98298218346737
3,right bridge alignment,L1,17318,17318,0,0,394,false,true,0.375,49.71684265136719,20.85376678151324,8.357694625854492,-9.5367431640625e-7,0.8537667815132401,0,41.98298218346737
3,right bridge alignment,L1,17413,17413,0,0,394,false,true,0.375,49.71684265136719,20.436311346714046,8.357694625854492,-9.5367431640625e-7,0.4363113467140458,0,41.98298218346737
3,right bridge alignment,L1,17413,17413,0,0,394,false,true,0.375,49.71684265136719,20.0188570022583,8.357694625854492,-9.5367431640625e-7,0.01885700225830078,0,41.98298218346737
3,right bridge alignment,L1,17511,17511,0,0,394,false,true,0.375,49.71684265136719,20.018855911947234,8.357694625854492,-9.5367431640625e-7,0.01885591194723446,0,41.98298218346737
3,right bridge alignment,L1,17511,17511,0,0,394,false,true,0.375,49.71684265136719,19.60141396522522,8.357694625854492,-9.5367431640625e-7,-0.3985860347747803,0,41.416755363712475
3,right bridge alignment,L1,17412,17412,0,0,394,false,true,0.375,49.71684265136719,20.436312437057495,8.357694625854492,-9.5367431640625e-7,0.4363124370574951,0,41.98298218346737
3,right bridge alignment,L1,17412,17412,0,0,394,false,true,0.375,49.71684265136719,20.436311346714046,8.357694625854492,-9.5367431640625e-7,0.4363113467140458,0,41.98298218346737
3,right bridge alignment,L1,17510,17510,0,0,394,false,true,0.375,49.71684265136719,20.0188570022583,8.357694625854492,-9.5367431640625e-7,0.01885700225830078,0,41.98298218346737
3,right bridge alignment,L1,17510,17510,0,0,394,false,true,0.375,49.71684265136719,20.018855911947234,8.357694625854492,-9.5367431640625e-7,0.01885591194723446,0,41.98298218346737
3,right bridge alignment,L1,17611,17611,0,0,394,false,true,0.375,49.71684265136719,19.60141287488146,8.357694625854492,-9.5367431640625e-7,-0.39858712511853867,0,41.4167542746812
3,right bridge alignment,L1,17611,17611,0,0,394,false,true,0.375,49.71684265136719,19.183958411216736,8.357694625854492,-9.5367431640625e-7,-0.8160415887832642,0,40.88718651681617
3,right bridge alignment,L1,17709,17709,0,0,394,false,true,0.375,49.71684265136719,19.183957320873287,8.357694625854492,-9.5367431640625e-7,-0.8160426791267135,0,40.8871855170007
3,right bridge alignment,L1,17709,17709,0,0,394,false,true,0.375,49.71684265136719,18.76650297641754,8.357694625854492,-9.5367431640625e-7,-1.2334970235824585,0,40.503034294588915
3,right bridge alignment,L1,17610,17610,0,0,394,false,true,0.375,49.71684265136719,19.60141396522522,8.357694625854492,-9.5367431640625e-7,-0.3985860347747803,0,41.416755363712475
3,right bridge alignment,L1,17610,17610,0,0,394,false,true,0.375,49.71684265136719,19.60141287488146,8.357694625854492,-9.5367431640625e-7,-0.39858712511853867,0,41.4167542746812
3,right bridge alignment,L1,17708,17708,0,0,394,false,true,0.375,49.71684265136719,19.183958411216736,8.357694625854492,-9.5367431640625e-7,-0.8160415887832642,0,40.88718651681617
3,right bridge alignment,L1,17708,17708,0,0,394,false,true,0.375,49.71684265136719,19.183957320873287,8.357694625854492,-9.5367431640625e-7,-0.8160426791267135,0,40.8871855170007
3,right bridge alignment,L1,17806,17806,0,0,394,false,true,0.375,49.71684265136719,18.76650297641754,8.357694625854492,-9.5367431640625e-7,-1.2334970235824585,0,40.503034294588915
3,right bridge alignment,L1,17806,17806,0,0,394,false,true,0.375,49.71684265136719,18.766501886073783,8.357694625854492,-9.5367431640625e-7,-1.2334981139262169,0,40.503033349585735
3,right bridge alignment,L1,17807,17807,0,0,394,false,true,0.375,49.71684265136719,18.766501886073783,8.357694625854492,-9.5367431640625e-7,-1.2334981139262169,0,40.503033349585735
3,right bridge alignment,L1,17807,17807,0,0,394,false,true,0.375,49.71684265136719,18.5,8.357694625854492,-9.5367431640625e-7,-1.5,0,40.27205561793731
3,right bridge alignment,L1,17135,17135,0,0,395,false,true,0.375,49.71684265136719,21.5,8.357694625854492,-9.5367431640625e-7,1.5,0,41.98298218346737
3,right bridge alignment,L1,17135,17135,0,0,395,false,true,0.375,49.71684265136719,21.5,8.357694625854492,-9.5367431640625e-7,1.5,0,41.98298218346737
21,curved,G1,13661,13661,0,0,0,false,true,0.309894412861609,13.128291130065918,18.161029815673828,6.666666507720947,0,-0.48624019622802805,0,0
21,curved,G1,13661,13661,0,0,0,false,true,0.309894412861609,13.128291130065918,18.161029815673828,6.666666507720947,0,-0.48624019622802805,0,0
21,curved,G1,13675,13675,0,0,0,false,true,0.309894412861609,13.128291130065918,18.724790573120117,6.666666507720947,0,0.07752056121826101,0,0.0032720309154095724
21,curved,G1,13675,13675,0,0,0,false,true,0.309894412861609,13.128291130065918,18.724790573120117,6.666666507720947,0,0.07752056121826101,0,0.0032720309154095724
21,curved,G1,13660,13660,0,0,0,false,true,0.309894412861609,13.128291130065918,17.597270965576172,6.666666507720947,0,-1.0499990463256843,0,0
21,curved,G1,13660,13660,0,0,0,false,true,0.309894412861609,13.128291130065918,18.161029815673828,6.666666507720947,0,-0.48624019622802805,0,0
21,curved,G1,13663,13663,0,0,0,false,true,0.309894412861609,13.128291130065918,17.597270965576172,6.666666507720947,0,-1.0499990463256843,0,0
21,curved,G1,13663,13663,0,0,0,false,true,0.309894412861609,13.128291130065918,18.161029815673828,6.666666507720947,0,-0.48624019622802805,0,0
21,curved,G1,13662,13662,0,0,0,false,true,0.309894412861609,13.128291130065918,18.161029815673828,6.666666507720947,0,-0.48624019622802805,0,0
21,curved,G1,13662,13662,0,0,0,false,true,0.309894412861609,13.128291130065918,18.161029815673828,6.666666507720947,0,-0.48624019622802805,0,0
21,curved,G1,13674,13674,0,0,0,false,true,0.309894412861609,13.128291130065918,18.161029815673828,6.666666507720947,0,-0.48624019622802805,0,0
21,curved,G1,13674,13674,0,0,0,false,true,0.309894412861609,13.128291130065918,18.724790573120117,6.666666507720947,0,0.07752056121826101,0,0.0032720309154095724
21,curved,G1,13677,13677,0,0,0,false,true,0.309894412861609,13.128291130065918,18.161029815673828,6.666666507720947,0,-0.48624019622802805,0,0
21,curved,G1,13677,13677,0,0,0,false,true,0.309894412861609,13.128291130065918,18.724790573120117,6.666666507720947,0,0.07752056121826101,0,0.0032720309154095724
21,curved,G1,13676,13676,0,0,0,false,true,0.309894412861609,13.128291130065918,18.724790573120117,6.666666507720947,0,0.07752056121826101,0,0.0032720309154095724
21,curved,G1,13676,13676,0,0,0,false,true,0.309894412861609,13.128291130065918,18.724790573120117,6.666666507720947,0,0.07752056121826101,0,0.0032720309154095724
21,curved,G1,13692,13692,0,0,0,false,true,0.309894412861609,13.128291130065918,19.288551330566406,6.666666507720947,0,0.6412813186645501,0,0.027067558169983224
21,curved,G1,13692,13692,0,0,0,false,true,0.309894412861609,13.128291130065918,19.288551330566406,6.666666507720947,0,0.6412813186645501,0,0.027067558169983224
21,curved,G1,13693,13693,0,0,0,false,true,0.309894412861609,13.128291130065918,18.724790573120117,6.666666507720947,0,0.07752056121826101,0,0.0032720309154095724
21,curved,G1,13693,13693,0,0,0,false,true,0.309894412861609,13.128291130065918,19.288551330566406,6.666666507720947,0,0.6412813186645501,0,0.027067558169983224
21,curved,G1,13695,13695,0,0,0,false,true,0.309894412861609,13.128291130065918,18.724790573120117,6.666666507720947,0,0.07752056121826101,0,0.0032720309154095724
21,curved,G1,13695,13695,0,0,0,false,true,0.309894412861609,13.128291130065918,19.288551330566406,6.666666507720947,0,0.6412813186645501,0,0.027067558169983224
21,curved,G1,13694,13694,0,0,0,false,true,0.309894412861609,13.128291130065918,19.288551330566406,6.666666507720947,0,0.6412813186645501,0,0.027067558169983224
21,curved,G1,13694,13694,0,0,0,false,true,0.309894412861609,13.128291130065918,19.288551330566406,6.666666507720947,0,0.6412813186645501,0,0.027067558169983224
21,curved,G1,13691,13691,0,0,0,false,true,0.309894412861609,13.128291130065918,19.288551330566406,6.666666507720947,0,0.6412813186645501,0,0.027067558169983224
21,curved,G1,13691,13691,0,0,0,false,true,0.309894412861609,13.128291130065918,19.288551330566406,6.666666507720947,0,0.6412813186645501,0,0.027067558169983224
21,curved,G1,13714,13714,0,0,0,false,true,0.309894412861609,13.128291130065918,19.288551330566406,6.666666507720947,0,0.6412813186645501,0,0.027067558169983224
21,curved,G1,13714,13714,0,0,0,false,true,0.309894412861609,13.128291130065918,19.288551330566406,6.666666507720947,0,0.6412813186645501,0,0.027067558169983224
21,curved,G1,13717,13717,0,0,0,false,true,0.309894412861609,13.128291130065918,19.288551330566406,6.666666507720947,0,0.6412813186645501,0,0.027067558169983224
21,curved,G1,13717,13717,0,0,0,false,true,0.309894412861609,13.128291130065918,19.697269439697266,6.666666507720947,0,1.0499994277954094,0,0.04431895918859307
21,curved,G1,13715,13715,0,0,0,false,true,0.309894412861609,13.128291130065918,19.288551330566406,6.666666507720947,0,0.6412813186645501,0,0.027067558169983224
21,curved,G1,13715,13715,0,0,0,false,true,0.309894412861609,13.128291130065918,19.697269439697266,6.666666507720947,0,1.0499994277954094,0,0.04431895918859307
21,curved,G1,13660,13660,0,0,1,false,true,0.4027380564831857,13.128291130065918,17.597270965576172,6.666666507720947,0,-1.0499990463256843,0,0
21,curved,G1,13660,13660,0,0,1,false,true,0.4027380564831857,13.128291130065918,17.597270965576172,6.666666507720947,0,-1.0499990463256843,0,0
21,curved,G1,13663,13663,0,0,1,false,true,0.4027380564831857,13.128291130065918,17.597270965576172,6.666666507720947,0,-1.0499990463256843,0,0
21,curved,G1,13663,13663,0,0,1,false,true,0.4027380564831857,13.128291130065918,17.597270965576172,6.666666507720947,0,-1.0499990463256843,0,0
21,curved,G1,13694,13694,0,0,2,true,true,0.309894412861609,13.30303660715443,19.288551330566406,6.441958083246181,0.1747454770885124,0.6412813186645501,-0.22470842447476613,0.2016573059021546
21,curved,G1,13694,13694,0,0,2,true,true,0.309894412861609,13.30303660715443,18.86811707977636,6.441958083246181,0.1747454770885124,0.22084706787450514,-0.22470842447476613,0.18391138346734603
21,curved,G1,13717,13717,0,0,2,true,true,0.309894412861609,13.30303660715443,19.32043507455892,6.441958083246181,0.1747454770885124,0.6731650626570627,-0.22470842447476613,0.20300307268200002
21,curved,G1,13717,13717,0,0,2,true,true,0.309894412861609,13.30303660715443,19.288551330566406,6.441958083246181,0.1747454770885124,0.6412813186645501,-0.22470842447476613,0.2016573059021546
21,curved,G1,13716,13716,0,0,2,true,true,0.309894412861609,13.30303660715443,19.71179072191945,6.441958083246181,0.1747454770885124,1.064520710017593,-0.22470842447476613,0.2195216292682768
21,curved,G1,13716,13716,0,0,2,true,true,0.309894412861609,13.30303660715443,19.32043507455892,6.441958083246181,0.1747454770885124,0.6731650626570627,-0.22470842447476613,0.20300307268200002
21,curved,G1,13663,13663,0,0,3,true,true,0.4027380564831857,13.30565145289908,17.616504286362712,6.436613924755418,0.17736032283316128,-1.030765725539144,-0.23005258296552888,0.13369513078510814
21,curved,G1,13663,13663,0,0,3,true,true,0.4027380564831857,13.305706903033256,17.599155863288217,6.4365420008527705,0.17741577296733801,-1.0481141486136387,-0.23012450686817676,0.13301827962407534
21,curved,G1,13662,13662,0,0,3,true,true,0.4027380564831857,13.305314708612439,18.161029815673828,6.439028630662045,0.17702357854652107,-0.48624019622802805,-0.22763787705890248,0.1563423226567034
21,curved,G1,13662,13662,0,0,3,true,true,0.4027380564831857,13.305651452899077,17.616504286362712,6.436613924755418,0.1773603228331595,-1.030765725539144,-0.23005258296552888,0.1336951307851064
21,curved,G1,13677,13677,0,0,3,true,true,0.4027380564831857,13.305233528899489,18.186226736087146,6.439133021148714,0.176942398833571,-0.46104327581470983,-0.22753348657223338,0.15732474090460916
21,curved,G1,13677,13677,0,0,3,true,true,0.4027380564831857,13.30531470861244,18.161029815673828,6.439028630662046,0.17702357854652284,-0.48624019622802805,-0.2276378770589016,0.15634232265670514
21,curved,G1,13676,13676,0,0,3,true,true,0.4027380564831857,13.303498378056497,18.724790573120117,6.4413642835461795,0.17520724799057952,0.07752056121826101,-0.22530222417476775,0.1783231380294957
21,curved,G1,13676,13676,0,0,3,true,true,0.4027380564831857,13.305233528899489,18.186226736087143,6.439133021148714,0.176942398833571,-0.4610432758147134,-0.22753348657223338,0.157324740904609
21,curved,G1,13695,13695,0,0,3,true,true,0.4027380564831857,13.303399210460446,18.755570652704915,6.441491804982722,0.1751080803945282,0.10830064080305846,-0.22517470273822493,0.17952324150881227
21,curved,G1,13695,13695,0,0,3,true,true,0.4027380564831857,13.303498378056497,18.724790573120117,6.4413642835461795,0.17520724799057952,0.07752056121826101,-0.22530222417476775,0.1783231380294957
21,curved,G1,13694,13694,0,0,3,true,true,0.4027380564831857,13.30303660715443,18.86811707977636,6.441958083246181,0.1747454770885124,0.22084706787450514,-0.22470842447476613,0.18391138346734603
21,curved,G1,13694,13694,0,0,3,true,true,0.4027380564831857,13.303399210460446,18.755570652704915,6.441491804982722,0.1751080803945282,0.10830064080305846,-0.22517470273822493,0.17952324150881227
21,curved,G1,13660,13660,0,0,4,false,true,0.047173897195266906,13.128291130065918,17.597270965576172,6.666666507720947,0,-1.0499990463256843,0,0
21,curved,G1,13660,13660,0,0,4,false,true,0.047173897195266906,13.128291130065918,17.597270965576172,6.666666507720947,0,-1.0499990463256843,0,0
21,curved,G1,13663,13663,0,0,4,true,true,0.047173897195266906,13.248970835164748,17.59855308889715,6.510133877276765,0.12067970509882997,-1.0487169230047044,-0.15653263044418253,0.07630733146492827
21,curved,G1,13663,13663,0,0,4,true,true,0.047173897195266906,13.128291130065918,17.597270965576172,6.666666507720947,0,-1.0499990463256843,0,0
21,curved,G1,13663,13663,0,0,5,true,true,0.047173897195266906,13.305706903033256,17.599155863288217,6.4365420008527705,0.17741577296733801,-1.0481141486136387,-0.23012450686817676,0.13301827962407534
21,curved,G1,13663,13663,0,0,5,true,true,0.047173897195266906,13.248970835164748,17.59855308889715,6.510133877276765,0.12067970509882997,-1.0487169230047044,-0.15653263044418253,0.07630733146492827
21,curved,G1,13717,13717,0,0,6,true,true,0.03663762883003046,13.128291130065918,19.697269439697266,6.666666507720947,0,1.0499994277954094,0,0.04431895918859307
21,curved,G1,13717,13717,0,0,6,true,true,0.03663762883003046,13.177875841005452,19.701389910186432,6.602904615516918,0.049584710939534204,1.0541198982845756,-0.06376189220402928,0.09403340042323145
21,curved,G1,13715,13715,0,0,6,false,true,0.03663762883003046,13.128291130065918,19.697269439697266,6.666666507720947,0,1.0499994277954094,0,0.04431895918859307
21,curved,G1,13715,13715,0,0,6,false,true,0.03663762883003046,13.128291130065918,19.697269439697266,6.666666507720947,0,1.0499994277954094,0,0.04431895918859307
21,curved,G1,13716,13716,0,0,6,true,true,0.03663762883003046,13.177875841005452,19.701389910186432,6.602904615516918,0.049584710939534204,1.0541198982845756,-0.06376189220402928,0.09403340042323145
21,curved,G1,13716,13716,0,0,6,true,true,0.03663762883003046,13.23762661469536,19.706355176596762,6.526069996156745,0.10933548462944209,1.0590851646949062,-0.14059651156420205,0.1539405022505151
21,curved,G1,13716,13716,0,0,7,true,true,0.03663762883003046,13.23762661469536,19.706355176596762,6.526069996156745,0.10933548462944209,1.0590851646949062,-0.14059651156420205,0.1539405022505151
21,curved,G1,13716,13716,0,0,7,true,true,0.03663762883003046,13.30303660715443,19.71179072191945,6.441958083246181,0.1747454770885124,1.064520710017593,-0.22470842447476613,0.2195216292682768
21,curved,G1,15314,15314,0,0,121,true,true,1.1739222594204723,24.356565017532642,20.55555946535231,7.330254077588787,11.228273887466724,1.908289453450454,0.6635875698678397,11.298487817253871
21,curved,G1,15314,15314,0,0,121,true,true,1.1739222594204723,24.35901932007161,20.356475014325085,7.327566227354442,11.230728190005692,1.7092050024232286,0.6608997196334947,11.236398107599939
21,curved,G1,15312,15312,0,0,121,true,true,1.1739222594204723,24.354333877563477,21.05714469369966,7.337185577677044,11.226042747497559,2.4098746817978025,0.6705190699560966,11.458660125397016
21,curved,G1,15312,15312,0,0,121,true,true,1.1739222594204723,24.354333877563477,20.736541748046875,7.332697529442726,11.226042747497559,2.089271736145019,0.6660310217217784,11.354931890746453
21,curved,G1,15315,15315,0,0,121,true,true,1.1739222594204723,24.354333877563477,20.736541748046875,7.332697529442726,11.226042747497559,2.089271736145019,0.6660310217217784,11.354931890746453
21,curved,G1,15315,15315,0,0,121,true,true,1.1739222594204723,24.356565017532642,20.55555946535231,7.330254077588787,11.228273887466724,1.908289453450454,0.6635875698678397,11.298487817253871
21,curved,G1,15310,15310,0,0,121,true,true,1.1739222594204723,24.354333877563477,21.47804454239227,7.343077659606934,11.226042747497559,2.8307745304904124,0.6764111518859863,11.594324521352016
21,curved,G1,15310,15310,0,0,121,true,true,1.1739222594204723,24.354333877563477,21.24780559539795,7.339854596582901,11.226042747497559,2.600535583496093,0.6731880888619539,11.5203467662037
21,curved,G1,15313,15313,0,0,121,true,true,1.1739222594204723,24.354333877563477,21.24780559539795,7.339854596582901,11.226042747497559,2.600535583496093,0.6731880888619539,11.5203467662037
21,curved,G1,15313,15313,0,0,121,true,true,1.1739222594204723,24.354333877563477,21.05714469369966,7.337185577677044,11.226042747497559,2.4098746817978025,0.6705190699560966,11.458660125397016
21,curved,G1,14593,14593,0,0,123,true,true,1.1739222594204723,24.36239528656006,20.549115665666097,7.080399258883572,11.23410415649414,1.9018456537642408,0.413732751162625,11.301919665948889
21,curved,G1,14593,14593,0,0,123,true,true,1.1739222594204723,24.361889324688054,20.58944540660394,7.080943398521696,11.233598194622136,1.9421753947020832,0.4142768908007488,11.314489247053755
21,curved,G1,14620,14620,0,0,123,true,true,1.1739222594204723,24.37399333589551,20.361454215218266,7.078240478931892,11.245702205829591,1.7141842033164103,0.4115739712109443,11.252177708903703
21,curved,G1,14620,14620,0,0,123,true,true,1.1739222594204723,24.36239528656006,20.549115665666097,7.080399258883572,11.23410415649414,1.9018456537642408,0.413732751162625,11.301919665948889
21,curved,G1,14591,14591,0,0,123,true,true,1.1739222594204723,24.359980843790634,20.736541748046875,7.082925515514318,11.231689713724716,2.089271736145019,0.41625900779337055,11.360275129883174
21,curved,G1,14591,14591,0,0,123,true,true,1.1739222594204723,24.359747356886253,21.07987084439864,7.087722275387575,11.231456226820335,2.432600832496785,0.421055767666628,11.471135280076593
21,curved,G1,14594,14594,0,0,123,true,true,1.1739222594204723,24.361889324688054,20.58944540660394,7.080943398521696,11.233598194622136,1.9421753947020832,0.4142768908007488,11.314489247053755
21,curved,G1,14594,14594,0,0,123,true,true,1.1739222594204723,24.359980843790634,20.736541748046875,7.082925515514318,11.231689713724716,2.089271736145019,0.41625900779337055,11.360275129883174
21,curved,G1,14589,14589,0,0,123,true,true,1.1739222594204723,24.359634869830433,21.24780559539795,7.0900686145801535,11.231343739764515,2.600535583496093,0.4234021068592062,11.525362639896736
21,curved,G1,14589,14589,0,0,123,true,true,1.1739222594204723,24.35949273013486,21.46316614225473,7.093077659606934,11.231201600068943,2.8158961303528756,0.42641115188598633,11.594324521352016
21,curved,G1,14592,14592,0,0,123,true,true,1.1739222594204723,24.359747356886253,21.07987084439864,7.087722275387575,11.231456226820335,2.432600832496785,0.421055767666628,11.471135280076593
21,curved,G1,14592,14592,0,0,123,true,true,1.1739222594204723,24.359634869830433,21.24780559539795,7.0900686145801535,11.231343739764515,2.600535583496093,0.4234021068592062,11.525362639896736
21,curved,G1,15314,15314,0,0,124,true,true,0.123676614625357,24.35901932007161,20.356475014325085,7.327566227354442,11.230728190005692,1.7092050024232286,0.6608997196334947,11.236398107599939
21,curved,G1,15314,15314,0,0,124,true,true,0.123676614625357,24.35901932007161,20.356475014325085,7.235837812628255,11.230728190005692,1.7092050024232286,0.5691713049073082,11.236398107599939
21,curved,G1,15314,15314,0,0,125,true,true,0.123676614625357,24.35901932007161,20.356475014325085,7.235837812628255,11.230728190005692,1.7092050024232286,0.5691713049073082,11.236398107599939
21,curved,G1,15314,15314,0,0,125,true,true,0.123676614625357,24.35901932007161,20.356475014325085,7.200640678405762,11.230728190005692,1.7092050024232286,0.5339741706848145,11.236398107599939
21,curved,G1,14593,14593,0,0,125,true,true,0.123676614625357,24.361090353782327,20.357163680146165,7.157291481128451,11.232799223716409,1.7098936682443089,0.49062497340750344,11.23858056063232
21,curved,G1,14593,14593,0,0,125,true,true,0.123676614625357,24.36239528656006,20.357597599979616,7.129247531289861,11.23410415649414,1.7103275880777602,0.46258102356891406,11.239955697349348
21,curved,G1,14620,14620,0,0,125,true,true,0.123676614625357,24.36239528656006,20.35759759997962,7.129247531289861,11.23410415649414,1.7103275880777637,0.46258102356891406,11.23995569734935
21,curved,G1,14620,14620,0,0,125,true,true,0.123676614625357,24.373993335895506,20.361454215218266,7.078240478931891,11.245702205829588,1.7141842033164103,0.4115739712109434,11.2521777089037
21,curved,G1,14594,14594,0,0,125,true,true,0.123676614625357,24.35901932007161,20.35647501432509,7.200640678405762,11.230728190005692,1.7092050024232321,0.5339741706848145,11.23639810759994
21,curved,G1,14594,14594,0,0,125,true,true,0.123676614625357,24.361090353782327,20.357163680146165,7.157291481128451,11.232799223716409,1.7098936682443089,0.49062497340750344,11.23858056063232
21,curved,G1,15310,15310,0,0,128,true,true,1.1635753463367682,24.354333877563477,21.55859334832201,7.344215302430816,11.226042747497559,2.9113233364201534,0.6775487947098684,11.620527581340276
21,curved,G1,15310,15310,0,0,128,true,true,1.1635753463367682,24.354333877563477,21.47804454239227,7.343077659606934,11.226042747497559,2.8307745304904124,0.6764111518859863,11.594324521352016
21,curved,G1,15311,15311,0,0,128,true,true,1.1635753463367682,24.354333877563477,21.75907039642334,7.34704676929731,11.226042747497559,3.1118003845214837,0.6803802615763628,11.687007017159893
21,curved,G1,15311,15311,0,0,128,true,true,1.1635753463367682,24.354333877563477,21.55859334832201,7.344215302430816,11.226042747497559,2.9113233364201534,0.6775487947098684,11.620527581340276
21,curved,G1,15308,15308,0,0,128,true,true,1.1635753463367682,24.354333877563477,22.05996983172165,7.351296566415049,11.226042747497559,3.4126998198197924,0.6846300586941014,11.786787141051988
21,curved,G1,15308,15308,0,0,128,true,true,1.1635753463367682,24.354333877563477,21.75907039642334,7.34704676929731,11.226042747497559,3.1118003845214837,0.6803802615763628,11.687007017159893
21,curved,G1,15309,15309,0,0,128,true,true,1.1635753463367682,24.354333877563477,22.270334243774414,7.35426767891026,11.226042747497559,3.623064231872558,0.6876011711893124,11.856545288242604
21,curved,G1,15309,15309,0,0,128,true,true,1.1635753463367682,24.354333877563477,22.05996983172165,7.351296566415049,11.226042747497559,3.4126998198197924,0.6846300586941014,11.786787141051988
21,curved,G1,15306,15306,0,0,128,true,true,1.1635753463367682,24.354333877563477,22.56134594839891,7.358377825219825,11.226042747497559,3.9140759364970528,0.6917113174988776,11.953046579156277
21,curved,G1,15306,15306,0,0,128,true,true,1.1635753463367682,24.354333877563477,22.270334243774414,7.35426767891026,11.226042747497559,3.623064231872558,0.6876011711893124,11.856545288242604
21,curved,G1,15307,15307,0,0,128,true,true,1.1635753463367682,24.354333877563477,22.78159809112549,7.361488588523209,11.226042747497559,4.134328079223632,0.694822080802262,12.026083559325317
21,curved,G1,15307,15307,0,0,128,true,true,1.1635753463367682,24.354333877563477,22.56134594839891,7.358377825219825,11.226042747497559,3.9140759364970528,0.6917113174988776,11.953046579156277
21,curved,G1,15304,15304,0,0,128,true,true,1.1635753463367682,24.357881261643367,22.790808783871903,7.361763173862624,11.22959013157745,4.1435387719700465,0.6950966661416764,12.032484547921776
21,curved,G1,15304,15304,0,0,128,true,true,1.1635753463367682,24.354333877563477,22.78159809112549,7.36148858852321,11.226042747497559,4.134328079223632,0.6948220808022629,12.026083559325317
21,curved,G1,15305,15305,0,0,128,true,true,1.1635753463367682,24.36239528656006,22.802529335021973,7.362112582056367,11.23410415649414,4.1552593231201165,0.69544607433542,12.040629767431462
21,curved,G1,15305,15305,0,0,128,true,true,1.1635753463367682,24.357881261643367,22.790808783871903,7.361763173862624,11.22959013157745,4.1435387719700465,0.6950966661416764,12.032484547921776
21,curved,G1,15362,15362,0,0,128,true,true,1.1635753463367682,24.636057140275707,22.967672407524937,7.375592163642159,11.507766010209789,4.320402395623081,0.7089256559212114,12.353569725921108
21,curved,G1,15362,15362,0,0,128,true,true,1.1635753463367682,24.36239528656006,22.802529335021973,7.362112582056367,11.23410415649414,4.1552593231201165,0.69544607433542,12.040629767431462
21,curved,G1,14589,14589,0,0,130,true,true,1.1635753463367682,24.35949273013486,21.46316614225473,7.093077659606934,11.231201600068943,2.8158961303528756,0.42641115188598633,11.594324521352016
21,curved,G1,14589,14589,0,0,130,true,true,1.1635753463367682,24.35942127877743,21.570455044209066,7.094590059630238,11.231130148711511,2.9231850323072095,0.42792355190929054,11.6292605387792
21,curved,G1,14590,14590,0,0,130,true,true,1.1635753463367682,24.359421278777432,21.570455044209066,7.094590059630238,11.231130148711514,2.9231850323072095,0.42792355190929054,11.629260538779203
21,curved,G1,14590,14590,0,0,130,true,true,1.1635753463367682,24.359293735125767,21.75907039642334,7.097248800824618,11.23100260505985,3.1118003845214837,0.43058229310367047,11.691686235517773
21,curved,G1,14587,14587,0,0,130,true,true,1.1635753463367682,24.359293735125767,21.75907039642334,7.097248800824618,11.23100260505985,3.1118003845214837,0.43058229310367047,11.691686235517773
21,curved,G1,14587,14587,0,0,130,true,true,1.1635753463367682,24.359089773583566,22.060694802015856,7.101500529132863,11.230798643517648,3.413424790114,0.4348340214119153,11.79151434309981
21,curved,G1,14588,14588,0,0,130,true,true,1.1635753463367682,24.359089773583566,22.060694802015856,7.101500529132863,11.230798643517648,3.413424790114,0.4348340214119153,11.79151434309981
21,curved,G1,14588,14588,0,0,130,true,true,1.1635753463367682,24.358948013225138,22.270334243774414,7.104455628032432,11.23065688315922,3.623064231872558,0.43778912031148476,11.860898346374345
21,curved,G1,14585,14585,0,0,130,true,true,1.1635753463367682,24.358948013225138,22.270334243774414,7.104455628032432,11.23065688315922,3.623064231872558,0.43778912031148476,11.860898346374345
21,curved,G1,14585,14585,0,0,130,true,true,1.1635753463367682,24.35875826861783,22.550934222462033,7.108410993880018,11.230467138551912,3.9036642105601764,0.44174448615907114,11.953768035764758
21,curved,G1,14586,14586,0,0,130,true,true,1.1635753463367682,24.35875826861783,22.550934222462033,7.108410993880018,11.230467138551912,3.9036642105601764,0.44174448615907114,11.953768035764758
21,curved,G1,14586,14586,0,0,130,true,true,1.1635753463367682,24.358602291324512,22.78159809112549,7.111662455240246,11.230311161258594,4.134328079223632,0.44499594751929905,12.030110457230919
21,curved,G1,14608,14608,0,0,130,true,true,1.1635753463367682,24.36239528656006,22.79148314088991,7.111956569520359,11.23410415649414,4.144213128988053,0.4452900617994118,12.036966780766363
21,curved,G1,14608,14608,0,0,130,true,true,1.1635753463367682,24.371203598261058,22.795972839559262,7.112378772324595,11.24291246819514,4.148702827657406,0.44571226460364777,12.046765511606925
21,curved,G1,14584,14584,0,0,130,true,true,1.1635753463367682,24.358602291324512,22.78159809112549,7.111662455240246,11.230311161258594,4.134328079223632,0.44499594751929905,12.030110457230919
21,curved,G1,14584,14584,0,0,130,true,true,1.1635753463367682,24.36239528656006,22.79148314088991,7.111956569520359,11.23410415649414,4.144213128988053,0.4452900617994118,12.036966780766363
21,curved,G1,14609,14609,0,0,130,true,true,1.1635753463367682,24.371203598261058,22.795972839559262,7.112378772324595,11.24291246819514,4.148702827657406,0.44571226460364777,12.046765511606925
21,curved,G1,14609,14609,0,0,130,true,true,1.1635753463367682,24.52480771493303,22.854763767306256,7.119465922138383,11.396516584867111,4.2074937554044,0.4527994144174361,12.211173820540624
21,curved,G1,14610,14610,0,0,130,true,true,1.1635753463367682,24.524807714933033,22.854763767306256,7.119465922138383,11.396516584867115,4.2074937554044,0.4527994144174361,12.211173820540628
21,curved,G1,14610,14610,0,0,130,true,true,1.1635753463367682,24.794150374182674,23.024841619284118,7.132839265618386,11.665859244116756,4.3775716073822615,0.4661727578974384,12.521675377259987
21,curved,G1,15362,15362,0,0,134,true,true,0.12258529820583351,24.63605714027571,22.967672407524937,7.317867784747968,11.507766010209792,4.320402395623081,0.6512012770270204,12.353569725921112
21,curved,G1,15362,15362,0,0,134,true,true,0.12258529820583351,24.63605714027571,22.967672407524937,7.375592163642159,11.507766010209792,4.320402395623081,0.7089256559212114,12.353569725921112
21,curved,G1,15362,15362,0,0,135,true,true,0.12258529820583351,24.63605714027571,22.967672407524937,7.200640678405762,11.507766010209792,4.320402395623081,0.5339741706848145,12.353569725921112
21,curved,G1,15362,15362,0,0,135,true,true,0.12258529820583351,24.63605714027571,22.967672407524937,7.317867784747968,11.507766010209792,4.320402395623081,0.6512012770270204,12.353569725921112
21,curved,G1,14610,14610,0,0,135,true,true,0.12258529820583351,24.79415037418267,23.024841619284118,7.132839265618386,11.665859244116753,4.3775716073822615,0.4661727578974384,12.521675377259983
21,curved,G1,14610,14610,0,0,135,true,true,0.12258529820583351,24.636057140275707,22.967672407524937,7.200640678405762,11.507766010209789,4.320402395623081,0.5339741706848145,12.353569725921108
21,curved,G1,15403,15403,0,0,136,true,true,1.1808906837065432,25.48991584777832,23.140645255773315,7.4125684626594435,12.361624717712402,4.4933752438714585,0.7459019549384962,13.225751341668628
21,curved,G1,15403,15403,0,0,136,true,true,1.1808906837065432,25.18267798255307,23.14076733625602,7.400185082948,12.054386852487152,4.493497324354163,0.7335185752270528,12.936833729166178
21,curved,G1,15402,15402,0,0,136,true,true,1.1808906837065432,25.18267798255307,23.14076733625602,7.400185082948,12.054386852487152,4.493497324354163,0.7335185752270528,12.936833729166178
21,curved,G1,15402,15402,0,0,136,true,true,1.1808906837065432,25.107410064075253,23.14079724384509,7.397151370895883,11.979118934009335,4.493527231943233,0.7304848631749357,12.8660539530839
21,curved,G1,15447,15447,0,0,136,true,true,1.1808906837065432,25.763081640899962,23.140536713774893,7.423578550032374,12.634790510834044,4.493266701873036,0.7569120423114271,13.482628561890756
21,curved,G1,15447,15447,0,0,136,true,true,1.1808906837065432,25.71349648856206,23.140556416357217,7.421579995039813,12.585205358496143,4.493286404455361,0.7549134873188654,13.436000117123593
21,curved,G1,15446,15446,0,0,136,true,true,1.1808906837065432,25.71349648856206,23.140556416357217,7.421579995039813,12.585205358496143,4.493286404455361,0.7549134873188654,13.436000117123593
21,curved,G1,15446,15446,0,0,136,true,true,1.1808906837065432,25.48991584777832,23.140645255773315,7.4125684626594435,12.361624717712402,4.4933752438714585,0.7459019549384962,13.225751341668628
21,curved,G1,15447,15447,0,0,137,true,true,1.2154392459947494,25.866044571493664,23.14049678282189,7.427628993988037,12.737753441427746,4.493226770920035,0.7609624862670898,13.579452260661965
21,curved,G1,15447,15447,0,0,137,true,true,1.2154392459947494,25.763081640899962,23.140536713774896,7.423578550032374,12.634790510834044,4.49326670187304,0.7569120423114271,13.482628561890756
21,curved,G1,14638,14638,0,0,138,true,true,1.1808906837065432,25.02588723430064,23.110473114188448,7.143429430448694,11.897596104234722,4.463203102286592,0.47676292272774656,12.77907779861172
21,curved,G1,14638,14638,0,0,138,true,true,1.1808906837065432,25.03951461527255,23.11078541493348,7.143983253529538,11.911223485206634,4.463515403031625,0.47731674580859096,12.792000546349787
21,curved,G1,14639,14639,0,0,138,true,true,1.1808906837065432,25.03951461527255,23.11078541493348,7.143983253529538,11.911223485206634,4.463515403031625,0.47731674580859096,12.792000546349787
21,curved,G1,14639,14639,0,0,138,true,true,1.1808906837065432,25.48991584777832,23.12110732790893,7.162287768440839,12.361624717712402,4.473837316007074,0.49562126071989177,13.21911280809569
21,curved,G1,14664,14664,0,0,138,true,true,1.1808906837065432,25.48991584777832,23.12110732790893,7.162287768440839,12.361624717712402,4.473837316007074,0.49562126071989177,13.21911280809569
21,curved,G1,14664,14664,0,0,138,true,true,1.1808906837065432,25.560881041665372,23.122733647960306,7.165171826822434,12.432589911599454,4.47546363605845,0.4985053191014863,13.286408593006641
21,curved,G1,14665,14665,0,0,138,true,true,1.1808906837065432,25.560881041665372,23.122733647960306,7.165171826822434,12.432589911599454,4.47546363605845,0.4985053191014863,13.286408593006641
21,curved,G1,14665,14665,0,0,138,true,true,1.1808906837065432,25.762451062421825,23.127353058527042,7.173363725921113,12.634159932355907,4.480083046625186,0.5066972182001654,13.477555999479058
21,curved,G1,14665,14665,0,0,139,true,true,1.2154392459947494,25.762451062421825,23.127353058527042,7.173363725921113,12.634159932355907,4.480083046625186,0.5066972182001654,13.477555999479058
21,curved,G1,14665,14665,0,0,139,true,true,1.2154392459947494,25.869978372434918,23.129758242494884,7.177628993988037,12.741687242369,4.482488230593027,0.5109624862670898,13.579503318223123
21,curved,G1,15402,15402,0,0,142,true,true,0.12349464851781201,25.107410064075253,23.140797243845093,7.397151370895883,11.979118934009335,4.493527231943236,0.7304848631749357,12.866053953083902
21,curved,G1,15402,15402,0,0,142,true,true,0.12349464851781201,25.11214716947999,23.142559309745987,7.218414109673545,11.983856039414071,4.495289297844131,0.5517476019525978,12.871107938729057
21,curved,G1,14638,14638,0,0,143,true,true,0.12349464851781201,25.032239299714735,23.11283589840162,7.147619508292311,11.903948169648817,4.465565886499764,0.4809530005713638,12.785854774143619
21,curved,G1,14638,14638,0,0,143,true,true,0.12349464851781201,25.02588723430064,23.110473114188448,7.143429430448694,11.897596104234722,4.463203102286592,0.47676292272774656,12.77907779861172
21,curved,G1,14639,14639,0,0,143,true,true,0.12349464851781201,25.11261822188811,23.14273452758789,7.200640678405763,11.984327091822191,4.4954645156860344,0.5339741706848153,12.871610501350183
21,curved,G1,14639,14639,0,0,143,true,true,0.12349464851781201,25.032239299714735,23.11283589840162,7.147619508292311,11.903948169648817,4.465565886499764,0.4809530005713638,12.785854774143619
21,curved,G1,15402,15402,0,0,143,true,true,0.12349464851781201,25.11214716947999,23.142559309745987,7.218414109673545,11.983856039414071,4.495289297844131,0.5517476019525978,12.871107938729057
21,curved,G1,15402,15402,0,0,143,true,true,0.12349464851781201,25.11261822188811,23.14273452758789,7.200640678405762,11.984327091822191,4.4954645156860344,0.5339741706848145,12.871610501350183
21,curved,G1,15447,15447,0,0,144,true,true,1.1939276837897865,26.05367660522461,23.14042270151171,7.435143520251036,12.925385475158691,4.493152689609854,0.7684770125300888,13.763687595817558
21,curved,G1,15447,15447,0,0,144,true,true,1.1939276837897865,25.866044571493664,23.14049678282189,7.427628993988037,12.737753441427746,4.493226770920035,0.7609624862670898,13.579452260661965
21,curved,G1,15481,15481,0,0,144,true,true,1.1939276837897865,26.6174373626709,23.140200116195604,7.457721727893092,13.48914623260498,4.492930104293748,0.7910552201721446,14.292102357553222
21,curved,G1,15481,15481,0,0,144,true,true,1.1939276837897865,26.24460040166657,23.140347320540222,7.442789879212598,13.116309271600652,4.493077308638366,0.7761233714916509,13.942641081093019
21,curved,G1,15480,15480,0,0,144,true,true,1.1939276837897865,26.24460040166657,23.140347320540222,7.442789879212598,13.116309271600652,4.493077308638366,0.7761233714916509,13.942641081093019
21,curved,G1,15480,15480,0,0,144,true,true,1.1939276837897865,26.05367660522461,23.14042270151171,7.435143520251036,12.925385475158691,4.493152689609854,0.7684770125300888,13.763687595817558
21,curved,G1,15516,15516,0,0,144,true,true,1.1939276837897865,26.67809922529215,23.14017616553978,7.460151191299556,13.549808095226233,4.492906153637925,0.7934846835786091,14.348960915478841
21,curved,G1,15516,15516,0,0,144,true,true,1.1939276837897865,26.6174373626709,23.140200116195604,7.457721727893092,13.48914623260498,4.492930104293748,0.7910552201721446,14.292102357553222
21,curved,G1,15516,15516,0,0,145,true,true,1.2303243508073645,26.775758147787414,23.140138569406208,7.463964800054903,13.647467017721496,4.492868557504352,0.7972982923339558,14.44049727083956
21,curved,G1,15516,15516,0,0,145,true,true,1.2303243508073645,26.67809922529215,23.14017616553978,7.460151191299556,13.549808095226233,4.492906153637925,0.7934846835786091,14.348960915478841
21,curved,G1,15517,15517,0,0,145,true,true,1.2303243508073645,26.92787226279697,23.1400800094463,7.469904899597168,13.799581132731053,4.492809997544445,0.8032383918762207,14.588338568743074
21,curved,G1,15517,15517,0,0,145,true,true,1.2303243508073645,26.775758147787414,23.140138569406208,7.463964800054903,13.647467017721496,4.492868557504352,0.7972982923339558,14.44049727083956
21,curved,G1,14665,14665,0,0,146,true,true,1.1939276837897865,25.869978372434918,23.12975824249488,7.177628993988037,12.741687242369,4.482488230593024,0.5109624862670898,13.579503318223122
21,curved,G1,14665,14665,0,0,146,true,true,1.1939276837897865,26.05367660522461,23.133942060445307,7.18504842856784,12.925385475158691,4.486672048543451,0.5183819208468927,13.761431392313819
21,curved,G1,14688,14688,0,0,146,true,true,1.1939276837897865,26.05367660522461,23.133942060445307,7.18504842856784,12.925385475158691,4.486672048543451,0.5183819208468927,13.761431392313819
21,curved,G1,14688,14688,0,0,146,true,true,1.1939276837897865,26.082540688758574,23.134599454199066,7.186214227368591,12.954249558692656,4.487329442297209,0.5195477196476439,13.788718626109356
21,curved,G1,14689,14689,0,0,146,true,true,1.1939276837897865,26.082540688758574,23.134599454199066,7.186214227368591,12.954249558692656,4.487329442297209,0.5195477196476439,13.788718626109356
21,curved,G1,14689,14689,0,0,146,true,true,1.1939276837897865,26.439726068918034,23.142734527587887,7.200640678405762,13.311434938852116,4.495464515686031,0.5339741706848145,14.126390908871777
21,curved,G1,15481,15481,0,0,146,true,true,1.1939276837897865,26.60711548887886,23.14266843851294,7.207344502733795,13.478824358812943,4.495398426611082,0.5406779950128477,14.283285547772037
21,curved,G1,15481,15481,0,0,146,true,true,1.1939276837897865,26.6174373626709,23.14266436320704,7.207757886259792,13.48914623260498,4.495394351305183,0.5410913785388445,14.292960273102674
21,curved,G1,15480,15480,0,0,146,true,true,1.1939276837897865,26.439726068918034,23.142734527587894,7.200640678405762,13.311434938852116,4.495464515686038,0.5339741706848145,14.126390908871779
21,curved,G1,15480,15480,0,0,146,true,true,1.1939276837897865,26.60711548887886,23.14266843851294,7.207344502733795,13.478824358812943,4.495398426611082,0.5406779950128477,14.283285547772037
21,curved,G1,15516,15516,0,0,146,true,true,1.1939276837897865,26.6174373626709,23.14266436320704,7.207757886259792,13.48914623260498,4.495394351305183,0.5410913785388445,14.292960273102674
21,curved,G1,15516,15516,0,0,146,true,true,1.1939276837897865,26.678191231363975,23.14264037622517,7.210191034442407,13.549900101298057,4.495370364323314,0.5435245267214599,14.349905068613792
21,curved,G1,15516,15516,0,0,147,true,true,1.2303243508073645,26.678191231363975,23.142640376225167,7.210191034442407,13.549900101298057,4.4953703643233105,0.5435245267214599,14.349905068613792
21,curved,G1,15516,15516,0,0,147,true,true,1.2303243508073645,26.92694396535859,23.14254461292188,7.219904899597168,13.798652835292671,4.495274601020025,0.5532383918762207,14.58835075686675
21,curved,G1,15560,15560,0,0,152,true,true,1.2026143393669446,27.590843685463796,22.863599557010684,7.492234266009048,14.462552555397878,4.216329545108827,0.8255677582881011,15.10902265063639
21,curved,G1,15560,15560,0,0,152,true,true,1.2026143393669446,27.181198120117188,23.139980235927467,7.480025545760377,14.05290699005127,4.492710224025611,0.8133590380394295,14.824954596927116
21,curved,G1,15517,15517,0,0,152,true,true,1.2026143393669446,27.181198120117188,23.139980235927467,7.480025545760376,14.05290699005127,4.492710224025611,0.8133590380394287,14.824954596927116
21,curved,G1,15517,15517,0,0,152,true,true,1.2026143393669446,26.92787226279697,23.1400800094463,7.469904899597168,13.799581132731053,4.492809997544445,0.8032383918762207,14.588338568743074
21,curved,G1,15567,15567,0,0,153,true,true,1.2412398114578078,27.712774852419738,21.530158297175323,7.476874917653345,14.58448372235382,2.8828882852734665,0.8102084099323976,14.747149101788597
21,curved,G1,15567,15567,0,0,153,true,true,1.2412398114578078,27.7126964273348,21.75907039642334,7.480322978421035,14.584405297268884,3.1118003845214837,0.8136564707000877,14.828752913522047
21,curved,G1,15564,15564,0,0,153,true,true,1.2412398114578078,27.712696427334798,21.75907039642334,7.480322978421034,14.58440529726888,3.1118003845214837,0.8136564707000868,14.828752913522043
21,curved,G1,15564,15564,0,0,153,true,true,1.2412398114578078,27.712682381863846,21.87731867046216,7.482105160069063,14.584391251797928,3.230048658560303,0.8154386523481154,14.87093141610813
21,curved,G1,15565,15565,0,0,153,true,true,1.2412398114578078,27.712682381863846,21.87731867046216,7.482105160069063,14.584391251797928,3.230048658560303,0.8154386523481154,14.87093141610813
21,curved,G1,15565,15565,0,0,153,true,true,1.2412398114578078,27.71263569967027,22.270334243774414,7.48802850354143,14.584344569604351,3.623064231872558,0.8213619958204825,15.011117888258081
21,curved,G1,15562,15562,0,0,153,true,true,1.2412398114578078,27.71263569967027,22.270334243774414,7.48802850354143,14.584344569604351,3.623064231872558,0.8213619958204825,15.011117888258081
21,curved,G1,15562,15562,0,0,153,true,true,1.2412398114578078,27.71245132295132,22.378054000126255,7.489645328893604,14.584160192885403,3.730783988224399,0.822978821172657,15.049380638974803
21,curved,G1,15561,15561,0,0,153,true,true,1.2412398114578078,27.711553126977993,22.78159809112549,7.495694273168919,14.583261996912075,4.134328079223632,0.8290277654479716,15.192528277102843
21,curved,G1,15561,15561,0,0,153,true,true,1.2412398114578078,27.603942240497044,22.854762329680124,7.492610641820466,14.475651110431127,4.207492317778268,0.8259441340995188,15.118105871658994
21,curved,G1,15560,15560,0,0,153,true,true,1.2412398114578078,27.603942240497044,22.854762329680124,7.492610641820466,14.475651110431127,4.207492317778268,0.8259441340995188,15.118105871658994
21,curved,G1,15560,15560,0,0,153,true,true,1.2412398114578078,27.590843685463796,22.863599557010684,7.492234266009048,14.462552555397878,4.216329545108827,0.8255677582881011,15.10902265063639
21,curved,G1,15563,15563,0,0,153,true,true,1.2412398114578078,27.71245132295132,22.378054000126255,7.489645328893604,14.584160192885403,3.730783988224399,0.822978821172657,15.049380638974803
21,curved,G1,15563,15563,0,0,153,true,true,1.2412398114578078,27.711553126977993,22.78159809112549,7.495694273168919,14.583261996912075,4.134328079223632,0.8290277654479716,15.192528277102843
21,curved,G1,15561,15561,0,0,154,true,true,1.2026143393669446,27.22571943408144,23.112406724034983,7.231389506793102,14.097428304015523,4.465136712133127,0.5647229990721545,14.856707083369592
21,curved,G1,15561,15561,0,0,154,true,true,1.2026143393669446,27.590857431792845,22.864150000007008,7.242243099376502,14.462566301726927,4.216879988105152,0.5755765916555546,15.109231893202049
21,curved,G1,15560,15560,0,0,154,true,true,1.2026143393669446,27.181198120117188,23.142444473788956,7.230062632262352,14.05290699005127,4.4951744618871,0.5633961245414048,14.825833850320665
21,curved,G1,15560,15560,0,0,154,true,true,1.2026143393669446,27.22571943408144,23.11240672403498,7.231389506793102,14.097428304015523,4.465136712133123,0.5647229990721545,14.85670708336959
21,curved,G1,15516,15516,0,0,154,true,true,1.2026143393669446,26.92694396535859,23.14254461292188,7.219904899597168,13.798652835292671,4.495274601020025,0.5532383918762207,14.58835075686675
21,curved,G1,15516,15516,0,0,154,true,true,1.2026143393669446,27.138522263860985,23.142461281865295,7.228357684944894,14.010231133795067,4.495191269963438,0.5616911772239463,14.785972970292411
21,curved,G1,15517,15517,0,0,154,true,true,1.2026143393669446,27.138522263860985,23.142461281865295,7.228357684944894,14.010231133795067,4.495191269963438,0.5616911772239463,14.785972970292411
21,curved,G1,15517,15517,0,0,154,true,true,1.2026143393669446,27.181198120117188,23.14244447378896,7.230062632262352,14.05290699005127,4.495174461887103,0.5633961245414048,14.825833850320665
21,curved,G1,15566,15566,0,0,155,true,true,1.2412398114578078,27.713257263837825,21.71844888026565,7.2297323822437,14.584966133771907,3.071178868363795,0.5630658745227528,14.814782858441964
21,curved,G1,15566,15566,0,0,155,true,true,1.2412398114578078,27.713321702682414,21.530360704146172,7.226899244707177,14.585030572616496,2.8830906922443162,0.5602327369862294,14.747732177574669
21,curved,G1,15567,15567,0,0,155,true,true,1.2412398114578078,27.713243346941926,21.75907039642334,7.230344256655964,14.584952216876008,3.1118003845214837,0.5636777489350164,14.829263834186577
21,curved,G1,15567,15567,0,0,155,true,true,1.2412398114578078,27.713257263837825,21.71844888026565,7.2297323822437,14.584966133771907,3.071178868363795,0.5630658745227528,14.814782858441964
21,curved,G1,15564,15564,0,0,155,true,true,1.2412398114578078,27.71318869587095,22.219175638842724,7.2372787436568675,14.584897565805033,3.571905626940868,0.5706122359359203,14.993380818683846
21,curved,G1,15564,15564,0,0,155,true,true,1.2412398114578078,27.71324334694193,21.75907039642334,7.230344256655964,14.584952216876012,3.1118003845214837,0.5636777489350164,14.82926383418658
21,curved,G1,15565,15565,0,0,155,true,true,1.2412398114578078,27.7131826192774,22.270334243774414,7.238049781776359,14.584891489211483,3.623064231872558,0.5713832740554121,15.011628808922618
21,curved,G1,15565,15565,0,0,155,true,true,1.2412398114578078,27.71318869587095,22.219175638842724,7.2372787436568675,14.584897565805033,3.571905626940868,0.5706122359359203,14.993380818683846
21,curved,G1,15562,15562,0,0,155,true,true,1.2412398114578078,27.71241305920423,22.719939942653365,7.244798162176098,14.584121929138313,4.072669930751509,0.5781316544551505,15.171331646727342
21,curved,G1,15562,15562,0,0,155,true,true,1.2412398114578078,27.713182619277397,22.270334243774414,7.238049781776359,14.58489148921148,3.623064231872558,0.5713832740554121,15.011628808922614
21,curved,G1,15561,15561,0,0,155,true,true,1.2412398114578078,27.590857431792845,22.864150000007008,7.242243099376502,14.462566301726927,4.216879988105152,0.5755765916555546,15.109231893202049
21,curved,G1,15561,15561,0,0,155,true,true,1.2412398114578078,27.71227582240182,22.78159809112549,7.245722390067289,14.583984692335903,4.134328079223632,0.5790558823463421,15.193203403796758
21,curved,G1,15563,15563,0,0,155,true,true,1.2412398114578078,27.71227582240182,22.78159809112549,7.245722390067289,14.583984692335903,4.134328079223632,0.5790558823463421,15.193203403796758
21,curved,G1,15563,15563,0,0,155,true,true,1.2412398114578078,27.71241305920423,22.719939942653365,7.244798162176098,14.584121929138313,4.072669930751509,0.5781316544551505,15.171331646727342
21,curved,G1,15566,15566,0,0,156,true,true,0.12666504580974572,27.713231279950985,21.530327235768418,7.268233197860297,14.584940149885067,2.8830572238665617,0.6015666901393502,14.74763576488402
21,curved,G1,15566,15566,0,0,156,true,true,0.12666504580974572,27.71302065400183,21.530249276291645,7.364514331789237,14.584729523935913,2.882979264389789,0.6978478240682895,14.747411186239274
21,curved,G1,15567,15567,0,0,156,true,true,0.12666504580974572,27.71302065400183,21.530249276291645,7.364514331789237,14.584729523935913,2.882979264389789,0.6978478240682895,14.747411186239274
21,curved,G1,15567,15567,0,0,156,true,true,0.12666504580974572,27.712774852419738,21.530158297175323,7.476874917653345,14.58448372235382,2.8828882852734665,0.8102084099323976,14.747149101788597
21,curved,G1,15566,15566,0,0,157,true,true,0.12666504580974572,27.713321702682414,21.530360704146172,7.226899244707177,14.585030572616496,2.8830906922443162,0.5602327369862294,14.747732177574669
21,curved,G1,15566,15566,0,0,157,true,true,0.12666504580974572,27.713231279950982,21.53032723576842,7.268233197860297,14.584940149885064,2.8830572238665653,0.6015666901393502,14.747635764884016
21,curved,G1,13660,13660,0,0,320,false,true,0.2624998092651367,13.128291130065918,17.597270965576172,6.666666507720947,0,-1.0499990463256843,0,0
21,curved,G1,13660,13660,0,0,320,false,true,0.2624998092651367,13.128291130065918,17.597270965576172,6.666666507720947,0,-1.0499990463256843,0,0
21,curved,G1,13663,13663,0,0,320,false,true,0.2624998092651367,13.128291130065918,17.597270965576172,6.666666507720947,0,-1.0499990463256843,0,0
21,curved,G1,13663,13663,0,0,320,false,true,0.2624998092651367,13.128291130065918,17.597270965576172,6.666666507720947,0,-1.0499990463256843,0,0
21,curved,G1,13661,13661,0,0,321,false,true,0.2624998092651367,13.128291130065918,18.161029815673828,6.666666507720947,0,-0.48624019622802805,0,0
21,curved,G1,13661,13661,0,0,321,false,true,0.2624998092651367,13.128291130065918,18.161029815673828,6.666666507720947,0,-0.48624019622802805,0,0
21,curved,G1,13675,13675,0,0,321,false,true,0.2624998092651367,13.128291130065918,18.724790573120117,6.666666507720947,0,0.07752056121826101,0,0.0032720309154095724
21,curved,G1,13675,13675,0,0,321,false,true,0.2624998092651367,13.128291130065918,18.724790573120117,6.666666507720947,0,0.07752056121826101,0,0.0032720309154095724
21,curved,G1,13660,13660,0,0,321,false,true,0.2624998092651367,13.128291130065918,17.597270965576172,6.666666507720947,0,-1.0499990463256843,0,0
21,curved,G1,13660,13660,0,0,321,false,true,0.2624998092651367,13.128291130065918,18.161029815673828,6.666666507720947,0,-0.48624019622802805,0,0
21,curved,G1,13663,13663,0,0,321,false,true,0.2624998092651367,13.128291130065918,17.597270965576172,6.666666507720947,0,-1.0499990463256843,0,0
21,curved,G1,13663,13663,0,0,321,false,true,0.2624998092651367,13.128291130065918,18.161029815673828,6.666666507720947,0,-0.48624019622802805,0,0
21,curved,G1,13662,13662,0,0,321,false,true,0.2624998092651367,13.128291130065918,18.161029815673828,6.666666507720947,0,-0.48624019622802805,0,0
21,curved,G1,13662,13662,0,0,321,false,true,0.2624998092651367,13.128291130065918,18.161029815673825,6.666666507720947,0,-0.4862401962280316,0,0
21,curved,G1,13674,13674,0,0,321,false,true,0.2624998092651367,13.128291130065918,18.161029815673828,6.666666507720947,0,-0.48624019622802805,0,0
21,curved,G1,13674,13674,0,0,321,false,true,0.2624998092651367,13.128291130065918,18.724790573120117,6.666666507720947,0,0.07752056121826101,0,0.0032720309154095724
21,curved,G1,13677,13677,0,0,321,false,true,0.2624998092651367,13.128291130065918,18.161029815673828,6.666666507720947,0,-0.48624019622802805,0,0
21,curved,G1,13677,13677,0,0,321,false,true,0.2624998092651367,13.128291130065918,18.724790573120117,6.666666507720947,0,0.07752056121826101,0,0.0032720309154095724
21,curved,G1,13676,13676,0,0,321,false,true,0.2624998092651367,13.128291130065918,18.724790573120117,6.666666507720947,0,0.07752056121826101,0,0.0032720309154095724
21,curved,G1,13676,13676,0,0,321,false,true,0.2624998092651367,13.128291130065918,18.724790573120117,6.666666507720947,0,0.07752056121826101,0,0.0032720309154095724
21,curved,G1,13692,13692,0,0,321,false,true,0.2624998092651367,13.128291130065918,19.288551330566406,6.666666507720947,0,0.6412813186645501,0,0.027067558169983224
21,curved,G1,13692,13692,0,0,321,false,true,0.2624998092651367,13.128291130065918,19.288551330566406,6.666666507720947,0,0.6412813186645501,0,0.027067558169983224
21,curved,G1,13693,13693,0,0,321,false,true,0.2624998092651367,13.128291130065918,18.724790573120117,6.666666507720947,0,0.07752056121826101,0,0.0032720309154095724
21,curved,G1,13693,13693,0,0,321,false,true,0.2624998092651367,13.128291130065918,19.288551330566406,6.666666507720947,0,0.6412813186645501,0,0.027067558169983224
21,curved,G1,13695,13695,0,0,321,false,true,0.2624998092651367,13.128291130065918,18.724790573120117,6.666666507720947,0,0.07752056121826101,0,0.0032720309154095724
21,curved,G1,13695,13695,0,0,321,false,true,0.2624998092651367,13.128291130065918,19.288551330566406,6.666666507720947,0,0.6412813186645501,0,0.027067558169983224
21,curved,G1,13694,13694,0,0,321,false,true,0.2624998092651367,13.128291130065918,19.288551330566406,6.666666507720947,0,0.6412813186645501,0,0.027067558169983224
21,curved,G1,13694,13694,0,0,321,false,true,0.2624998092651367,13.128291130065918,19.288551330566406,6.666666507720947,0,0.6412813186645501,0,0.027067558169983224
21,curved,G1,13691,13691,0,0,321,false,true,0.2624998092651367,13.128291130065918,19.288551330566406,6.666666507720947,0,0.6412813186645501,0,0.027067558169983224
21,curved,G1,13691,13691,0,0,321,false,true,0.2624998092651367,13.128291130065918,19.288551330566406,6.666666507720947,0,0.6412813186645501,0,0.027067558169983224
21,curved,G1,13714,13714,0,0,321,false,true,0.2624998092651367,13.128291130065918,19.288551330566406,6.666666507720947,0,0.6412813186645501,0,0.027067558169983224
21,curved,G1,13714,13714,0,0,321,false,true,0.2624998092651367,13.128291130065918,19.288551330566406,6.666666507720947,0,0.6412813186645501,0,0.027067558169983224
21,curved,G1,13717,13717,0,0,321,false,true,0.2624998092651367,13.128291130065918,19.288551330566406,6.666666507720947,0,0.6412813186645501,0,0.027067558169983224
21,curved,G1,13717,13717,0,0,321,false,true,0.2624998092651367,13.128291130065918,19.697269439697266,6.666666507720947,0,1.0499994277954094,0,0.04431895918859307
21,curved,G1,13715,13715,0,0,321,false,true,0.2624998092651367,13.128291130065918,19.288551330566406,6.666666507720947,0,0.6412813186645501,0,0.027067558169983224
21,curved,G1,13715,13715,0,0,321,false,true,0.2624998092651367,13.128291130065918,19.697269439697266,6.666666507720947,0,1.0499994277954094,0,0.04431895918859307
21,curved,L1,17804,17804,0,0,312,false,true,0.3711472896366895,38.500008004850315,30.283156346852202,8.357694510939622,4.810629405938016e-8,-1.499991995149685,-1.1491487050818705e-7,29.125666460970802
21,curved,L1,17804,17804,0,0,312,false,true,0.3711472896366895,38.49999987681539,30.283156320622922,8.357694448283905,7.433557414060488e-8,-1.5000001231846127,-1.7757058756728838e-7,29.125662201586504
21,curved,L1,17807,17807,0,0,312,false,true,0.3711472896366895,38.5,30.283157348632812,8.357694625854492,-9.5367431640625e-7,-1.5,0,29.12566314308797
21,curved,L1,17807,17807,0,0,312,false,true,0.3711472896366895,38.5,30.283157348632812,8.357694625854492,-9.5367431640625e-7,-1.5,0,29.12566314308797
21,curved,L1,17227,17227,0,0,313,false,true,0.5564349090623014,41.27122354507446,30.283156376508725,8.357694514341539,1.8449771488349143e-8,1.271223545074463,-1.1151295353784008e-7,29.9388113456733
21,curved,L1,17227,17227,0,0,313,false,true,0.5564349090623014,41.27122333034883,30.283156374782624,8.357694514143537,2.017587164004908e-8,1.2712233303488318,-1.1171095515294382e-7,29.9388113456733
21,curved,L1,17132,17132,0,0,313,false,true,0.5564349090623014,41.499999854559476,30.283156376508725,8.357694514341539,1.8449771488349143e-8,1.4999998545594764,-1.1151295353784008e-7,29.9388113456733
21,curved,L1,17132,17132,0,0,313,false,true,0.5564349090623014,41.27122354507446,30.283156376508725,8.357694514341539,1.8449771488349143e-8,1.271223545074463,-1.1151295353784008e-7,29.9388113456733
21,curved,L1,17135,17135,0,0,313,false,true,0.5564349090623014,41.27122354507446,30.283157348632812,8.357694625854492,-9.5367431640625e-7,1.271223545074463,0,29.9388113456733
21,curved,L1,17135,17135,0,0,313,false,true,0.5564349090623014,41.5,30.283157348632812,8.357694625854492,-9.5367431640625e-7,1.5,0,29.9388113456733
21,curved,L1,17228,17228,0,0,313,false,true,0.5564349090623014,41.27122245473039,30.283157348632812,8.357694625854492,-9.5367431640625e-7,1.2712224547303919,0,29.9388113456733
21,curved,L1,17228,17228,0,0,313,false,true,0.5564349090623014,41.27122354507446,30.283157348632812,8.357694625854492,-9.5367431640625e-7,1.271223545074463,0,29.9388113456733
21,curved,L1,17411,17411,0,0,313,false,true,0.5564349090623014,40.436312437057495,30.283156372201084,8.357694513847408,2.2757411954899e-8,0.4363124370574951,-1.1200708449621288e-7,29.9388113456733
21,curved,L1,17411,17411,0,0,313,false,true,0.5564349090623014,40.43631222102745,30.28315636886613,8.357694513464851,2.60923656014711e-8,0.4363122210274497,-1.1238964070514612e-7,29.9388113456733
21,curved,L1,17317,17317,0,0,313,false,true,0.5564349090623014,40.85376787185669,30.283156374782624,8.357694514143537,2.017587164004908e-8,0.8537678718566895,-1.1171095515294382e-7,29.9388113456733
21,curved,L1,17317,17317,0,0,313,false,true,0.5564349090623014,40.85376765656197,30.283156372201084,8.357694513847408,2.2757411954899e-8,0.8537676565619705,-1.1200708449621288e-7,29.9388113456733
21,curved,L1,17316,17316,0,0,313,false,true,0.5564349090623014,40.85376765656197,30.283156372201084,8.357694513847408,2.2757411954899e-8,0.8537676565619705,-1.1200708449621288e-7,29.9388113456733
21,curved,L1,17316,17316,0,0,313,false,true,0.5564349090623014,40.436312437057495,30.283156372201084,8.357694513847408,2.2757411954899e-8,0.4363124370574951,-1.1200708449621288e-7,29.9388113456733
21,curved,L1,17226,17226,0,0,313,false,true,0.5564349090623014,41.27122333034883,30.283156374782624,8.357694514143537,2.017587164004908e-8,1.2712233303488318,-1.1171095515294382e-7,29.9388113456733
21,curved,L1,17226,17226,0,0,313,false,true,0.5564349090623014,40.85376787185669,30.283156374782624,8.357694514143537,2.017587164004908e-8,0.8537678718566895,-1.1171095515294382e-7,29.9388113456733
21,curved,L1,17229,17229,0,0,313,false,true,0.5564349090623014,40.85376787185669,30.283157348632812,8.357694625854492,-9.5367431640625e-7,0.8537678718566895,0,29.9388113456733
21,curved,L1,17229,17229,0,0,313,false,true,0.5564349090623014,41.27122245473039,30.283157348632812,8.357694625854492,-9.5367431640625e-7,1.2712224547303919,0,29.9388113456733
21,curved,L1,17319,17319,0,0,313,false,true,0.5564349090623014,40.436312437057495,30.283157348632812,8.357694625854492,-9.5367431640625e-7,0.4363124370574951,0,29.9388113456733
21,curved,L1,17319,17319,0,0,313,false,true,0.5564349090623014,40.853766781513244,30.283157348632812,8.357694625854492,-9.5367431640625e-7,0.8537667815132437,0,29.9388113456733
21,curved,L1,17318,17318,0,0,313,false,true,0.5564349090623014,40.853766781513244,30.283157348632812,8.357694625854492,-9.5367431640625e-7,0.8537667815132437,0,29.9388113456733
21,curved,L1,17318,17318,0,0,313,false,true,0.5564349090623014,40.85376787185669,30.283157348632812,8.357694625854492,-9.5367431640625e-7,0.8537678718566895,0,29.9388113456733
21,curved,L1,17509,17509,0,0,313,false,true,0.5564349090623014,40.0188570022583,30.28315636886613,8.357694513464851,2.60923656014711e-8,0.01885700225830078,-1.1238964070514612e-7,29.9388113456733
21,curved,L1,17509,17509,0,0,313,false,true,0.5564349090623014,40.01885678532378,30.283156364734808,8.357694512990946,3.022368844085577e-8,0.018856785323777103,-1.1286354606454552e-7,29.9388113456733
21,curved,L1,17508,17508,0,0,313,false,true,0.5564349090623014,40.01885678532378,30.283156364734808,8.357694512990946,3.022368844085577e-8,0.018856785323777103,-1.1286354606454552e-7,29.9388113456733
21,curved,L1,17508,17508,0,0,313,false,true,0.5564349090623014,39.60141396522522,30.283156364734808,8.357694512990946,3.022368844085577e-8,-0.3985860347747803,-1.1286354606454552e-7,29.884429319976253
21,curved,L1,17410,17410,0,0,313,false,true,0.5564349090623014,40.43631222102745,30.28315636886613,8.357694513464851,2.60923656014711e-8,0.4363122210274497,-1.1238964070514612e-7,29.9388113456733
21,curved,L1,17410,17410,0,0,313,false,true,0.5564349090623014,40.0188570022583,30.28315636886613,8.357694513464851,2.60923656014711e-8,0.01885700225830078,-1.1238964070514612e-7,29.9388113456733
21,curved,L1,17413,17413,0,0,313,false,true,0.5564349090623014,40.0188570022583,30.283157348632812,8.357694625854492,-9.5367431640625e-7,0.01885700225830078,0,29.9388113456733
21,curved,L1,17413,17413,0,0,313,false,true,0.5564349090623014,40.43631134671405,30.283157348632812,8.357694625854492,-9.5367431640625e-7,0.43631134671404936,0,29.9388113456733
21,curved,L1,17511,17511,0,0,313,false,true,0.5564349090623014,39.60141396522522,30.283157348632812,8.357694625854492,-9.5367431640625e-7,-0.3985860347747803,0,29.884430294673543
21,curved,L1,17511,17511,0,0,313,false,true,0.5564349090623014,40.018855911947234,30.283157348632812,8.357694625854492,-9.5367431640625e-7,0.01885591194723446,0,29.9388113456733
21,curved,L1,17412,17412,0,0,313,false,true,0.5564349090623014,40.43631134671405,30.283157348632812,8.357694625854492,-9.5367431640625e-7,0.43631134671404936,0,29.9388113456733
21,curved,L1,17412,17412,0,0,313,false,true,0.5564349090623014,40.436312437057495,30.283157348632812,8.357694625854492,-9.5367431640625e-7,0.4363124370574951,0,29.9388113456733
21,curved,L1,17510,17510,0,0,313,false,true,0.5564349090623014,40.018855911947234,30.283157348632812,8.357694625854492,-9.5367431640625e-7,0.01885591194723446,0,29.9388113456733
21,curved,L1,17510,17510,0,0,313,false,true,0.5564349090623014,40.0188570022583,30.283157348632812,8.357694625854492,-9.5367431640625e-7,0.01885700225830078,0,29.9388113456733
21,curved,L1,17707,17707,0,0,313,false,true,0.5564349090623014,39.183958411216736,30.283156359243577,8.357694512361043,3.571491902221169e-8,-0.8160415887832642,-1.134934493052242e-7,29.827472812838483
21,curved,L1,17707,17707,0,0,313,false,true,0.5564349090623014,39.18395819140909,30.283156351733496,8.357694511499558,4.322500046782807e-8,-0.81604180859091,-1.1435493441069866e-7,29.827472775408673
21,curved,L1,17609,17609,0,0,313,false,true,0.5564349090623014,39.60141396522522,30.283156364734808,8.357694512990946,3.022368844085577e-8,-0.3985860347747803,-1.1286354606454552e-7,29.884429319976253
21,curved,L1,17609,17609,0,0,313,false,true,0.5564349090623014,39.60141374707342,30.283156359243577,8.357694512361043,3.571491902221169e-8,-0.39858625292657734,-1.134934493052242e-7,29.884429284772335
21,curved,L1,17706,17706,0,0,313,false,true,0.5564349090623014,39.18395819140909,30.283156351733496,8.357694511499558,4.322500046782807e-8,-0.81604180859091,-1.1435493441069866e-7,29.827472775408673
21,curved,L1,17706,17706,0,0,313,false,true,0.5564349090623014,38.76650297641754,30.283156351733496,8.357694511499558,4.322500046782807e-8,-1.2334970235824585,-1.1435493441069866e-7,29.483473432785384
21,curved,L1,17608,17608,0,0,313,false,true,0.5564349090623014,39.60141374707342,30.283156359243577,8.357694512361043,3.571491902221169e-8,-0.39858625292657734,-1.134934493052242e-7,29.884429284772335
21,curved,L1,17608,17608,0,0,313,false,true,0.5564349090623014,39.183958411216736,30.283156359243577,8.357694512361043,3.571491902221169e-8,-0.8160415887832642,-1.134934493052242e-7,29.827472812838483
21,curved,L1,17611,17611,0,0,313,false,true,0.5564349090623014,39.183958411216736,30.283157348632812,8.357694625854492,-9.5367431640625e-7,-0.8160415887832642,0,29.827473792975653
21,curved,L1,17611,17611,0,0,313,false,true,0.5564349090623014,39.60141287488146,30.283157348632812,8.357694625854492,-9.5367431640625e-7,-0.39858712511853867,0,29.884430145910002
21,curved,L1,17709,17709,0,0,313,false,true,0.5564349090623014,38.76650297641754,30.283157348632812,8.357694625854492,-9.5367431640625e-7,-1.2334970235824585,0,29.483474361952357
21,curved,L1,17709,17709,0,0,313,false,true,0.5564349090623014,39.18395732087329,30.283157348632812,8.357694625854492,-9.5367431640625e-7,-0.8160426791267099,0,29.827473644212155
21,curved,L1,17610,17610,0,0,313,false,true,0.5564349090623014,39.60141287488146,30.283157348632812,8.357694625854492,-9.5367431640625e-7,-0.39858712511853867,0,29.884430145910002
21,curved,L1,17610,17610,0,0,313,false,true,0.5564349090623014,39.60141396522522,30.283157348632812,8.357694625854492,-9.5367431640625e-7,-0.3985860347747803,0,29.884430294673543
21,curved,L1,17708,17708,0,0,313,false,true,0.5564349090623014,39.18395732087329,30.283157348632812,8.357694625854492,-9.5367431640625e-7,-0.8160426791267099,0,29.827473644212155
21,curved,L1,17708,17708,0,0,313,false,true,0.5564349090623014,39.183958411216736,30.283157348632812,8.357694625854492,-9.5367431640625e-7,-0.8160415887832642,0,29.827473792975653
21,curved,L1,17805,17805,0,0,313,false,true,0.5564349090623014,38.76650297641754,30.283156351733496,8.357694511499558,4.322500046782807e-8,-1.2334970235824585,-1.1435493441069866e-7,29.483473432785384
21,curved,L1,17805,17805,0,0,313,false,true,0.5564349090623014,38.76650275553355,30.283156346852202,8.357694510939622,4.810629405938016e-8,-1.2334972444664487,-1.1491487050818705e-7,29.483473348206886
21,curved,L1,17804,17804,0,0,313,false,true,0.5564349090623014,38.76650275553355,30.283156346852202,8.357694510939622,4.810629405938016e-8,-1.2334972444664487,-1.1491487050818705e-7,29.483473348206886
21,curved,L1,17804,17804,0,0,313,false,true,0.5564349090623014,38.500008004850315,30.283156346852202,8.357694510939622,4.810629405938016e-8,-1.499991995149685,-1.1491487050818705e-7,29.125666460970802
21,curved,L1,17806,17806,0,0,313,false,true,0.5564349090623014,38.76650188607378,30.283157348632812,8.357694625854492,-9.5367431640625e-7,-1.2334981139262169,0,29.483473966908047
21,curved,L1,17806,17806,0,0,313,false,true,0.5564349090623014,38.76650297641754,30.283157348632812,8.357694625854492,-9.5367431640625e-7,-1.2334970235824585,0,29.483474361952357
21,curved,L1,17807,17807,0,0,313,false,true,0.5564349090623014,38.5,30.283157348632812,8.357694625854492,-9.5367431640625e-7,-1.5,0,29.12566314308797
21,curved,L1,17807,17807,0,0,313,false,true,0.5564349090623014,38.76650188607378,30.283157348632812,8.357694625854492,-9.5367431640625e-7,-1.2334981139262169,0,29.483473966908047
21,curved,L1,15276,15276,0,0,314,true,true,0.3711472896366895,39.13405725620888,30.19441970400909,8.096978845763084,0.08873669094940695,-0.8659427437911233,-0.2607157800914077,29.73275758172766
21,curved,L1,15276,15276,0,0,314,true,true,0.3711472896366895,39.183958411216736,30.197110895078396,8.097798384947504,0.08604549988010035,-0.8160415887832642,-0.25989624090698804,29.742231984714376
21,curved,L1,15277,15277,0,0,314,true,true,0.3711472896366895,38.76650297641754,30.180124331382586,8.09189236177406,0.10303206357590966,-1.2334970235824585,-0.26580226408043295,29.17665966417185
21,curved,L1,15277,15277,0,0,314,true,true,0.3711472896366895,39.13405725620888,30.194419704009086,8.096978845763084,0.0887366909494105,-0.8659427437911233,-0.2607157800914077,29.732757581727657
21,curved,L1,15273,15273,0,0,314,true,true,0.3711472896366895,39.183958411216736,30.197110895078396,8.097798384947504,0.08604549988010035,-0.8160415887832642,-0.25989624090698804,29.742231984714376
21,curved,L1,15273,15273,0,0,314,true,true,0.3711472896366895,39.18687749862425,30.197196895639543,8.097834049310695,0.08595949931895319,-0.8131225013757515,-0.25986057654379735,29.74271545341505
21,curved,L1,15280,15280,0,0,314,true,true,0.3711472896366895,38.70995940698311,30.178355944179252,8.091183910121233,0.10480045077924416,-1.2900405930168901,-0.2665107157332596,29.14567538906186
21,curved,L1,15280,15280,0,0,314,true,true,0.3711472896366895,38.76650297641754,30.180124331382586,8.09189236177406,0.10303206357590966,-1.2334970235824585,-0.26580226408043295,29.17665966417185
21,curved,L1,15281,15281,0,0,314,true,true,0.3711472896366895,38.48674033067848,30.172501717237793,8.088580815976963,0.11065467772070292,-1.5132596693215206,-0.2691138098775294,29.024319332936635
21,curved,L1,15281,15281,0,0,314,true,true,0.3711472896366895,38.70995940698311,30.178355944179252,8.091183910121233,0.10480045077924416,-1.2900405930168901,-0.2665107157332596,29.14567538906186
21,curved,L1,15254,15254,0,0,315,true,true,0.5564349090623014,41.22814353434678,30.241619065286958,8.102929743770147,0.041537329671538004,1.2281435343467777,-0.2547648820843449,29.9388113456733
21,curved,L1,15254,15254,0,0,315,true,true,0.5564349090623014,41.27122354507446,30.244494537906416,8.103259591006598,0.03866185705208025,1.271223545074463,-0.2544350348478943,29.9388113456733
21,curved,L1,15225,15225,0,0,315,false,true,0.5564349090623014,41.27122354507446,30.244494537906416,8.103259591006596,0.03866185705208025,1.271223545074463,-0.2544350348478961,29.9388113456733
21,curved,L1,15225,15225,0,0,315,false,true,0.5564349090623014,41.494422570855846,30.245877826124755,8.1034182688507,0.03727856883374159,1.4944225708558463,-0.2542763570037927,29.9388113456733
21,curved,L1,15264,15264,0,0,315,true,true,0.5564349090623014,40.39126758748952,30.226675560597677,8.101215565136947,0.05648083436081919,0.39126758748952284,-0.25647906071754534,29.936242166633075
21,curved,L1,15264,15264,0,0,315,true,true,0.5564349090623014,40.436312437057495,30.230459800153533,8.101649657588782,0.05269659480496358,0.4363124370574951,-0.25604496826571044,29.9388113456733
21,curved,L1,15258,15258,0,0,315,true,true,0.5564349090623014,40.80981222755466,30.234959364770702,8.102165805419283,0.048197030187793644,0.8098122275546586,-0.2555288204352095,29.9388113456733
21,curved,L1,15258,15258,0,0,315,true,true,0.5564349090623014,40.85376787185669,30.23861849520945,8.102585546527182,0.044537899749045096,0.8537678718566895,-0.2551090793273101,29.9388113456733
21,curved,L1,15259,15259,0,0,315,true,true,0.5564349090623014,40.436312437057495,30.230459800153533,8.10164965758878,0.05269659480496358,0.4363124370574951,-0.2560449682657122,29.9388113456733
21,curved,L1,15259,15259,0,0,315,true,true,0.5564349090623014,40.80981222755466,30.234959364770702,8.102165805419283,0.048197030187793644,0.8098122275546586,-0.2555288204352095,29.9388113456733
21,curved,L1,15255,15255,0,0,315,true,true,0.5564349090623014,40.85376787185669,30.23861849520945,8.102585546527182,0.044537899749045096,0.8537678718566895,-0.2551090793273101,29.9388113456733
21,curved,L1,15255,15255,0,0,315,true,true,0.5564349090623014,41.22814353434678,30.241619065286958,8.102929743770147,0.041537329671538004,1.2281435343467777,-0.2547648820843449,29.9388113456733
21,curved,L1,15268,15268,0,0,315,true,true,0.5564349090623014,39.972565495492674,30.21718382088278,8.100126761824104,0.06597257407571533,-0.027434504507326096,-0.25756786403038845,29.86971261096903
21,curved,L1,15268,15268,0,0,315,true,true,0.5564349090623014,40.0188570022583,30.22086236840151,8.100548730277216,0.06229402655698735,0.01885700225830078,-0.25714589557727585,29.87967264674929
21,curved,L1,15269,15269,0,0,315,true,true,0.5564349090623014,39.60141396522522,30.21000416950643,8.099303179589612,0.07315222545206623,-0.3985860347747803,-0.25839144626488064,29.811961192099194
21,curved,L1,15269,15269,0,0,315,true,true,0.5564349090623014,39.972565495492674,30.217183820882784,8.100126761824106,0.06597257407571178,-0.027434504507326096,-0.2575678640303867,29.869712610969035
21,curved,L1,15265,15265,0,0,315,true,true,0.5564349090623014,40.0188570022583,30.22086236840151,8.100548730277216,0.06229402655698735,0.01885700225830078,-0.25714589557727585,29.87967264674929
21,curved,L1,15265,15265,0,0,315,true,true,0.5564349090623014,40.39126758748952,30.226675560597673,8.101215565136947,0.05648083436082274,0.39126758748952284,-0.25647906071754534,29.936242166633072
21,curved,L1,15272,15272,0,0,315,true,true,0.5564349090623014,39.55372868051203,30.206594189751144,8.098912018710172,0.07656220520735246,-0.4462713194879697,-0.25878260714432066,29.802077049350757
21,curved,L1,15272,15272,0,0,315,true,true,0.5564349090623014,39.60141396522522,30.21000416950643,8.09930317958961,0.07315222545206623,-0.3985860347747803,-0.2583914462648824,29.811961192099194
21,curved,L1,15273,15273,0,0,315,true,true,0.5564349090623014,39.18687749862425,30.197196895639543,8.097834049310693,0.08595949931895319,-0.8131225013757515,-0.2598605765437991,29.74271545341505
21,curved,L1,15273,15273,0,0,315,true,true,0.5564349090623014,39.55372868051203,30.206594189751144,8.098912018710172,0.07656220520735246,-0.4462713194879697,-0.25878260714432066,29.802077049350757
21,curved,L1,17132,17132,0,0,316,false,true,0.04658019804623628,41.49999983577094,30.283156250926208,8.357693755303577,1.4403228831838533e-7,1.499999835770943,-8.705509149109503e-7,29.9388113456733
21,curved,L1,17132,17132,0,0,316,false,true,0.04658019804623628,41.499999854559476,30.283156376508725,8.357694514341539,1.8449771488349143e-8,1.4999998545594764,-1.1151295353784008e-7,29.9388113456733
21,curved,L1,17135,17135,0,0,316,false,true,0.04658019804623628,41.5,30.283157348632812,8.357694625854492,-9.5367431640625e-7,1.5,0,29.9388113456733
21,curved,L1,17135,17135,0,0,316,false,true,0.04658019804623628,41.5,30.283157348632812,8.357694625854492,-9.5367431640625e-7,1.5,0,29.9388113456733
21,curved,L1,15225,15225,0,0,317,false,true,0.04658019804623628,41.494422570855846,30.24587782612475,8.1034182688507,0.03727856883374514,1.4944225708558463,-0.2542763570037927,29.9388113456733
21,curved,L1,15225,15225,0,0,317,false,true,0.04658019804623628,41.49482954168647,30.248598018143035,8.14051342010498,0.034558376815461145,1.494829541686471,-0.21718120574951172,29.9388113456733
21,curved,L1,17133,17133,0,0,317,false,true,0.04658019804623628,41.49482954168647,30.248598018143035,8.14051342010498,0.034558376815461145,1.494829541686471,-0.21718120574951172,29.9388113456733
21,curved,L1,17133,17133,0,0,317,false,true,0.04658019804623628,41.49753847551867,30.2667045251304,8.258257268037685,0.016451869828095766,1.4975384755186667,-0.09943735781680729,29.9388113456733
21,curved,L1,17132,17132,0,0,317,false,true,0.04658019804623628,41.49753847551867,30.2667045251304,8.258257268037685,0.016451869828095766,1.4975384755186667,-0.09943735781680729,29.9388113456733
21,curved,L1,17132,17132,0,0,317,false,true,0.04658019804623628,41.49999983577094,30.283156250926204,8.357693755303577,1.44032291871099e-7,1.499999835770943,-8.705509149109503e-7,29.9388113456733
21,curved,L1,17135,17135,0,0,317,false,true,0.04658019804623628,41.5,30.283157348632812,8.357694625854492,-9.5367431640625e-7,1.5,0,29.9388113456733
21,curved,L1,17135,17135,0,0,317,false,true,0.04658019804623628,41.5,30.283157348632812,8.357694625854492,-9.5367431640625e-7,1.5,0,29.9388113456733
21,curved,L1,17804,17804,0,0,318,false,true,0.030812014591467488,38.49999987681539,30.283156320622922,8.357694448283903,7.433557414060488e-8,-1.5000001231846127,-1.7757058934364522e-7,29.125662201586504
21,curved,L1,17804,17804,0,0,318,false,true,0.030812014591467488,38.49999977148067,30.28315544157536,8.35769234844145,9.533831359931355e-7,-1.5000002285193332,-0.000002277413042151011,29.125661396511987
21,curved,L1,17807,17807,0,0,318,false,true,0.030812014591467488,38.5,30.283157348632812,8.357694625854492,-9.5367431640625e-7,-1.5,0,29.12566314308797
21,curved,L1,17807,17807,0,0,318,false,true,0.030812014591467488,38.5,30.283157348632812,8.357694625854492,-9.5367431640625e-7,-1.5,0,29.12566314308797
21,curved,L1,15281,15281,0,0,319,true,true,0.030812014591467488,38.48946109475905,30.195207250830872,8.14051342010498,0.08794914412762367,-1.5105389052409492,-0.21718120574951172,29.045114165127572
21,curved,L1,15281,15281,0,0,319,true,true,0.030812014591467488,38.48674033067848,30.172501717237793,8.088580815976963,0.11065467772070292,-1.5132596693215206,-0.2691138098775294,29.024319332936635
21,curved,L1,17805,17805,0,0,319,true,true,0.030812014591467488,38.492858482662704,30.22355939856971,8.215331108278239,0.05959699638878746,-1.5071415173372955,-0.14236351757625343,29.071080441236653
21,curved,L1,17805,17805,0,0,319,true,true,0.030812014591467488,38.48946109475906,30.195207250830872,8.14051342010498,0.08794914412762367,-1.5105389052409421,-0.21718120574951172,29.045114165127575
21,curved,L1,17804,17804,0,0,319,true,true,0.030812014591467488,38.49999977148067,30.28315544157536,8.35769234844145,9.533831359931355e-7,-1.5000002285193332,-0.000002277413042151011,29.125661396511987
21,curved,L1,17804,17804,0,0,319,true,true,0.030812014591467488,38.492858482662704,30.223559398569712,8.215331108278239,0.05959699638878391,-1.5071415173372955,-0.14236351757625343,29.071080441236656
21,curved,L1,17807,17807,0,0,319,false,true,0.030812014591467488,38.5,30.283157348632812,8.357694625854492,-9.5367431640625e-7,-1.5,0,29.12566314308797
21,curved,L1,17807,17807,0,0,319,false,true,0.030812014591467488,38.5,30.283157348632812,8.357694625854492,-9.5367431640625e-7,-1.5,0,29.12566314308797
21,curved,L1,17135,17135,0,0,322,false,true,0.375,41.5,30.283157348632812,8.357694625854492,-9.5367431640625e-7,1.5,0,29.9388113456733
21,curved,L1,17135,17135,0,0,322,false,true,0.375,41.27122354507446,30.283157348632812,8.357694625854492,-9.5367431640625e-7,1.271223545074463,0,29.9388113456733
21,curved,L1,17228,17228,0,0,322,false,true,0.375,41.27122354507446,30.283157348632812,8.357694625854492,-9.5367431640625e-7,1.271223545074463,0,29.9388113456733
21,curved,L1,17228,17228,0,0,322,false,true,0.375,41.27122245473039,30.283157348632812,8.357694625854492,-9.5367431640625e-7,1.2712224547303919,0,29.9388113456733
21,curved,L1,17229,17229,0,0,322,false,true,0.375,41.27122245473039,30.283157348632812,8.357694625854492,-9.5367431640625e-7,1.2712224547303919,0,29.9388113456733
21,curved,L1,17229,17229,0,0,322,false,true,0.375,40.85376787185669,30.283157348632812,8.357694625854492,-9.5367431640625e-7,0.8537678718566895,0,29.9388113456733
21,curved,L1,17319,17319,0,0,322,false,true,0.375,40.853766781513244,30.283157348632812,8.357694625854492,-9.5367431640625e-7,0.8537667815132437,0,29.9388113456733
21,curved,L1,17319,17319,0,0,322,false,true,0.375,40.436312437057495,30.283157348632812,8.357694625854492,-9.5367431640625e-7,0.4363124370574951,0,29.9388113456733
21,curved,L1,17318,17318,0,0,322,false,true,0.375,40.85376787185669,30.283157348632812,8.357694625854492,-9.5367431640625e-7,0.8537678718566895,0,29.9388113456733
21,curved,L1,17318,17318,0,0,322,false,true,0.375,40.853766781513244,30.283157348632812,8.357694625854492,-9.5367431640625e-7,0.8537667815132437,0,29.9388113456733
21,curved,L1,17413,17413,0,0,322,false,true,0.375,40.43631134671405,30.283157348632812,8.357694625854492,-9.5367431640625e-7,0.43631134671404936,0,29.9388113456733
21,curved,L1,17413,17413,0,0,322,false,true,0.375,40.0188570022583,30.283157348632812,8.357694625854492,-9.5367431640625e-7,0.01885700225830078,0,29.9388113456733
21,curved,L1,17511,17511,0,0,322,false,true,0.375,40.018855911947234,30.283157348632812,8.357694625854492,-9.5367431640625e-7,0.01885591194723446,0,29.9388113456733
21,curved,L1,17511,17511,0,0,322,false,true,0.375,39.60141396522522,30.283157348632812,8.357694625854492,-9.5367431640625e-7,-0.3985860347747803,0,29.884430294673543
21,curved,L1,17412,17412,0,0,322,false,true,0.375,40.436312437057495,30.283157348632812,8.357694625854492,-9.5367431640625e-7,0.4363124370574951,0,29.9388113456733
21,curved,L1,17412,17412,0,0,322,false,true,0.375,40.43631134671405,30.283157348632812,8.357694625854492,-9.5367431640625e-7,0.43631134671404936,0,29.9388113456733
21,curved,L1,17510,17510,0,0,322,false,true,0.375,40.0188570022583,30.283157348632812,8.357694625854492,-9.5367431640625e-7,0.01885700225830078,0,29.9388113456733
21,curved,L1,17510,17510,0,0,322,false,true,0.375,40.018855911947234,30.283157348632812,8.357694625854492,-9.5367431640625e-7,0.01885591194723446,0,29.9388113456733
21,curved,L1,17611,17611,0,0,322,false,true,0.375,39.60141287488146,30.283157348632812,8.357694625854492,-9.5367431640625e-7,-0.39858712511853867,0,29.884430145910002
21,curved,L1,17611,17611,0,0,322,false,true,0.375,39.183958411216736,30.283157348632812,8.357694625854492,-9.5367431640625e-7,-0.8160415887832642,0,29.827473792975653
21,curved,L1,17709,17709,0,0,322,false,true,0.375,39.18395732087329,30.283157348632812,8.357694625854492,-9.5367431640625e-7,-0.8160426791267099,0,29.827473644212155
21,curved,L1,17709,17709,0,0,322,false,true,0.375,38.76650297641754,30.283157348632812,8.357694625854492,-9.5367431640625e-7,-1.2334970235824585,0,29.483474361952357
21,curved,L1,17610,17610,0,0,322,false,true,0.375,39.60141396522522,30.283157348632812,8.357694625854492,-9.5367431640625e-7,-0.3985860347747803,0,29.884430294673543
21,curved,L1,17610,17610,0,0,322,false,true,0.375,39.60141287488146,30.283157348632812,8.357694625854492,-9.5367431640625e-7,-0.39858712511853867,0,29.884430145910002
21,curved,L1,17708,17708,0,0,322,false,true,0.375,39.183958411216736,30.283157348632812,8.357694625854492,-9.5367431640625e-7,-0.8160415887832642,0,29.827473792975653
21,curved,L1,17708,17708,0,0,322,false,true,0.375,39.18395732087329,30.283157348632812,8.357694625854492,-9.5367431640625e-7,-0.8160426791267099,0,29.827473644212155
21,curved,L1,17806,17806,0,0,322,false,true,0.375,38.76650297641754,30.283157348632812,8.357694625854492,-9.5367431640625e-7,-1.2334970235824585,0,29.483474361952357
21,curved,L1,17806,17806,0,0,322,false,true,0.375,38.76650188607378,30.283157348632812,8.357694625854492,-9.5367431640625e-7,-1.2334981139262169,0,29.483473966908047
21,curved,L1,17807,17807,0,0,322,false,true,0.375,38.76650188607378,30.283157348632812,8.357694625854492,-9.5367431640625e-7,-1.2334981139262169,0,29.483473966908047
21,curved,L1,17807,17807,0,0,322,false,true,0.375,38.5,30.283157348632812,8.357694625854492,-9.5367431640625e-7,-1.5,0,29.12566314308797
21,curved,L1,17135,17135,0,0,323,false,true,0.375,41.5,30.283157348632812,8.357694625854492,-9.5367431640625e-7,1.5,0,29.9388113456733
21,curved,L1,17135,17135,0,0,323,false,true,0.375,41.5,30.283157348632812,8.357694625854492,-9.5367431640625e-7,1.5,0,29.9388113456733
21,direct,G1,13661,13661,0,0,0,false,true,26.69938066350512,13.128291130065918,18.161029815673828,6.666666507720947,0,-0.48624019622802805,0,0
21,direct,G1,13661,13661,0,0,0,false,true,26.69938066350512,13.128291130065918,18.161029815673828,6.666666507720947,0,-0.48624019622802805,0,0
21,direct,G1,13675,13675,0,0,0,false,true,26.69938066350512,13.128291130065918,18.724790573120117,6.666666507720947,0,0.07752056121826101,0,0.030803759555181998
21,direct,G1,13675,13675,0,0,0,false,true,26.69938066350512,13.128291130065918,18.724790573120117,6.666666507720947,0,0.07752056121826101,0,0.030803759555181998
21,direct,G1,13660,13660,0,0,0,false,true,26.69938066350512,13.128291130065918,17.597270965576172,6.666666507720947,0,-1.0499990463256843,0,0
21,direct,G1,13660,13660,0,0,0,false,true,26.69938066350512,13.128291130065918,18.161029815673828,6.666666507720947,0,-0.48624019622802805,0,0
21,direct,G1,13663,13663,0,0,0,false,true,26.69938066350512,13.128291130065918,17.597270965576172,6.666666507720947,0,-1.0499990463256843,0,0
21,direct,G1,13663,13663,0,0,0,false,true,26.69938066350512,13.128291130065918,18.161029815673828,6.666666507720947,0,-0.48624019622802805,0,0
21,direct,G1,13662,13662,0,0,0,false,true,26.69938066350512,13.12829113006592,18.161029815673828,6.666666507720947,1.7763568394002505e-15,-0.48624019622802805,0,0
21,direct,G1,13662,13662,0,0,0,false,true,26.69938066350512,13.12829113006592,18.161029815673828,6.666666507720947,1.7763568394002505e-15,-0.48624019622802805,0,0
21,direct,G1,13674,13674,0,0,0,false,true,26.69938066350512,13.128291130065918,18.161029815673828,6.666666507720947,0,-0.48624019622802805,0,0
21,direct,G1,13674,13674,0,0,0,false,true,26.69938066350512,13.128291130065918,18.724790573120117,6.666666507720947,0,0.07752056121826101,0,0.030803759555181998
21,direct,G1,13677,13677,0,0,0,false,true,26.69938066350512,13.128291130065918,18.161029815673828,6.666666507720947,0,-0.48624019622802805,0,0
21,direct,G1,13677,13677,0,0,0,false,true,26.69938066350512,13.128291130065918,18.724790573120117,6.666666507720947,0,0.07752056121826101,0,0.030803759555181998
21,direct,G1,13676,13676,0,0,0,false,true,26.69938066350512,13.128291130065918,18.724790573120117,6.666666507720947,0,0.07752056121826101,0,0.030803759555181998
21,direct,G1,13676,13676,0,0,0,false,true,26.69938066350512,13.128291130065918,18.724790573120117,6.666666507720947,0,0.07752056121826101,0,0.030803759555181998
21,direct,G1,13692,13692,0,0,0,false,true,26.69938066350512,13.128291130065918,19.288551330566406,6.666666507720947,0,0.6412813186645501,0,0.2548211111598552
21,direct,G1,13692,13692,0,0,0,false,true,26.69938066350512,13.128291130065918,19.288551330566406,6.666666507720947,0,0.6412813186645501,0,0.2548211111598552
21,direct,G1,13693,13693,0,0,0,false,true,26.69938066350512,13.128291130065918,18.724790573120117,6.666666507720947,0,0.07752056121826101,0,0.030803759555181998
21,direct,G1,13693,13693,0,0,0,false,true,26.69938066350512,13.128291130065918,19.288551330566406,6.666666507720947,0,0.6412813186645501,0,0.2548211111598552
21,direct,G1,13695,13695,0,0,0,false,true,26.69938066350512,13.128291130065918,18.724790573120117,6.666666507720947,0,0.07752056121826101,0,0.030803759555181998
21,direct,G1,13695,13695,0,0,0,false,true,26.69938066350512,13.128291130065918,19.288551330566406,6.666666507720947,0,0.6412813186645501,0,0.2548211111598552
21,direct,G1,13694,13694,0,0,0,false,true,26.69938066350512,13.128291130065918,19.288551330566406,6.666666507720947,0,0.6412813186645501,0,0.2548211111598552
21,direct,G1,13694,13694,0,0,0,false,true,26.69938066350512,13.128291130065918,19.288551330566406,6.666666507720947,0,0.6412813186645501,0,0.2548211111598552
21,direct,G1,13691,13691,0,0,0,false,true,26.69938066350512,13.128291130065918,19.288551330566406,6.666666507720947,0,0.6412813186645501,0,0.2548211111598552
21,direct,G1,13691,13691,0,0,0,false,true,26.69938066350512,13.128291130065918,19.288551330566406,6.666666507720947,0,0.6412813186645501,0,0.2548211111598552
21,direct,G1,13714,13714,0,0,0,false,true,26.69938066350512,13.128291130065918,19.288551330566406,6.666666507720947,0,0.6412813186645501,0,0.2548211111598552
21,direct,G1,13714,13714,0,0,0,false,true,26.69938066350512,13.128291130065918,19.288551330566406,6.666666507720947,0,0.6412813186645501,0,0.2548211111598552
21,direct,G1,13717,13717,0,0,0,false,true,26.69938066350512,13.128291130065918,19.288551330566406,6.666666507720947,0,0.6412813186645501,0,0.2548211111598552
21,direct,G1,13717,13717,0,0,0,false,true,26.69938066350512,13.128291130065918,19.697269439697266,6.666666507720947,0,1.0499994277954094,0,0.4172303373271945
21,direct,G1,13715,13715,0,0,0,false,true,26.69938066350512,13.128291130065918,19.288551330566406,6.666666507720947,0,0.6412813186645501,0,0.2548211111598552
21,direct,G1,13715,13715,0,0,0,false,true,26.69938066350512,13.128291130065918,19.697269439697266,6.666666507720947,0,1.0499994277954094,0,0.4172303373271945
21,direct,G1,13660,13660,0,0,1,false,true,19.197145652292043,13.128291130065918,17.597270965576172,6.666666507720947,0,-1.0499990463256843,0,0
21,direct,G1,13660,13660,0,0,1,false,true,19.197145652292043,13.128291130065918,17.597270965576172,6.666666507720947,0,-1.0499990463256843,0,0
21,direct,G1,13663,13663,0,0,1,false,true,19.197145652292043,13.128291130065918,17.597270965576172,6.666666507720947,0,-1.0499990463256843,0,0
21,direct,G1,13663,13663,0,0,1,false,true,19.197145652292043,13.128291130065918,17.597270965576172,6.666666507720947,0,-1.0499990463256843,0,0
21,direct,G1,15307,15307,0,0,1,true,true,19.197145652292043,24.354333877563477,22.78159809112549,7.3577370942126725,11.226042747497559,4.134328079223632,0.6910705864917253,11.944536748331513
21,direct,G1,15307,15307,0,0,1,true,true,19.197145652292043,24.354333877563477,22.616788946638195,7.335768042225436,11.226042747497559,3.969518934736339,0.6691015345044891,11.879047784119965
21,direct,G1,15304,15304,0,0,1,true,true,19.197145652292043,24.357819179376694,22.790647588841857,7.358943391875389,11.229528049310776,4.143377576940001,0.6922768841544418,11.951331007012787
21,direct,G1,15304,15304,0,0,1,true,true,19.197145652292043,24.354333877563477,22.78159809112549,7.357737094212673,11.226042747497559,4.134328079223632,0.6910705864917261,11.944536748331513
21,direct,G1,15305,15305,0,0,1,true,true,19.197145652292043,24.36239528656006,22.802529335021973,7.360527228138493,11.23410415649414,4.1552593231201165,0.693860720417546,11.960251685227542
21,direct,G1,15305,15305,0,0,1,true,true,19.197145652292043,24.357819179376694,22.790647588841857,7.358943391875389,11.229528049310776,4.143377576940001,0.6922768841544418,11.951331007012787
21,direct,G1,15362,15362,0,0,1,true,true,19.197145652292043,24.64497948736627,22.97305665743945,7.383258513001892,11.516688357300353,4.325786645537594,0.7165920052809449,12.287329551103007
21,direct,G1,15362,15362,0,0,1,true,true,19.197145652292043,24.36239528656006,22.802529335021973,7.360527228138493,11.23410415649414,4.1552593231201165,0.693860720417546,11.960251685227542
21,direct,G1,15363,15363,0,0,1,true,true,19.197145652292043,24.926156044006348,23.140713882643603,7.405607214028186,11.79786491394043,4.493443870741746,0.7389407063072388,12.611975206929095
21,direct,G1,15363,15363,0,0,1,true,true,19.197145652292043,24.64497948736627,22.97305665743945,7.383258513001892,11.516688357300353,4.325786645537594,0.7165920052809449,12.287329551103007
21,direct,G1,15403,15403,0,0,1,true,true,19.197145652292043,25.48991584777832,23.140713882643603,7.405607214028186,12.361624717712402,4.493443870741746,0.7389407063072388,13.129316015597425
21,direct,G1,15403,15403,0,0,1,true,true,19.197145652292043,25.17432954511194,23.140713882643603,7.405607214028186,12.046038415046024,4.493443870741746,0.7389407063072388,12.839714536503486
21,direct,G1,15402,15402,0,0,1,true,true,19.197145652292043,25.17432954511194,23.140713882643603,7.405607214028186,12.046038415046024,4.493443870741746,0.7389407063072388,12.839714536503486
21,direct,G1,15402,15402,0,0,1,true,true,19.197145652292043,24.926156044006348,23.140713882643603,7.405607214028186,11.79786491394043,4.493443870741746,0.7389407063072388,12.611975206929095
21,direct,G1,15446,15446,0,0,1,true,true,19.197145652292043,25.52608059712243,23.140713882643603,7.405607214028186,12.397789467056512,4.493443870741746,0.7389407063072388,13.16250302280473
21,direct,G1,15446,15446,0,0,1,true,true,19.197145652292043,25.48991584777832,23.140713882643603,7.405607214028186,12.361624717712402,4.493443870741746,0.7389407063072388,13.129316015597425
21,direct,G1,13662,13662,0,0,2,true,true,26.69938066350512,13.313124645846568,18.161029815673828,6.428985688662242,0.18483351578064955,-0.48624019622802805,-0.23768081905870542,0
21,direct,G1,13662,13662,0,0,2,true,true,26.69938066350512,13.311854724807304,17.68905299409039,6.428901048238681,0.18356359474138628,-0.9582170178114673,-0.23776545948226602,0
21,direct,G1,13677,13677,0,0,2,true,true,26.69938066350512,13.313124645846568,18.162208353554124,6.428985688662242,0.18483351578064955,-0.48506165834773185,-0.23768081905870542,0
21,direct,G1,13677,13677,0,0,2,true,true,26.69938066350512,13.313124645846568,18.161029815673828,6.428985688662242,0.18483351578064955,-0.48624019622802805,-0.23768081905870542,0
21,direct,G1,13676,13676,0,0,2,true,true,26.69938066350512,13.313124645846568,18.724790573120117,6.428985688662242,0.18483351578064955,0.07752056121826101,-0.23768081905870542,0.20041840728847138
21,direct,G1,13676,13676,0,0,2,true,true,26.69938066350512,13.313124645846568,18.162208353554124,6.428985688662242,0.18483351578064955,-0.48506165834773185,-0.23768081905870542,0
21,direct,G1,13695,13695,0,0,2,true,true,26.69938066350512,13.313124645846568,18.725969111000413,6.428985688662242,0.18483351578064955,0.07869909909855721,-0.23768081905870542,0.2008867139792486
21,direct,G1,13695,13695,0,0,2,true,true,26.69938066350512,13.313124645846568,18.724790573120117,6.428985688662242,0.18483351578064955,0.07752056121826101,-0.23768081905870542,0.20041840728847138
21,direct,G1,13694,13694,0,0,2,true,true,26.69938066350512,13.313124645846568,19.288551330566406,6.428985688662242,0.18483351578064955,0.6412813186645501,-0.23768081905870542,0.4244357588931445
21,direct,G1,13694,13694,0,0,2,true,true,26.69938066350512,13.313124645846568,18.725969111000413,6.428985688662242,0.18483351578064955,0.07869909909855721,-0.23768081905870542,0.2008867139792486
21,direct,G1,13717,13717,0,0,2,true,true,26.69938066350512,13.313124645846568,19.289729868446702,6.428985688662242,0.18483351578064955,0.6424598565448463,-0.23768081905870542,0.42490406558392174
21,direct,G1,13717,13717,0,0,2,true,true,26.69938066350512,13.313124645846568,19.288551330566406,6.428985688662242,0.18483351578064955,0.6412813186645501,-0.23768081905870542,0.4244357588931445
21,direct,G1,13716,13716,0,0,2,true,true,26.69938066350512,13.313124645846568,19.77438789040545,6.428985688662242,0.18483351578064955,1.1271178785035936,-0.23768081905870542,0.6174889610011982
21,direct,G1,13716,13716,0,0,2,true,true,26.69938066350512,13.313124645846568,19.289729868446702,6.428985688662242,0.18483351578064955,0.6424598565448463,-0.23768081905870542,0.42490406558392174
21,direct,G1,13662,13662,0,0,3,true,true,19.197145652292043,13.311854724807304,17.68905299409039,6.428901048238681,0.18356359474138628,-0.9582170178114673,-0.23776545948226602,0
21,direct,G1,13662,13662,0,0,3,true,true,19.197145652292043,13.312167332243334,17.685952689064948,6.428487777709961,0.18387620217741585,-0.9613173228369085,-0.23817873001098633,0
21,direct,G1,13066,13066,0,0,3,true,true,19.197145652292043,13.312167332243334,17.685952689064948,6.428487777709961,0.18387620217741585,-0.9613173228369085,-0.23817873001098633,0
21,direct,G1,13066,13066,0,0,3,true,true,19.197145652292043,13.312163242720148,17.67948598973413,6.4276257669627626,0.18387211265422998,-0.9677840221677272,-0.2390407407581847,0
21,direct,G1,14586,14586,0,0,3,true,true,19.197145652292043,24.359828772549225,22.619245887592847,7.086095552350741,11.231537642483307,3.9719758756909904,0.41942904462979413,11.885066535133097
21,direct,G1,14586,14586,0,0,3,true,true,19.197145652292043,24.358790596557313,22.78159809112549,7.107737094212673,11.230499466491395,4.134328079223632,0.44107058649172615,11.948626508887077
21,direct,G1,14608,14608,0,0,3,true,true,19.197145652292043,24.36239528656006,22.791115600200477,7.109005777769693,11.23410415649414,4.143845588298621,0.4423392700487456,11.955716295680011
21,direct,G1,14608,14608,0,0,3,true,true,19.197145652292043,24.371478318955475,22.79576835031687,7.109625989163354,11.243187188889557,4.148498338415013,0.44295948144240693,11.965900275243232
21,direct,G1,14584,14584,0,0,3,true,true,19.197145652292043,24.358790596557306,22.78159809112549,7.107737094212673,11.230499466491388,4.134328079223632,0.44107058649172615,11.94862650888707
21,direct,G1,14584,14584,0,0,3,true,true,19.197145652292043,24.362395286560055,22.79111560020048,7.109005777769693,11.234104156494137,4.143845588298625,0.4423392700487456,11.95571629568001
21,direct,G1,14609,14609,0,0,3,true,true,19.197145652292043,24.371478318955475,22.79576835031687,7.109625989163354,11.243187188889557,4.148498338415013,0.44295948144240693,11.965900275243232
21,direct,G1,14609,14609,0,0,3,true,true,19.197145652292043,24.5284486354434,22.855934745523605,7.117646167098828,11.400157505377482,4.208664733621749,0.45097965937788054,12.133853796485372
21,direct,G1,14610,14610,0,0,3,true,true,19.197145652292043,24.5284486354434,22.855934745523605,7.117646167098829,11.400157505377482,4.208664733621749,0.4509796593778814,12.133853796485372
21,direct,G1,14610,14610,0,0,3,true,true,19.197145652292043,24.926156044006348,23.115440412606127,7.152238261541489,11.79786491394043,4.46817040070427,0.4855717538205413,12.601932479142754
21,direct,G1,14638,14638,0,0,3,true,true,19.197145652292043,24.926156044006348,23.115440412606127,7.152238261541488,11.79786491394043,4.46817040070427,0.4855717538205404,12.601932479142754
21,direct,G1,14638,14638,0,0,3,true,true,19.197145652292043,25.02299822900773,23.115440412606127,7.152238261541488,11.894707098941812,4.46817040070427,0.4855717538205404,12.69080084820102
21,direct,G1,14639,14639,0,0,3,true,true,19.197145652292043,25.02299822900773,23.115440412606127,7.152238261541488,11.894707098941812,4.46817040070427,0.4855717538205404,12.69080084820102
21,direct,G1,14639,14639,0,0,3,true,true,19.197145652292043,25.46955703129624,23.115440412606127,7.152238261541488,12.341265901230322,4.46817040070427,0.4855717538205404,13.10059078063001
21,direct,G1,13660,13660,0,0,4,false,true,3.88483746749003,13.128291130065918,17.597270965576172,6.666666507720947,0,-1.0499990463256843,0,0
21,direct,G1,13660,13660,0,0,4,false,true,3.88483746749003,13.128291130065918,17.597270965576172,6.666666507720947,0,-1.0499990463256843,0,0
21,direct,G1,13663,13663,0,0,4,true,true,3.88483746749003,13.288572975563959,17.66893803683283,6.458766274059375,0.1602818454980408,-0.9783319750690254,-0.2079002336615723,0
21,direct,G1,13663,13663,0,0,4,true,true,3.88483746749003,13.128291130065918,17.597270965576172,6.666666507720947,0,-1.0499990463256843,0,0
21,direct,G1,13662,13662,0,0,4,true,true,3.88483746749003,13.311589229242124,17.67922933019353,6.429206702819258,0.18329809917620565,-0.9680406817083274,-0.2374598049016896,0
21,direct,G1,13662,13662,0,0,4,true,true,3.88483746749003,13.288572975563959,17.66893803683283,6.458766274059375,0.1602818454980408,-0.9783319750690254,-0.2079002336615723,0
21,direct,G1,15306,15306,0,0,4,true,true,3.88483746749003,24.354333877563477,22.616788946638195,7.318671422163674,11.226042747497559,3.969518934736339,0.6520049144427267,11.879047784119965
21,direct,G1,15306,15306,0,0,4,true,true,3.88483746749003,24.354333877563477,22.616788946638195,7.200640678405762,11.226042747497559,3.969518934736339,0.5339741706848145,11.879047784119965
21,direct,G1,14586,14586,0,0,4,true,true,3.88483746749003,24.354333877563477,22.616788946638195,7.200640678405762,11.226042747497559,3.969518934736339,0.5339741706848145,11.879047784119965
21,direct,G1,14586,14586,0,0,4,true,true,3.88483746749003,24.355096676798738,22.61713001824851,7.184739567504768,11.22680554673282,3.9698600063466536,0.5180730597838208,11.879883304850015
21,direct,G1,15307,15307,0,0,4,true,true,3.88483746749003,24.354333877563477,22.616788946638195,7.335768042225436,11.226042747497559,3.969518934736339,0.6691015345044891,11.879047784119965
21,direct,G1,15307,15307,0,0,4,true,true,3.88483746749003,24.354333877563477,22.616788946638195,7.318671422163674,11.226042747497559,3.969518934736339,0.6520049144427267,11.879047784119965
21,direct,G1,15446,15446,0,0,4,true,true,3.88483746749003,25.529179322789307,23.142099420678072,7.26506350707879,12.40088819272339,4.494829408776216,0.5983969993578429,13.16589716560369
21,direct,G1,15446,15446,0,0,4,true,true,3.88483746749003,25.526080597122426,23.1407138826436,7.405607214028187,12.397789467056509,4.493443870741743,0.7389407063072397,13.162503022804723
21,direct,G1,13662,13662,0,0,5,true,true,3.88483746749003,13.312149012824799,17.679479627098857,6.428487777709962,0.18385788275888082,-0.9677903848029992,-0.23817873001098544,0
21,direct,G1,13662,13662,0,0,5,true,true,3.88483746749003,13.311589229242122,17.679229330193532,6.429206702819258,0.18329809917620388,-0.9680406817083238,-0.2374598049016896,0
21,direct,G1,13066,13066,0,0,5,true,true,3.88483746749003,13.312163242720148,17.67948598973413,6.4276257669627626,0.18387211265422998,-0.9677840221677272,-0.2390407407581847,0
21,direct,G1,13066,13066,0,0,5,true,true,3.88483746749003,13.312149012824799,17.679479627098857,6.428487777709961,0.18385788275888082,-0.9677903848029992,-0.23817873001098633,0
21,direct,G1,14586,14586,0,0,5,true,true,3.88483746749003,24.355096676798738,22.61713001824851,7.184739567504768,11.22680554673282,3.9698600063466536,0.5180730597838208,11.879883304850015
21,direct,G1,14586,14586,0,0,5,true,true,3.88483746749003,24.35982877254922,22.619245887592847,7.0860955523507405,11.231537642483303,3.9719758756909904,0.41942904462979325,11.885066535133094
21,direct,G1,14639,14639,0,0,5,true,true,3.88483746749003,25.46955703129624,23.115440412606127,7.152238261541488,12.341265901230322,4.46817040070427,0.4855717538205404,13.10059078063001
21,direct,G1,14639,14639,0,0,5,true,true,3.88483746749003,25.48991584777832,23.124543481933713,7.16838132229406,12.361624717712402,4.477273470031857,0.5017148145731127,13.122890505673986
21,direct,G1,14664,14664,0,0,5,true,true,3.88483746749003,25.48991584777832,23.124543481933713,7.16838132229406,12.361624717712402,4.477273470031857,0.5017148145731127,13.122890505673986
21,direct,G1,14664,14664,0,0,5,true,true,3.88483746749003,25.514870220957633,23.135701369686068,7.188168325267959,12.386579090891715,4.488431357784211,0.5215018175470121,13.150223904991835
21,direct,G1,14665,14665,0,0,5,true,true,3.88483746749003,25.514870220957633,23.135701369686068,7.188168325267959,12.386579090891715,4.488431357784211,0.5215018175470121,13.150223904991835
21,direct,G1,14665,14665,0,0,5,true,true,3.88483746749003,25.53059972557414,23.14273452758789,7.200640678405761,12.402308595508224,4.4954645156860344,0.5339741706848136,13.167452982543317
21,direct,G1,15446,15446,0,0,5,true,true,3.88483746749003,25.53059972557414,23.14273452758789,7.200640678405762,12.402308595508224,4.4954645156860344,0.5339741706848145,13.167452982543317
21,direct,G1,15446,15446,0,0,5,true,true,3.88483746749003,25.529179322789307,23.142099420678072,7.265063507078791,12.40088819272339,4.494829408776216,0.5983969993578437,13.16589716560369
21,direct,G1,13717,13717,0,0,6,true,true,3.4364421867891752,13.128291130065918,19.697269439697266,6.666666507720947,0,1.0499994277954094,0,0.4172303373271945
21,direct,G1,13717,13717,0,0,6,true,true,3.4364421867891752,13.173088766078713,19.71596044533066,6.609060403252044,0.044797636012795294,1.0686904334288023,-0.057606104468903574,0.46576651808359903
21,direct,G1,13715,13715,0,0,6,false,true,3.4364421867891752,13.128291130065918,19.697269439697266,6.666666507720947,0,1.0499994277954094,0,0.4172303373271945
21,direct,G1,13715,13715,0,0,6,false,true,3.4364421867891752,13.128291130065918,19.697269439697266,6.666666507720947,0,1.0499994277954094,0,0.4172303373271945
21,direct,G1,13716,13716,0,0,6,true,true,3.4364421867891752,13.173088766078713,19.71596044533066,6.609060403252044,0.044797636012795294,1.0686904334288023,-0.057606104468903574,0.46576651808359903
21,direct,G1,13716,13716,0,0,6,true,true,3.4364421867891752,13.31178786765333,19.773830143815132,6.430704676338946,0.18349673758741147,1.1265601319132763,-0.2359618313820011,0.616040623236239
21,direct,G1,13716,13716,0,0,7,true,true,3.4364421867891752,13.311787867653328,19.773830143815132,6.430704676338947,0.1834967375874097,1.1265601319132763,-0.23596183138200022,0.6160406232362374
21,direct,G1,13716,13716,0,0,7,true,true,3.4364421867891752,13.313124645846568,19.77438789040545,6.428985688662242,0.18483351578064955,1.1271178785035936,-0.23768081905870542,0.6174889610011982
21,direct,G1,13660,13660,0,0,8,false,true,0.2624998092651367,13.128291130065918,17.597270965576172,6.666666507720947,0,-1.0499990463256843,0,0
21,direct,G1,13660,13660,0,0,8,false,true,0.2624998092651367,13.128291130065918,17.597270965576172,6.666666507720947,0,-1.0499990463256843,0,0
21,direct,G1,13663,13663,0,0,8,false,true,0.2624998092651367,13.128291130065918,17.597270965576172,6.666666507720947,0,-1.0499990463256843,0,0
21,direct,G1,13663,13663,0,0,8,false,true,0.2624998092651367,13.128291130065918,17.597270965576172,6.666666507720947,0,-1.0499990463256843,0,0
21,direct,G1,13661,13661,0,0,9,false,true,0.2624998092651367,13.128291130065918,18.161029815673828,6.666666507720947,0,-0.48624019622802805,0,0
21,direct,G1,13661,13661,0,0,9,false,true,0.2624998092651367,13.128291130065918,18.161029815673828,6.666666507720947,0,-0.48624019622802805,0,0
21,direct,G1,13675,13675,0,0,9,false,true,0.2624998092651367,13.128291130065918,18.724790573120117,6.666666507720947,0,0.07752056121826101,0,0.030803759555181998
21,direct,G1,13675,13675,0,0,9,false,true,0.2624998092651367,13.128291130065918,18.724790573120117,6.666666507720947,0,0.07752056121826101,0,0.030803759555181998
21,direct,G1,13660,13660,0,0,9,false,true,0.2624998092651367,13.128291130065918,17.597270965576172,6.666666507720947,0,-1.0499990463256843,0,0
21,direct,G1,13660,13660,0,0,9,false,true,0.2624998092651367,13.128291130065918,18.161029815673828,6.666666507720947,0,-0.48624019622802805,0,0
21,direct,G1,13663,13663,0,0,9,false,true,0.2624998092651367,13.128291130065918,17.597270965576172,6.666666507720947,0,-1.0499990463256843,0,0
21,direct,G1,13663,13663,0,0,9,false,true,0.2624998092651367,13.128291130065918,18.161029815673828,6.666666507720947,0,-0.48624019622802805,0,0
21,direct,G1,13662,13662,0,0,9,false,true,0.2624998092651367,13.128291130065918,18.161029815673828,6.666666507720947,0,-0.48624019622802805,0,0
21,direct,G1,13662,13662,0,0,9,false,true,0.2624998092651367,13.128291130065918,18.161029815673825,6.666666507720947,0,-0.4862401962280316,0,0
21,direct,G1,13674,13674,0,0,9,false,true,0.2624998092651367,13.128291130065918,18.161029815673828,6.666666507720947,0,-0.48624019622802805,0,0
21,direct,G1,13674,13674,0,0,9,false,true,0.2624998092651367,13.128291130065918,18.724790573120117,6.666666507720947,0,0.07752056121826101,0,0.030803759555181998
21,direct,G1,13677,13677,0,0,9,false,true,0.2624998092651367,13.128291130065918,18.161029815673828,6.666666507720947,0,-0.48624019622802805,0,0
21,direct,G1,13677,13677,0,0,9,false,true,0.2624998092651367,13.128291130065918,18.724790573120117,6.666666507720947,0,0.07752056121826101,0,0.030803759555181998
21,direct,G1,13676,13676,0,0,9,false,true,0.2624998092651367,13.128291130065918,18.724790573120117,6.666666507720947,0,0.07752056121826101,0,0.030803759555181998
21,direct,G1,13676,13676,0,0,9,false,true,0.2624998092651367,13.128291130065918,18.724790573120117,6.666666507720947,0,0.07752056121826101,0,0.030803759555181998
21,direct,G1,13692,13692,0,0,9,false,true,0.2624998092651367,13.128291130065918,19.288551330566406,6.666666507720947,0,0.6412813186645501,0,0.2548211111598552
21,direct,G1,13692,13692,0,0,9,false,true,0.2624998092651367,13.128291130065918,19.288551330566406,6.666666507720947,0,0.6412813186645501,0,0.2548211111598552
21,direct,G1,13693,13693,0,0,9,false,true,0.2624998092651367,13.128291130065918,18.724790573120117,6.666666507720947,0,0.07752056121826101,0,0.030803759555181998
21,direct,G1,13693,13693,0,0,9,false,true,0.2624998092651367,13.128291130065918,19.288551330566406,6.666666507720947,0,0.6412813186645501,0,0.2548211111598552
21,direct,G1,13695,13695,0,0,9,false,true,0.2624998092651367,13.128291130065918,18.724790573120117,6.666666507720947,0,0.07752056121826101,0,0.030803759555181998
21,direct,G1,13695,13695,0,0,9,false,true,0.2624998092651367,13.128291130065918,19.288551330566406,6.666666507720947,0,0.6412813186645501,0,0.2548211111598552
21,direct,G1,13694,13694,0,0,9,false,true,0.2624998092651367,13.128291130065918,19.288551330566406,6.666666507720947,0,0.6412813186645501,0,0.2548211111598552
21,direct,G1,13694,13694,0,0,9,false,true,0.2624998092651367,13.128291130065918,19.288551330566406,6.666666507720947,0,0.6412813186645501,0,0.2548211111598552
21,direct,G1,13691,13691,0,0,9,false,true,0.2624998092651367,13.128291130065918,19.288551330566406,6.666666507720947,0,0.6412813186645501,0,0.2548211111598552
21,direct,G1,13691,13691,0,0,9,false,true,0.2624998092651367,13.128291130065918,19.288551330566406,6.666666507720947,0,0.6412813186645501,0,0.2548211111598552
21,direct,G1,13714,13714,0,0,9,false,true,0.2624998092651367,13.128291130065918,19.288551330566406,6.666666507720947,0,0.6412813186645501,0,0.2548211111598552
21,direct,G1,13714,13714,0,0,9,false,true,0.2624998092651367,13.128291130065918,19.288551330566406,6.666666507720947,0,0.6412813186645501,0,0.2548211111598552
21,direct,G1,13717,13717,0,0,9,false,true,0.2624998092651367,13.128291130065918,19.288551330566406,6.666666507720947,0,0.6412813186645501,0,0.2548211111598552
21,direct,G1,13717,13717,0,0,9,false,true,0.2624998092651367,13.128291130065918,19.697269439697266,6.666666507720947,0,1.0499994277954094,0,0.4172303373271945
21,direct,G1,13715,13715,0,0,9,false,true,0.2624998092651367,13.128291130065918,19.288551330566406,6.666666507720947,0,0.6412813186645501,0,0.2548211111598552
21,direct,G1,13715,13715,0,0,9,false,true,0.2624998092651367,13.128291130065918,19.697269439697266,6.666666507720947,0,1.0499994277954094,0,0.4172303373271945
21,direct,L1,17804,17804,0,0,0,false,true,26.69938066350512,38.499997979930725,30.28315633859563,8.357694491216579,5.6362864597758744e-8,-1.5000020200692745,-1.3463791326273622e-7,27.906309145760577
21,direct,L1,17804,17804,0,0,0,false,true,26.69938066350512,38.49999755047631,30.28315632661323,8.35769446259338,6.834526544707842e-8,-1.5000024495236914,-1.6326111307307656e-7,27.90630874690533
21,direct,L1,17807,17807,0,0,0,false,true,26.69938066350512,38.5,30.283157348632812,8.357694625854492,-9.5367431640625e-7,-1.5,0,27.906311400851727
21,direct,L1,17807,17807,0,0,0,false,true,26.69938066350512,38.5,30.283157348632812,8.357694625854492,-9.5367431640625e-7,-1.5,0,27.906311400851727
21,direct,L1,17227,17227,0,0,1,false,true,19.197145652292043,41.27122354507446,30.283156373451433,8.357694495862855,2.1507062797354592e-8,1.271223545074463,-1.299916370101073e-7,29.282803648385464
21,direct,L1,17227,17227,0,0,1,false,true,19.197145652292043,41.27122329469322,30.28315637143238,8.357694495593716,2.352611616629474e-8,1.2712232946932218,-1.302607763875585e-7,29.282803648385464
21,direct,L1,17132,17132,0,0,1,false,true,19.197145652292043,41.49999781902807,30.283156373451433,8.357694495862855,2.1507062797354592e-8,1.4999978190280672,-1.299916370101073e-7,29.282803648385464
21,direct,L1,17132,17132,0,0,1,false,true,19.197145652292043,41.27122354507446,30.283156373451433,8.357694495862855,2.1507062797354592e-8,1.271223545074463,-1.299916370101073e-7,29.282803648385464
21,direct,L1,17135,17135,0,0,1,false,true,19.197145652292043,41.27122354507446,30.283157348632812,8.357694625854492,-9.5367431640625e-7,1.271223545074463,0,29.282803648385464
21,direct,L1,17135,17135,0,0,1,false,true,19.197145652292043,41.5,30.283157348632812,8.357694625854492,-9.5367431640625e-7,1.5,0,29.282803648385464
21,direct,L1,17228,17228,0,0,1,false,true,19.197145652292043,41.27122245473039,30.283157348632812,8.357694625854492,-9.5367431640625e-7,1.2712224547303919,0,29.282803648385464
21,direct,L1,17228,17228,0,0,1,false,true,19.197145652292043,41.27122354507446,30.283157348632812,8.357694625854492,-9.5367431640625e-7,1.271223545074463,0,29.282803648385464
21,direct,L1,17411,17411,0,0,1,false,true,19.197145652292043,40.436312437057495,30.283156368410488,8.357694495190898,2.6548008236204623e-8,0.4363124370574951,-1.3066359372260195e-7,29.282803648385464
21,direct,L1,17411,17411,0,0,1,false,true,19.197145652292043,40.436312184900856,30.28315636450272,8.357694494669992,3.045577656735077e-8,0.43631218490085644,-1.3118449970761503e-7,29.282803648385464
21,direct,L1,17317,17317,0,0,1,false,true,19.197145652292043,40.85376787185669,30.28315637143238,8.357694495593716,2.352611616629474e-8,0.8537678718566895,-1.302607763875585e-7,29.282803648385464
21,direct,L1,17317,17317,0,0,1,false,true,19.197145652292043,40.85376762070131,30.283156368410488,8.357694495190898,2.6548008236204623e-8,0.8537676207013121,-1.3066359372260195e-7,29.282803648385464
21,direct,L1,17316,17316,0,0,1,false,true,19.197145652292043,40.85376762070131,30.283156368410488,8.357694495190898,2.6548008236204623e-8,0.8537676207013121,-1.3066359372260195e-7,29.282803648385464
21,direct,L1,17316,17316,0,0,1,false,true,19.197145652292043,40.436312437057495,30.283156368410488,8.357694495190898,2.6548008236204623e-8,0.4363124370574951,-1.3066359372260195e-7,29.282803648385464
21,direct,L1,17226,17226,0,0,1,false,true,19.197145652292043,41.27122329469322,30.283156371432383,8.357694495593716,2.3526112613581063e-8,1.2712232946932218,-1.302607763875585e-7,29.282803648385464
21,direct,L1,17226,17226,0,0,1,false,true,19.197145652292043,40.85376787185669,30.283156371432383,8.357694495593716,2.3526112613581063e-8,0.8537678718566895,-1.302607763875585e-7,29.282803648385464
21,direct,L1,17229,17229,0,0,1,false,true,19.197145652292043,40.85376787185669,30.283157348632812,8.357694625854492,-9.5367431640625e-7,0.8537678718566895,0,29.282803648385464
21,direct,L1,17229,17229,0,0,1,false,true,19.197145652292043,41.27122245473039,30.283157348632812,8.357694625854492,-9.5367431640625e-7,1.2712224547303919,0,29.282803648385464
21,direct,L1,17319,17319,0,0,1,false,true,19.197145652292043,40.436312437057495,30.283157348632812,8.357694625854492,-9.5367431640625e-7,0.4363124370574951,0,29.282803648385464
21,direct,L1,17319,17319,0,0,1,false,true,19.197145652292043,40.853766781513244,30.283157348632812,8.357694625854492,-9.5367431640625e-7,0.8537667815132437,0,29.282803648385464
21,direct,L1,17318,17318,0,0,1,false,true,19.197145652292043,40.853766781513244,30.283157348632812,8.357694625854492,-9.5367431640625e-7,0.8537667815132437,0,29.282803648385464
21,direct,L1,17318,17318,0,0,1,false,true,19.197145652292043,40.85376787185669,30.283157348632812,8.357694625854492,-9.5367431640625e-7,0.8537678718566895,0,29.282803648385464
21,direct,L1,17509,17509,0,0,1,false,true,19.197145652292043,40.0188570022583,30.28315636450272,8.357694494669992,3.045577656735077e-8,0.01885700225830078,-1.3118449970761503e-7,29.282803648385464
21,direct,L1,17509,17509,0,0,1,false,true,19.197145652292043,40.01885674886725,30.283156359655624,8.357694494023875,3.530287173703073e-8,0.018856748867250417,-1.3183061753352376e-7,29.282803648385464
21,direct,L1,17508,17508,0,0,1,false,true,19.197145652292043,40.01885674886725,30.283156359655624,8.357694494023875,3.530287173703073e-8,0.018856748867250417,-1.3183061753352376e-7,29.282803648385464
21,direct,L1,17508,17508,0,0,1,false,true,19.197145652292043,39.60141396522522,30.283156359655624,8.357694494023875,3.530287173703073e-8,-0.3985860347747803,-1.3183061753352376e-7,28.917036475765016
21,direct,L1,17410,17410,0,0,1,false,true,19.197145652292043,40.436312184900856,30.28315636450272,8.357694494669992,3.045577656735077e-8,0.43631218490085644,-1.3118449970761503e-7,29.282803648385464
21,direct,L1,17410,17410,0,0,1,false,true,19.197145652292043,40.0188570022583,30.28315636450272,8.357694494669992,3.045577656735077e-8,0.01885700225830078,-1.3118449970761503e-7,29.282803648385464
21,direct,L1,17413,17413,0,0,1,false,true,19.197145652292043,40.0188570022583,30.283157348632812,8.357694625854492,-9.5367431640625e-7,0.01885700225830078,0,29.282803648385464
21,direct,L1,17413,17413,0,0,1,false,true,19.197145652292043,40.43631134671405,30.283157348632812,8.357694625854492,-9.5367431640625e-7,0.43631134671404936,0,29.282803648385464
21,direct,L1,17511,17511,0,0,1,false,true,19.197145652292043,39.60141396522522,30.283157348632812,8.357694625854492,-9.5367431640625e-7,-0.3985860347747803,0,28.917036868747413
21,direct,L1,17511,17511,0,0,1,false,true,19.197145652292043,40.018855911947234,30.283157348632812,8.357694625854492,-9.5367431640625e-7,0.01885591194723446,0,29.282803648385464
21,direct,L1,17412,17412,0,0,1,false,true,19.197145652292043,40.43631134671405,30.283157348632812,8.357694625854492,-9.5367431640625e-7,0.43631134671404936,0,29.282803648385464
21,direct,L1,17412,17412,0,0,1,false,true,19.197145652292043,40.436312437057495,30.283157348632812,8.357694625854492,-9.5367431640625e-7,0.4363124370574951,0,29.282803648385464
21,direct,L1,17510,17510,0,0,1,false,true,19.197145652292043,40.018855911947234,30.283157348632812,8.357694625854492,-9.5367431640625e-7,0.01885591194723446,0,29.282803648385464
21,direct,L1,17510,17510,0,0,1,false,true,19.197145652292043,40.0188570022583,30.283157348632812,8.357694625854492,-9.5367431640625e-7,0.01885700225830078,0,29.282803648385464
21,direct,L1,17707,17707,0,0,1,false,true,19.197145652292043,39.183958411216736,30.283156353202408,8.357694493163661,4.1756088364763855e-8,-0.8160415887832642,-1.326908307675012e-7,28.533953478547964
21,direct,L1,17707,17707,0,0,1,false,true,19.197145652292043,39.18395815389831,30.283156344357028,8.357694491984573,5.060146790469844e-8,-0.8160418461016903,-1.3386991959407624e-7,28.53395323890187
21,direct,L1,17609,17609,0,0,1,false,true,19.197145652292043,39.60141396522522,30.283156359655624,8.357694494023875,3.530287173703073e-8,-0.3985860347747803,-1.3183061753352376e-7,28.917036475765016
21,direct,L1,17609,17609,0,0,1,false,true,19.197145652292043,39.60141371017311,30.283156353202408,8.357694493163661,4.1756088364763855e-8,-0.3985862898268877,-1.326908307675012e-7,28.91703623914919
21,direct,L1,17706,17706,0,0,1,false,true,19.197145652292043,39.18395815389831,30.28315634435703,8.357694491984573,5.060146435198476e-8,-0.8160418461016903,-1.3386991959407624e-7,28.53395323890187
21,direct,L1,17706,17706,0,0,1,false,true,19.197145652292043,38.76650297641754,30.28315634435703,8.357694491984573,5.060146435198476e-8,-1.2334970235824585,-1.3386991959407624e-7,28.150870589774165
21,direct,L1,17608,17608,0,0,1,false,true,19.197145652292043,39.60141371017311,30.283156353202408,8.357694493163661,4.1756088364763855e-8,-0.3985862898268877,-1.326908307675012e-7,28.91703623914919
21,direct,L1,17608,17608,0,0,1,false,true,19.197145652292043,39.183958411216736,30.283156353202408,8.357694493163661,4.1756088364763855e-8,-0.8160415887832642,-1.326908307675012e-7,28.533953478547964
21,direct,L1,17611,17611,0,0,1,false,true,19.197145652292043,39.183958411216736,30.283157348632812,8.357694625854492,-9.5367431640625e-7,-0.8160415887832642,0,28.533953874094625
21,direct,L1,17611,17611,0,0,1,false,true,19.197145652292043,39.60141287488146,30.283157348632812,8.357694625854492,-9.5367431640625e-7,-0.39858712511853867,0,28.917035868180648
21,direct,L1,17709,17709,0,0,1,false,true,19.197145652292043,38.76650297641754,30.283157348632812,8.357694625854492,-9.5367431640625e-7,-1.2334970235824585,0,28.150870988835646
21,direct,L1,17709,17709,0,0,1,false,true,19.197145652292043,39.18395732087329,30.283157348632812,8.357694625854492,-9.5367431640625e-7,-0.8160426791267099,0,28.53395287352815
21,direct,L1,17610,17610,0,0,1,false,true,19.197145652292043,39.60141287488146,30.283157348632812,8.357694625854492,-9.5367431640625e-7,-0.39858712511853867,0,28.917035868180648
21,direct,L1,17610,17610,0,0,1,false,true,19.197145652292043,39.60141396522522,30.283157348632812,8.357694625854492,-9.5367431640625e-7,-0.3985860347747803,0,28.917036868747413
21,direct,L1,17708,17708,0,0,1,false,true,19.197145652292043,39.18395732087329,30.283157348632812,8.357694625854492,-9.5367431640625e-7,-0.8160426791267099,0,28.53395287352815
21,direct,L1,17708,17708,0,0,1,false,true,19.197145652292043,39.183958411216736,30.283157348632812,8.357694625854492,-9.5367431640625e-7,-0.8160415887832642,0,28.533953874094625
21,direct,L1,17805,17805,0,0,1,false,true,19.197145652292043,38.76650297641754,30.283156344357028,8.357694491984573,5.060146790469844e-8,-1.2334970235824585,-1.3386991959407624e-7,28.150870589774165
21,direct,L1,17805,17805,0,0,1,false,true,19.197145652292043,38.76650271762284,30.283156338595635,8.357694491216579,5.6362861045045065e-8,-1.233497282377158,-1.3463791326273622e-7,28.15087034999881
21,direct,L1,17804,17804,0,0,1,false,true,19.197145652292043,38.76650271762284,30.28315633859563,8.357694491216579,5.6362864597758744e-8,-1.233497282377158,-1.3463791326273622e-7,28.150870349998808
21,direct,L1,17804,17804,0,0,1,false,true,19.197145652292043,38.49999797993073,30.28315633859563,8.357694491216579,5.6362864597758744e-8,-1.5000020200692674,-1.3463791326273622e-7,27.906309145760588
21,direct,L1,17806,17806,0,0,1,false,true,19.197145652292043,38.76650188607378,30.283157348632812,8.357694625854492,-9.5367431640625e-7,-1.2334981139262169,0,28.15086998826888
21,direct,L1,17806,17806,0,0,1,false,true,19.197145652292043,38.76650297641754,30.283157348632812,8.357694625854492,-9.5367431640625e-7,-1.2334970235824585,0,28.150870988835646
21,direct,L1,17807,17807,0,0,1,false,true,19.197145652292043,38.5,30.283157348632812,8.357694625854492,-9.5367431640625e-7,-1.5,0,27.906311400851727
21,direct,L1,17807,17807,0,0,1,false,true,19.197145652292043,38.76650188607378,30.283157348632812,8.357694625854492,-9.5367431640625e-7,-1.2334981139262169,0,28.15086998826888
21,direct,L1,15285,15285,0,0,2,true,true,26.69938066350512,38.21985941009045,30.166273740251206,8.08902321444125,0.11688265470728965,-1.78014058990955,-0.26867141141324247,27.60279194046832
21,direct,L1,15285,15285,0,0,2,true,true,26.69938066350512,38.27201468471166,30.169164403909228,8.092499371145774,0.11399199104926794,-1.7279853152883433,-0.2651952547087184,27.651801482272496
21,direct,L1,15254,15254,0,0,3,true,true,19.197145652292043,41.227240489530885,30.241501577492397,8.10214191332389,0.04165481746609956,1.2272404895308853,-0.2555527125306014,29.282803648385464
21,direct,L1,15254,15254,0,0,3,true,true,19.197145652292043,41.27122354507446,30.244441363520522,8.10253378667706,0.038715031437973835,1.271223545074463,-0.2551608391774316,29.282803648385464
21,direct,L1,15225,15225,0,0,3,false,true,19.197145652292043,41.27122354507446,30.244441363520522,8.10253378667706,0.038715031437973835,1.271223545074463,-0.2551608391774316,29.282803648385464
21,direct,L1,15225,15225,0,0,3,false,true,19.197145652292043,41.415413868761135,30.245336220007893,8.102653071008966,0.0378201749506033,1.415413868761135,-0.25504155484552626,29.282803648385464
21,direct,L1,15264,15264,0,0,3,true,true,19.197145652292043,40.390011439562436,30.2263310404515,8.100119681378192,0.05682535450699433,0.39001143956243567,-0.2575749444762998,29.282803648385464
21,direct,L1,15264,15264,0,0,3,true,true,19.197145652292043,40.436312437057495,30.23023723762977,8.100640377296788,0.052919157328727096,0.4363124370574951,-0.2570542485577043,29.282803648385464
21,direct,L1,15258,15258,0,0,3,true,true,19.197145652292043,40.80875216845238,30.234742981179295,8.101240992721303,0.048413413779201164,0.8087521684523793,-0.25645363313318903,29.282803648385464
21,direct,L1,15258,15258,0,0,3,true,true,19.197145652292043,40.85376787185669,30.238500301742686,8.101741843393436,0.04465609321580999,0.8537678718566895,-0.25595278246105657,29.282803648385464
21,direct,L1,15259,15259,0,0,3,true,true,19.197145652292043,40.436312437057495,30.230237237629765,8.100640377296786,0.05291915732873065,0.4363124370574951,-0.2570542485577061,29.282803648385464
21,direct,L1,15259,15259,0,0,3,true,true,19.197145652292043,40.80875216845238,30.234742981179288,8.101240992721303,0.04841341377920827,0.8087521684523793,-0.25645363313318903,29.282803648385464
21,direct,L1,15255,15255,0,0,3,true,true,19.197145652292043,40.85376787185669,30.238500301742686,8.101741843393436,0.04465609321580999,0.8537678718566895,-0.25595278246105657,29.282803648385464
21,direct,L1,15255,15255,0,0,3,true,true,19.197145652292043,41.227240489530885,30.241501577492397,8.102141913323893,0.04165481746609956,1.2272404895308853,-0.25555271253059963,29.282803648385464
21,direct,L1,15268,15268,0,0,3,true,true,19.197145652292043,39.971083721253635,30.21668601302481,8.098833999630285,0.06647038193368715,-0.028916278746365265,-0.258860626224207,29.229855452075086
21,direct,L1,15268,15268,0,0,3,true,true,19.197145652292043,40.0188570022583,30.220504140168046,8.099342955816937,0.06265225479045,0.01885700225830078,-0.25835167003755544,29.275212345100147
21,direct,L1,15269,15269,0,0,3,true,true,19.197145652292043,39.60141396522522,30.209484196204443,8.097873997752831,0.0736721987540534,-0.3985860347747803,-0.25982062810166084,28.88776192494655
21,direct,L1,15269,15269,0,0,3,true,true,19.197145652292043,39.971083721253635,30.21668601302481,8.098833999630285,0.06647038193368715,-0.028916278746365265,-0.258860626224207,29.229855452075086
21,direct,L1,15265,15265,0,0,3,true,true,19.197145652292043,40.0188570022583,30.220504140168046,8.099342955816937,0.06265225479045,0.01885700225830078,-0.25835167003755544,29.275212345100147
21,direct,L1,15265,15265,0,0,3,true,true,19.197145652292043,40.390011439562436,30.2263310404515,8.10011968137819,0.05682535450699433,0.39001143956243567,-0.2575749444763016,29.282803648385464
21,direct,L1,15276,15276,0,0,3,true,true,19.197145652292043,39.13269659208658,30.19386365586144,8.095791780386,0.0892927390970577,-0.8673034079134183,-0.26190284546849263,28.45143090352677
21,direct,L1,15276,15276,0,0,3,true,true,19.197145652292043,39.183958411216736,30.196420591341766,8.096132619777347,0.08673580361672961,-0.8160415887832642,-0.2615620060771455,28.499487944356744
21,direct,L1,15272,15272,0,0,3,true,true,19.197145652292043,39.551995052148655,30.205925125148372,8.097399573731638,0.07723126981012385,-0.44800494785134504,-0.26029505212285464,28.84099783747246
21,direct,L1,15272,15272,0,0,3,true,true,19.197145652292043,39.60141396522522,30.209484196204446,8.097873997752831,0.07367219875404984,-0.3985860347747803,-0.25982062810166084,28.88776192494655
21,direct,L1,15277,15277,0,0,3,true,true,19.197145652292043,38.76650297641754,30.181069192331254,8.094086278938748,0.10208720262724214,-1.2334970235824585,-0.26360834691574375,28.11030498969006
21,direct,L1,15277,15277,0,0,3,true,true,19.197145652292043,39.13269659208658,30.193863655861435,8.095791780386,0.08929273909706126,-0.8673034079134183,-0.26190284546849263,28.45143090352677
21,direct,L1,15273,15273,0,0,3,true,true,19.197145652292043,39.183958411216736,30.196420591341763,8.096132619777345,0.08673580361673316,-0.8160415887832642,-0.2615620060771473,28.499487944356744
21,direct,L1,15273,15273,0,0,3,true,true,19.197145652292043,39.551995052148655,30.205925125148372,8.09739957373164,0.07723126981012385,-0.44800494785134504,-0.26029505212285287,28.84099783747246
21,direct,L1,15284,15284,0,0,3,true,true,19.197145652292043,38.29410725087294,30.1697790449756,8.092581302773914,0.11337734998289761,-1.7058927491270595,-0.26511332308057867,27.672319220495403
21,direct,L1,15284,15284,0,0,3,true,true,19.197145652292043,38.34904742240906,30.171431481610803,8.092801572507474,0.11172491334769319,-1.6509525775909424,-0.2648930533470182,27.723392330764604
21,direct,L1,15280,15280,0,0,3,true,true,19.197145652292043,38.713062043120594,30.179601977565234,8.093890699272514,0.1035544173932621,-1.286937956879406,-0.2638039265819785,28.060681273222933
21,direct,L1,15280,15280,0,0,3,true,true,19.197145652292043,38.76650297641754,30.181069192331254,8.094086278938748,0.10208720262724214,-1.2334970235824585,-0.26360834691574375,28.11030498969006
21,direct,L1,15281,15281,0,0,3,true,true,19.197145652292043,38.34904742240906,30.1714314816108,8.092801572507474,0.11172491334769674,-1.6509525775909424,-0.2648930533470182,27.7233923307646
21,direct,L1,15281,15281,0,0,3,true,true,19.197145652292043,38.713062043120594,30.17960197756523,8.093890699272514,0.10355441739326565,-1.286937956879406,-0.2638039265819785,28.060681273222933
21,direct,L1,15285,15285,0,0,3,true,true,19.197145652292043,38.27201468471165,30.169164403909228,8.092499371145772,0.11399199104926794,-1.7279853152883504,-0.2651952547087202,27.65180148227249
21,direct,L1,15285,15285,0,0,3,true,true,19.197145652292043,38.29410725087294,30.169779044975595,8.092581302773914,0.11337734998290117,-1.7058927491270595,-0.26511332308057867,27.672319220495403
21,direct,L1,17132,17132,0,0,4,false,true,3.88483746749003,41.4999978117323,30.283156370189268,8.35769447614588,2.476922844607543e-8,1.4999978117322996,-1.4970861172969308e-7,29.282803648385464
21,direct,L1,17132,17132,0,0,4,false,true,3.88483746749003,41.49999781902806,30.283156373451433,8.357694495862857,2.1507062797354592e-8,1.49999781902806,-1.2999163523375046e-7,29.282803648385464
21,direct,L1,17135,17135,0,0,4,false,true,3.88483746749003,41.5,30.283157348632812,8.357694625854492,-9.5367431640625e-7,1.5,0,29.282803648385464
21,direct,L1,17135,17135,0,0,4,false,true,3.88483746749003,41.5,30.283157348632812,8.357694625854492,-9.5367431640625e-7,1.5,0,29.282803648385464
21,direct,L1,15225,15225,0,0,5,false,true,3.88483746749003,41.415413868761135,30.245336220007893,8.102653071008966,0.0378201749506033,1.415413868761135,-0.25504155484552626,29.282803648385464
21,direct,L1,15225,15225,0,0,5,false,true,3.88483746749003,41.42170375302925,30.248148625758763,8.14051342010498,0.035007769199733474,1.4217037530292487,-0.21718120574951172,29.282803648385464
21,direct,L1,17133,17133,0,0,5,false,true,3.88483746749003,41.42170375302924,30.248148625758763,8.14051342010498,0.035007769199733474,1.4217037530292416,-0.21718120574951172,29.282803648385464
21,direct,L1,17133,17133,0,0,5,false,true,3.88483746749003,41.45501795304341,30.263044455906307,8.23613530762385,0.020111939052188887,1.4550179530434093,-0.12155931823064137,29.282803648385464
21,direct,L1,17132,17132,0,0,5,false,true,3.88483746749003,41.45501795304341,30.263044455906307,8.23613530762385,0.020111939052188887,1.4550179530434093,-0.12155931823064137,29.282803648385464
21,direct,L1,17132,17132,0,0,5,false,true,3.88483746749003,41.4999978117323,30.28315637018927,8.35769447614588,2.4769224893361752e-8,1.4999978117322996,-1.4970861172969308e-7,29.282803648385464
21,direct,L1,17135,17135,0,0,5,false,true,3.88483746749003,41.5,30.283157348632812,8.357694625854492,-9.5367431640625e-7,1.5,0,29.282803648385464
21,direct,L1,17135,17135,0,0,5,false,true,3.88483746749003,41.5,30.283157348632812,8.357694625854492,-9.5367431640625e-7,1.5,0,29.282803648385464
21,direct,L1,17804,17804,0,0,6,false,true,3.4364421867891752,38.49999755047631,30.28315632661323,8.35769446259338,6.834526544707842e-8,-1.5000024495236914,-1.6326111307307656e-7,27.90630874690533
21,direct,L1,17804,17804,0,0,6,false,true,3.4364421867891752,38.499997524245906,30.283156315669068,8.357694436450291,7.928942835633279e-8,-1.5000024757540942,-1.894042007677399e-7,27.906308718485896
21,direct,L1,17807,17807,0,0,6,false,true,3.4364421867891752,38.5,30.283157348632812,8.357694625854492,-9.5367431640625e-7,-1.5,0,27.906311400851727
21,direct,L1,17807,17807,0,0,6,false,true,3.4364421867891752,38.5,30.283157348632812,8.357694625854492,-9.5367431640625e-7,-1.5,0,27.906311400851727
21,direct,L1,17903,17903,0,0,7,true,true,3.4364421867891752,38.34904742240906,30.22017510829045,8.207246817158744,0.06298128666804459,-1.6509525775909424,-0.15044780869574836,27.74276121732181
21,direct,L1,17903,17903,0,0,7,true,true,3.4364421867891752,38.277605876704406,30.190367411901235,8.140513420104982,0.09278898305726102,-1.7223941232955937,-0.21718120574950994,27.66535758435226
21,direct,L1,17804,17804,0,0,7,true,true,3.4364421867891752,38.4999975242459,30.283156315669068,8.357694436450288,7.928942835633279e-8,-1.5000024757541013,-1.8940420432045357e-7,27.90630871848589
21,direct,L1,17804,17804,0,0,7,true,true,3.4364421867891752,38.34904742240906,30.22017510829045,8.207246817158746,0.06298128666804459,-1.6509525775909424,-0.1504478086957466,27.74276121732181
21,direct,L1,15285,15285,0,0,7,true,true,3.4364421867891752,38.277605876704406,30.190367411901235,8.140513420104982,0.09278898305726102,-1.7223941232955937,-0.21718120574950994,27.66535758435226
21,direct,L1,15285,15285,0,0,7,true,true,3.4364421867891752,38.21985941009046,30.166273740251206,8.08902321444125,0.11688265470728965,-1.7801405899095428,-0.26867141141324247,27.602791940468332
21,direct,L1,17807,17807,0,0,7,false,true,3.4364421867891752,38.5,30.283157348632812,8.357694625854492,-9.5367431640625e-7,-1.5,0,27.906311400851727
21,direct,L1,17807,17807,0,0,7,false,true,3.4364421867891752,38.5,30.283157348632812,8.357694625854492,-9.5367431640625e-7,-1.5,0,27.906311400851727
21,direct,L1,17135,17135,0,0,10,false,true,0.375,41.5,30.283157348632812,8.357694625854492,-9.5367431640625e-7,1.5,0,29.282803648385464
21,direct,L1,17135,17135,0,0,10,false,true,0.375,41.27122354507446,30.283157348632812,8.357694625854492,-9.5367431640625e-7,1.271223545074463,0,29.282803648385464
21,direct,L1,17228,17228,0,0,10,false,true,0.375,41.27122354507446,30.283157348632812,8.357694625854492,-9.5367431640625e-7,1.271223545074463,0,29.282803648385464
21,direct,L1,17228,17228,0,0,10,false,true,0.375,41.27122245473039,30.283157348632812,8.357694625854492,-9.5367431640625e-7,1.2712224547303919,0,29.282803648385464
21,direct,L1,17229,17229,0,0,10,false,true,0.375,41.27122245473039,30.283157348632812,8.357694625854492,-9.5367431640625e-7,1.2712224547303919,0,29.282803648385464
21,direct,L1,17229,17229,0,0,10,false,true,0.375,40.85376787185669,30.283157348632812,8.357694625854492,-9.5367431640625e-7,0.8537678718566895,0,29.282803648385464
21,direct,L1,17319,17319,0,0,10,false,true,0.375,40.853766781513244,30.283157348632812,8.357694625854492,-9.5367431640625e-7,0.8537667815132437,0,29.282803648385464
21,direct,L1,17319,17319,0,0,10,false,true,0.375,40.436312437057495,30.283157348632812,8.357694625854492,-9.5367431640625e-7,0.4363124370574951,0,29.282803648385464
21,direct,L1,17318,17318,0,0,10,false,true,0.375,40.85376787185669,30.283157348632812,8.357694625854492,-9.5367431640625e-7,0.8537678718566895,0,29.282803648385464
21,direct,L1,17318,17318,0,0,10,false,true,0.375,40.853766781513244,30.283157348632812,8.357694625854492,-9.5367431640625e-7,0.8537667815132437,0,29.282803648385464
21,direct,L1,17413,17413,0,0,10,false,true,0.375,40.43631134671405,30.283157348632812,8.357694625854492,-9.5367431640625e-7,0.43631134671404936,0,29.282803648385464
21,direct,L1,17413,17413,0,0,10,false,true,0.375,40.0188570022583,30.283157348632812,8.357694625854492,-9.5367431640625e-7,0.01885700225830078,0,29.282803648385464
21,direct,L1,17511,17511,0,0,10,false,true,0.375,40.018855911947234,30.283157348632812,8.357694625854492,-9.5367431640625e-7,0.01885591194723446,0,29.282803648385464
21,direct,L1,17511,17511,0,0,10,false,true,0.375,39.60141396522522,30.283157348632812,8.357694625854492,-9.5367431640625e-7,-0.3985860347747803,0,28.917036868747413
21,direct,L1,17412,17412,0,0,10,false,true,0.375,40.436312437057495,30.283157348632812,8.357694625854492,-9.5367431640625e-7,0.4363124370574951,0,29.282803648385464
21,direct,L1,17412,17412,0,0,10,false,true,0.375,40.43631134671405,30.283157348632812,8.357694625854492,-9.5367431640625e-7,0.43631134671404936,0,29.282803648385464
21,direct,L1,17510,17510,0,0,10,false,true,0.375,40.0188570022583,30.283157348632812,8.357694625854492,-9.5367431640625e-7,0.01885700225830078,0,29.282803648385464
21,direct,L1,17510,17510,0,0,10,false,true,0.375,40.018855911947234,30.283157348632812,8.357694625854492,-9.5367431640625e-7,0.01885591194723446,0,29.282803648385464
21,direct,L1,17611,17611,0,0,10,false,true,0.375,39.60141287488146,30.283157348632812,8.357694625854492,-9.5367431640625e-7,-0.39858712511853867,0,28.917035868180648
21,direct,L1,17611,17611,0,0,10,false,true,0.375,39.183958411216736,30.283157348632812,8.357694625854492,-9.5367431640625e-7,-0.8160415887832642,0,28.533953874094625
21,direct,L1,17709,17709,0,0,10,false,true,0.375,39.18395732087329,30.283157348632812,8.357694625854492,-9.5367431640625e-7,-0.8160426791267099,0,28.53395287352815
21,direct,L1,17709,17709,0,0,10,false,true,0.375,38.76650297641754,30.283157348632812,8.357694625854492,-9.5367431640625e-7,-1.2334970235824585,0,28.150870988835646
21,direct,L1,17610,17610,0,0,10,false,true,0.375,39.60141396522522,30.283157348632812,8.357694625854492,-9.5367431640625e-7,-0.3985860347747803,0,28.917036868747413
21,direct,L1,17610,17610,0,0,10,false,true,0.375,39.60141287488146,30.283157348632812,8.357694625854492,-9.5367431640625e-7,-0.39858712511853867,0,28.917035868180648
21,direct,L1,17708,17708,0,0,10,false,true,0.375,39.183958411216736,30.283157348632812,8.357694625854492,-9.5367431640625e-7,-0.8160415887832642,0,28.533953874094625
21,direct,L1,17708,17708,0,0,10,false,true,0.375,39.18395732087329,30.283157348632812,8.357694625854492,-9.5367431640625e-7,-0.8160426791267099,0,28.53395287352815
21,direct,L1,17806,17806,0,0,10,false,true,0.375,38.76650297641754,30.283157348632812,8.357694625854492,-9.5367431640625e-7,-1.2334970235824585,0,28.150870988835646
21,direct,L1,17806,17806,0,0,10,false,true,0.375,38.76650188607378,30.283157348632812,8.357694625854492,-9.5367431640625e-7,-1.2334981139262169,0,28.15086998826888
21,direct,L1,17807,17807,0,0,10,false,true,0.375,38.76650188607378,30.283157348632812,8.357694625854492,-9.5367431640625e-7,-1.2334981139262169,0,28.15086998826888
21,direct,L1,17807,17807,0,0,10,false,true,0.375,38.5,30.283157348632812,8.357694625854492,-9.5367431640625e-7,-1.5,0,27.906311400851727
21,direct,L1,17135,17135,0,0,11,false,true,0.375,41.5,30.283157348632812,8.357694625854492,-9.5367431640625e-7,1.5,0,29.282803648385464
21,direct,L1,17135,17135,0,0,11,false,true,0.375,41.5,30.283157348632812,8.357694625854492,-9.5367431640625e-7,1.5,0,29.282803648385464
